movieId,imdbId,tmdbId,trailer_url
1,114709,862.0,https://youtu.be/CxwTLktovTU
2,113497,8844.0,https://youtu.be/veszTagaXik
3,113228,15602.0,https://youtu.be/rEnOoWs3FuA
4,114885,31357.0,https://youtu.be/j9xml1CxgXI
5,113041,11862.0,https://youtu.be/yCg8WNQwe0A
6,113277,949.0,https://youtu.be/14oNcFxiVaQ
7,114319,11860.0,https://youtu.be/twTksx_lWB4
8,112302,45325.0,https://youtu.be/-C-xXZyX2zU
9,114576,9091.0,https://youtu.be/tyq2TbL1OG8
10,113189,710.0,https://youtu.be/_PMD6YenOEg
11,112346,9087.0,https://youtu.be/5E3VG3LL1Mo
12,112896,12110.0,https://youtu.be/ctsxTvTQUZI
13,112453,21032.0,https://youtu.be/GKH3bVyBDsg
14,113987,10858.0,https://youtu.be/dO2LWKpeyI8
15,112760,1408.0,https://youtu.be/WFn7VVN3Wvk
16,112641,524.0,https://youtu.be/zFUKn_75m1o
17,114388,4584.0,https://youtu.be/2WGq2Rbs1Qg
18,113101,5.0,https://youtu.be/S_Pd2pGkq54
19,112281,9273.0,https://youtu.be/DfqPjRMsRP0
20,113845,11517.0,https://youtu.be/5Odo80-WFgM
21,113161,8012.0,https://youtu.be/fvBx0x9IJnk
22,112722,1710.0,https://youtu.be/7RaBcFSABEM
23,112401,9691.0,https://youtu.be/XCuD8Q_Y10Q
24,114168,12665.0,https://youtu.be/lGp4WXcVEno
25,113627,451.0,https://youtu.be/O4HrGa2-RLc
26,114057,16420.0,https://youtu.be/WIIjya_5Oro
27,114011,9263.0,https://youtu.be/RQLVzTtt2Ws
28,114117,17015.0,https://youtu.be/u4T5dl1isp8
29,112682,902.0,https://youtu.be/F-F3Fz6DadE
30,115012,37557.0,https://youtu.be/xgIHRczRE1Q
31,112792,9909.0,https://youtu.be/gA-5nLQCmW8
32,114746,63.0,https://youtu.be/Xwh1xBzsc1Q
34,112431,9598.0,https://youtu.be/tVxeoUtVF0o
36,112818,687.0,https://youtu.be/CB89rktO_Ws
38,113442,33689.0,https://youtu.be/yh1OH4NnLWQ
39,112697,9603.0,https://youtu.be/KeGqX4GVBZE
40,112749,34615.0,https://youtu.be/1nejmbo5c9A
41,114279,31174.0,https://youtu.be/BjftFyJE-NM
42,112819,11443.0,https://youtu.be/NEFBEBSEzzE
43,114272,35196.0,https://youtu.be/CvsAuHYBgEQ
44,113855,9312.0,https://youtu.be/gscqagF0_SE
45,114681,577.0,https://youtu.be/snYvuUvm1Ec
46,113347,11861.0,
47,114369,807.0,https://youtu.be/KPOuJGkpblk
48,114148,10530.0,https://youtu.be/mf0JmiI7NXY
49,114916,8391.0,https://youtu.be/D55Evh2HII0
50,114814,629.0,https://youtu.be/jM3jrHGAsIE
52,113819,11448.0,https://youtu.be/6hsIc9reo7k
53,110299,49133.0,https://youtu.be/3Fd6ZlgOFqs
54,112499,26441.0,https://youtu.be/KzkCfQaYE-E
55,113158,97406.0,https://youtu.be/LfM1kP34Dz8
57,113321,9089.0,
58,110877,11010.0,https://youtu.be/0or7hSz-7gc
60,113419,11359.0,https://youtu.be/kQVketPgcuE
61,116260,17182.0,https://youtu.be/jY56N6irNCk
62,113862,2054.0,https://youtu.be/1nsHT-9kFtE
63,116126,10607.0,https://youtu.be/bD2wZ6DqdjQ
64,118002,19760.0,https://youtu.be/Psql1jhaIiA
65,115683,9536.0,https://youtu.be/4xD1ujNkZXs
66,116839,11525.0,https://youtu.be/0U1vomY6kUg
68,113149,4482.0,
69,113118,10634.0,https://youtu.be/umvFBoLOOgo
70,116367,755.0,https://youtu.be/y-J9bBvO5dk
71,113010,11859.0,
72,113537,28387.0,https://youtu.be/g9ul_89gqI4
73,113828,48750.0,
74,115644,20927.0,https://youtu.be/GJ6-ymSjShg
75,115676,36929.0,https://youtu.be/WnnQd7lItOg
76,114367,9102.0,https://youtu.be/qrgAvr0TIr4
77,113973,124626.0,
78,112744,27526.0,https://youtu.be/kDdwRURSEzI
79,116731,9623.0,https://youtu.be/Awng-jZnkoY
80,112445,46785.0,
81,114660,400.0,https://youtu.be/i1o_PO3ridY
82,112379,880.0,https://youtu.be/3n1O-sKecdA
83,114039,146599.0,
85,112365,8447.0,
86,118158,10534.0,https://youtu.be/bQiKlj2qI5c
87,116151,17414.0,
88,115697,13997.0,https://youtu.be/BRgCb1QjOv4
89,113972,2086.0,https://youtu.be/PVT1iXco8bc
92,117002,9095.0,https://youtu.be/qgHHBYzgL-s
93,114825,12158.0,https://youtu.be/2qzFuLGeVGI
94,115639,9283.0,https://youtu.be/GKZMinpfljI
95,115759,9208.0,https://youtu.be/jybuWD1beXI
96,113403,40154.0,https://youtu.be/E1b5iSgd43I
97,113247,406.0,https://youtu.be/FKwcXt3JIaU
99,113283,63076.0,https://youtu.be/oA7M9qSJKrE
100,115907,11062.0,https://youtu.be/OlCO01s1upA
101,115734,13685.0,https://youtu.be/JJPQ-NnjZR0
102,117102,47475.0,https://youtu.be/CAECDKr2g5M
103,118040,2045.0,https://youtu.be/5RLDDt6Jpes
104,116483,9614.0,https://youtu.be/y1emDAYCfVQ
105,112579,688.0,https://youtu.be/ZoJJkAQV0Bg
106,110251,11907.0,
107,117110,10874.0,https://youtu.be/-37gsH0ideE
108,112646,89333.0,
110,112573,197.0,https://youtu.be/nMft5QDOHek
111,75314,103.0,https://youtu.be/zdqCqDSTVNI
112,113326,33542.0,https://youtu.be/8PT49TzAV7I
113,115645,43566.0,https://youtu.be/SAmbXIWzRYo
116,112373,51352.0,https://youtu.be/HFMnh-n7U7w
117,115033,16934.0,https://youtu.be/Xw6F07ChJzQ
118,116606,10324.0,
119,114536,78406.0,https://youtu.be/9uBpp-qIIp8
121,106473,32119.0,https://youtu.be/hynI6orlOOA
122,103859,11066.0,https://youtu.be/xCr5RlXidhg
123,109424,11104.0,https://youtu.be/P9Mxf_6pVA0
125,116324,2074.0,https://youtu.be/Pc6p72O4p44
126,110647,27793.0,https://youtu.be/XiiyFFZjq0Y
128,110217,290157.0,
129,114131,110972.0,https://youtu.be/dxLCt31D7fA
132,113451,11863.0,https://youtu.be/HoI305zziMU
135,116130,9101.0,https://youtu.be/lTyxmVou27w
137,113756,5757.0,
140,118055,9302.0,https://youtu.be/6Y28HLt-fEg
141,115685,11000.0,https://youtu.be/Y46JSmjcpeM
144,112585,16388.0,
145,112442,9737.0,https://youtu.be/OLYENHi4IIc
146,112342,30765.0,https://youtu.be/Uwnm9QAwhzE
147,112461,10474.0,
148,112427,22279.0,https://youtu.be/HPBkA3GuvcY
149,109093,30157.0,https://youtu.be/Cttob8f3Fhg
150,112384,568.0,https://youtu.be/B1KJ9XeZuxA
151,114287,11780.0,https://youtu.be/p76fH8_a32Y
152,112288,34996.0,https://youtu.be/pgydfbvmwr0
153,112462,414.0,https://youtu.be/suOgRZflPtk
154,61395,649.0,https://youtu.be/gC1lO7lqMuw
155,112495,1873.0,https://youtu.be/Ow_yBFgyUvQ
156,112541,5894.0,https://youtu.be/72ue1Jqy01E
157,109370,1775.0,https://youtu.be/kI5SEOdN7Fc
158,112642,8839.0,https://youtu.be/1RM2TV4vDUY
159,112688,20649.0,https://youtu.be/YsFUoioGePc
160,112715,10329.0,https://youtu.be/QpdbdpOqLuY
161,112740,8963.0,https://youtu.be/cc0Az3IJFOU
162,109508,26564.0,https://youtu.be/67uWAtFmjYI
163,112851,8068.0,https://youtu.be/G3_vC5kSU6A
164,112857,8512.0,https://youtu.be/7bWekMNDfT8
165,112864,1572.0,https://youtu.be/aRQetHOPpKA
166,112887,13552.0,https://youtu.be/PZM-vG8DcRc
168,113071,6520.0,https://youtu.be/zO1_r6slUlk
169,113114,9073.0,https://youtu.be/SFnK1abzS9E
170,113243,10428.0,https://youtu.be/vsjK7AVmsL8
171,113464,17447.0,https://youtu.be/xGQRgOJ2bV0
172,113481,9886.0,https://youtu.be/PDzjBr1c4qs
173,113492,9482.0,https://youtu.be/43-BefmjMFg
174,113500,19326.0,https://youtu.be/bdKOtQlUS6s
175,113540,9344.0,https://youtu.be/U9a5tZSKDOU
176,113677,9071.0,
177,113690,8973.0,https://youtu.be/U_czotvi8FQ
178,107447,15730.0,https://youtu.be/_1cjHboN8Mw
179,113729,47608.0,https://youtu.be/OS4XqN-LaO4
180,113749,2293.0,https://youtu.be/XpshU8YDYjw
181,113820,9070.0,https://youtu.be/Gb5MGWPAiGg
183,110604,48787.0,https://youtu.be/O70KkzyBXKs
184,110620,34574.0,
185,113957,1642.0,https://youtu.be/46qKHq7REI4
186,113986,11472.0,https://youtu.be/dVmOU8HPf_E
187,114095,36196.0,https://youtu.be/9y-TvmzQ8qA
188,114194,11980.0,https://youtu.be/okN79Z_uw9Y
189,114241,58372.0,
190,114323,32646.0,https://youtu.be/MP3kLKLaiTw
191,114345,10533.0,https://youtu.be/wzoFrXEdC74
193,114436,10802.0,https://youtu.be/wGvXwCU7i10
194,114478,10149.0,https://youtu.be/3v8r-ec4V2M
195,114496,18402.0,
196,114508,9348.0,https://youtu.be/ECe9Yqltw_w
198,114558,281.0,https://youtu.be/_DnLmuCcKRk
199,58450,5967.0,https://youtu.be/7H-fl3njp5s
201,114663,47939.0,https://youtu.be/hQR4_rT0qB4
202,114702,36834.0,https://youtu.be/8eZpsPixVuU
203,114682,9090.0,https://youtu.be/sH0zihZWIK0
204,114781,3512.0,https://youtu.be/LorQZ4TfbTQ
205,114798,52856.0,https://youtu.be/sth8EmI2y6g
206,114805,77350.0,https://youtu.be/qNmJKsGylaY
207,114887,9560.0,https://youtu.be/CCJLFg1nOao
208,114898,9804.0,https://youtu.be/r4LLyBCz9tw
209,114928,31611.0,https://youtu.be/1ezPwSoXdX0
210,114938,65796.0,https://youtu.be/vsLUneCKuO8
211,109340,49805.0,https://youtu.be/yhKQH-ZLtrM
212,112602,26258.0,https://youtu.be/ZkzvOmPOpYI
213,111579,50797.0,https://youtu.be/1gPzpr08hFk
214,110882,19155.0,https://youtu.be/wHBQ4VsQaic
215,112471,76.0,https://youtu.be/jGvcbSabADM
216,112508,11017.0,https://youtu.be/k3PUNBE9J0A
217,112438,37141.0,
218,112571,9382.0,https://youtu.be/zr7YfmdIDjU
219,112757,6715.0,https://youtu.be/AKq57Gr_i9E
220,112643,18256.0,https://youtu.be/L7a0100v14c
222,112679,22625.0,
223,109445,2292.0,https://youtu.be/f8yqQkABBjY
224,112883,1909.0,
225,109635,8984.0,https://youtu.be/_UtApAxpjJ0
227,109676,4954.0,https://youtu.be/nPShJKV8Xgg
228,112854,62488.0,https://youtu.be/4wNfb1lh7oE
229,109579,10531.0,https://youtu.be/MxR1pHaMpcY
230,109642,11929.0,https://youtu.be/AqPvXzess2I
231,109686,8467.0,https://youtu.be/OyJhN2Es7Cw
232,111797,10451.0,https://youtu.be/l7pKpO8NErU
233,109759,20156.0,https://youtu.be/mEhf9tAdT5I
234,109758,18395.0,https://youtu.be/Yxa7yLhYDg8
235,109707,522.0,https://youtu.be/xPyqcdjBf_U
236,113117,397.0,https://youtu.be/ZOY63ebD1b0
237,113097,10525.0,https://youtu.be/98Z2-q8rlZk
238,113028,27985.0,https://youtu.be/fHbI2fohgeI
239,113198,15789.0,https://youtu.be/_IY7_iCuINo
240,113303,27303.0,https://youtu.be/1jmKLl95NZ8
241,113089,21183.0,https://youtu.be/ozYFLnuBVFU
242,109771,10954.0,
243,113199,47867.0,https://youtu.be/RSTZl1bENrc
246,110057,14275.0,https://youtu.be/AglLHi4_0MM
247,110005,1024.0,https://youtu.be/_bIUDcnHDlg
248,110066,17207.0,https://youtu.be/ImjGBHRDW7c
249,110116,13701.0,https://youtu.be/e2ql5wODeMY
250,110006,14819.0,https://youtu.be/Soy3uGvZd9k
251,113360,32631.0,https://youtu.be/ZaQMk2id9fw
252,110099,11777.0,https://youtu.be/1lF2BkLl0yQ
253,110148,628.0,https://youtu.be/qVknmcJHGfA
254,113463,87729.0,https://youtu.be/oTpFci6HNgA
255,110189,18713.0,https://youtu.be/Jl7b3E4kbeY
256,110216,6280.0,https://youtu.be/aNfsJuv0bJU
257,113501,9061.0,https://youtu.be/tZlr2PbTiow
258,113538,37108.0,https://youtu.be/yLtmLy1Vzkc
259,113552,6071.0,https://youtu.be/EeOtkhiScMI
260,76759,11.0,https://youtu.be/vZ734NWnAHA
261,110367,9587.0,https://youtu.be/sET83nlk1NU
262,113670,19101.0,https://youtu.be/Q3WJrWZ_npg
263,110296,49980.0,https://youtu.be/REPoYxk2W7w
265,103994,18183.0,https://youtu.be/EkvgSTJkKGI
266,110322,4476.0,https://youtu.be/gwixnpxsoVU
267,110443,11008.0,https://youtu.be/6Vvlw7uPdn8
269,107566,32325.0,
270,110391,43742.0,https://youtu.be/-NoM6EQIaF0
271,113691,28313.0,https://youtu.be/-ZXnvEun0sc
272,110428,11318.0,https://youtu.be/0pdNMKZXJ28
273,109836,3036.0,https://youtu.be/ZkZAPkKDd9I
274,113755,40490.0,https://youtu.be/JcW2p8nyrng
275,110538,24070.0,https://youtu.be/dwBG2CXDXcc
276,110516,8986.0,
277,110527,10510.0,https://youtu.be/yiypbCFV7Ao
278,113808,17402.0,https://youtu.be/H-FofBXlWKA
279,113896,38722.0,
280,113870,8438.0,https://youtu.be/oMbMwdPwnYE
281,110684,11593.0,https://youtu.be/Zh4nKGloiHk
282,110638,1945.0,https://youtu.be/n1Zay9SOYxA
283,113967,39310.0,https://youtu.be/6wEM9KYgMx4
284,117169,109560.0,https://youtu.be/AcJamsBwsPM
285,106402,56428.0,
287,110671,131957.0,
288,110632,241.0,https://youtu.be/PgxH1-yeWNI
289,110737,9058.0,https://youtu.be/zLrqyfkXt_A
290,110729,527.0,https://youtu.be/N0-Q3ChKcfE
291,114151,18220.0,https://youtu.be/cWeLiFAycR4
292,114069,6950.0,https://youtu.be/AgZ5goJibn0
293,110413,101.0,https://youtu.be/DD-6bmOY__g
294,114113,63020.0,
295,114210,2307.0,https://youtu.be/ZPWFsnqJeNk
296,110912,680.0,https://youtu.be/tGpTpVyI_OQ
298,105652,25296.0,
299,110889,40156.0,
300,110932,11450.0,https://youtu.be/bj-m3Ddmn0E
301,114129,30304.0,
302,110963,10452.0,https://youtu.be/HIBfX5D1Um4
303,114214,12106.0,https://youtu.be/Lo9cGqmHXhg
304,114296,161495.0,https://youtu.be/eEvt88iMQME
305,110907,3586.0,https://youtu.be/ENrpGFroUbw
306,111495,110.0,https://youtu.be/1HeEUjqsI1M
307,108394,108.0,https://youtu.be/3A31--7Oh9k
308,111507,109.0,https://youtu.be/6fX7tyxBNsM
310,114268,36357.0,
311,110965,92769.0,
312,114571,28033.0,https://youtu.be/P2bCdymB7do
313,111333,22586.0,https://youtu.be/sm6Jtm9gICk
314,111112,14334.0,https://youtu.be/fWoyGukz1ag
315,111255,2636.0,https://youtu.be/SS75LoRrmMg
316,111282,2164.0,https://youtu.be/c3sgzrgpn8s
317,111070,11395.0,https://youtu.be/aCc7bTJ8FCM
318,111161,278.0,https://youtu.be/PLl99DlL6b4
319,111149,9905.0,https://youtu.be/xKrfUAho5as
320,108260,87078.0,https://youtu.be/IzZSguDxGsk
321,106966,12527.0,https://youtu.be/qWv7dKxWhz4
322,114594,20306.0,https://youtu.be/UH9OLQh46FY
324,111309,36614.0,https://youtu.be/JW7E011rHfg
325,113936,27993.0,https://youtu.be/0xa74mYgSnI
326,110081,31439.0,https://youtu.be/GAZUbjttUPc
327,114614,9067.0,https://youtu.be/a9UXppnnTgk
328,114608,9059.0,https://youtu.be/2cT5Cg8H7ec
329,111280,193.0,https://youtu.be/MUieGh1fHSI
330,114609,25066.0,https://youtu.be/dOO-A59c4C0
331,111454,46797.0,https://youtu.be/YZyOxE04wnE
332,114852,12122.0,https://youtu.be/oDabkjic1mM
333,114694,11381.0,https://youtu.be/A2Albcpyaiw
334,111590,32636.0,https://youtu.be/hJxvpLrp4yA
335,114788,36141.0,https://youtu.be/8IGoUeVzBbk
336,114888,95963.0,
337,108550,1587.0,https://youtu.be/wpSGFets1oM
338,114857,9271.0,https://youtu.be/45riYi75C8w
339,114924,2064.0,https://youtu.be/nsJxyUvkB_E
340,111667,19855.0,https://youtu.be/BzB_Qkl2Gec
341,109655,60855.0,https://youtu.be/oNTA_A3llwg
342,110598,236.0,https://youtu.be/JJVWXHRDqec
343,112435,48287.0,https://youtu.be/FGG_TKydPsM
344,109040,3049.0,https://youtu.be/Lc0bgXhpmAE
345,109045,2759.0,https://youtu.be/VFmwVI-5lfU
346,106339,12635.0,https://youtu.be/5hbfyo8alXg
347,104779,10497.0,https://youtu.be/R3EMSHqkbfI
348,109348,11382.0,https://youtu.be/DSPx3Bcvau0
349,109444,9331.0,https://youtu.be/3sG1tGbpT7c
350,109446,10731.0,https://youtu.be/EZY7_dCQRgk
351,109484,10464.0,https://youtu.be/SvbCmpo-luk
352,109504,34152.0,https://youtu.be/KnYl1TfWD-U
353,109506,9495.0,https://youtu.be/Ltzov6nhud0
354,109450,29973.0,https://youtu.be/zZFiH0SQpiY
355,109813,888.0,https://youtu.be/a-uN0rHF7Ig
356,109830,13.0,https://youtu.be/Mj9IA9tTfio
357,109831,712.0,https://youtu.be/tvdlnbfaJ3E
358,113305,16295.0,https://youtu.be/R9CZErJ9idU
359,110091,48992.0,https://youtu.be/k_znxl0qA5I
360,110093,10879.0,https://youtu.be/j8RuhldReRo
361,110167,10660.0,https://youtu.be/hpIeqy8VRJU
362,110213,10714.0,https://youtu.be/L8LC-wPUdqE
363,107472,41647.0,https://youtu.be/91607Aqn-mo
364,110357,8587.0,https://youtu.be/lFzVJEksoDY
365,107426,1689.0,https://youtu.be/-J_cV7rRZ9c
366,111686,11596.0,https://youtu.be/9dLQYxBYGTQ
367,110475,854.0,https://youtu.be/lcjN7zkgELM
368,110478,9359.0,https://youtu.be/mQ69CVbCiow
369,110588,23333.0,https://youtu.be/LYuj2PAP-jA
370,110622,36593.0,https://youtu.be/WQ3p19A1mbw
371,110771,12280.0,https://youtu.be/8kXXBY_qtcI
372,110950,2788.0,https://youtu.be/xDYGo0UgIVM
373,105226,10427.0,https://youtu.be/1kP0yuB0W-o
374,110989,11011.0,https://youtu.be/Yddr5thpDTE
376,110997,8987.0,https://youtu.be/WbGD81wUgC0
377,111257,1637.0,https://youtu.be/3q_4xiR3VJQ
378,111256,15128.0,https://youtu.be/TzDlsj1XzsY
379,111438,8831.0,https://youtu.be/7OPLHgw54h4
380,111503,36955.0,https://youtu.be/Qw4hz62r-Kk
381,111693,10449.0,https://youtu.be/3vQK49vzmBI
382,111742,10395.0,
383,111756,12160.0,https://youtu.be/3deAQVbaqlY
384,112443,40480.0,https://youtu.be/tf6dFhAfTuE
385,110455,52038.0,
386,111048,29444.0,https://youtu.be/CLQ_dlkA6sU
387,110399,26352.0,https://youtu.be/-kRfPEO_5aY
388,112570,39953.0,
389,109454,41580.0,https://youtu.be/O8kU6FhOBBY
390,59170,315.0,https://youtu.be/gLTnzo-nd8Q
391,110186,22067.0,https://youtu.be/xzeTvIWxhek
393,111301,11667.0,https://youtu.be/HsTKoGcFS78
405,110027,8011.0,https://youtu.be/C-nCNKutCno
406,109785,171857.0,
407,113409,2654.0,https://youtu.be/AlugldzO9zY
408,109021,18069.0,
409,109035,19092.0,https://youtu.be/sEsCXWD7-Cc
410,106220,2758.0,https://youtu.be/Bb2FTulPpOA
412,106226,10436.0,https://youtu.be/I3Mx8OSlNYM
413,109068,13595.0,https://youtu.be/y6rFEdy4hrk
414,109067,46094.0,https://youtu.be/gMckymETP1I
415,106292,9409.0,https://youtu.be/DPcFwi6lLm8
416,109198,11853.0,https://youtu.be/CvSpONjcX2o
417,109219,16771.0,https://youtu.be/qJGU08RaoNU
418,106379,46924.0,https://youtu.be/zOLyXi3uY84
419,106400,11041.0,
420,109254,306.0,https://youtu.be/kUjD5uKWxcg
421,109279,14522.0,https://youtu.be/2SADctToBnE
422,109297,26203.0,https://youtu.be/azibdrz8l3c
423,109303,178.0,
424,109305,19819.0,https://youtu.be/3FC5zdcct9s
425,109306,57834.0,https://youtu.be/G33WnfZ9YCU
426,106452,4722.0,https://youtu.be/8Ox5QYDvyWw
427,106471,18215.0,https://youtu.be/QgsUUFYLSoQ
428,106489,1607.0,https://youtu.be/q5nQyoo1LwY
429,109361,26391.0,https://youtu.be/cmBq41nVrXs
430,106505,117553.0,https://youtu.be/Ci-QG4w1Tz0
431,106519,6075.0,https://youtu.be/nYBHVf108J0
432,109439,11310.0,https://youtu.be/qgg9I4zOTnk
433,109443,18658.0,https://youtu.be/tBOd_AiVa-8
434,106582,9350.0,https://youtu.be/c55DDQT8zDA
435,106598,9612.0,https://youtu.be/_Q8CpaejCk8
436,109456,2124.0,https://youtu.be/09rrVrDZJYU
437,109480,26261.0,https://youtu.be/WtEYTu8vxoA
438,109493,19176.0,https://youtu.be/McAPp0LAfOw
440,106673,11566.0,https://youtu.be/ynC1hITFIzQ
441,106677,9571.0,https://youtu.be/uzDPw5N8d_0
442,106697,9739.0,https://youtu.be/JdXYTDqeXe4
444,106834,34444.0,https://youtu.be/K_Q1VTuna-w
445,106873,26141.0,https://youtu.be/9ykW-780bHs
446,106332,10997.0,https://youtu.be/FFiHfDBt9lE
448,106881,10443.0,https://youtu.be/nnsdUVp06Dc
449,106880,20239.0,https://youtu.be/usSS517OlSI
450,111732,16297.0,https://youtu.be/DZ7Fm26YJjs
451,106926,18551.0,https://youtu.be/1SbacB2W1l8
452,111712,25440.0,https://youtu.be/BAsNqcro3EE
453,106941,9024.0,
454,106918,37233.0,https://youtu.be/Auxb3l4Y8j0
455,106965,1634.0,https://youtu.be/PQZES1EtZ2w
456,109842,13815.0,https://youtu.be/9n7me832ObU
457,106977,5503.0,https://youtu.be/OlYsVq6FpuU
458,107004,35588.0,https://youtu.be/v4alqybzcic
459,109890,2087.0,https://youtu.be/lXK8xBQEzJ4
460,109891,41579.0,https://youtu.be/idx2k39SU5M
461,109913,18620.0,https://youtu.be/qnWt4aMBE6E
464,107076,2019.0,https://youtu.be/-pzx4IeYYFg
466,107144,9255.0,https://youtu.be/Rida8js49Uo
467,113674,26271.0,
468,112966,10612.0,https://youtu.be/1UWT0dMrYOM
469,107151,2259.0,
470,110064,16097.0,https://youtu.be/Rh7eZVsqNqk
471,110074,11934.0,https://youtu.be/2o5yi6hFg4Q
472,110097,106143.0,
473,110123,12475.0,https://youtu.be/D8WQ8sgWaVU
474,107206,9386.0,
475,107207,7984.0,https://youtu.be/H0ff5KjZ7vM
476,110137,59930.0,https://youtu.be/A0QhbZ7k9jI
477,108551,15765.0,https://youtu.be/4YMzT2Uelts
478,110197,31643.0,https://youtu.be/zLckjRbfUlE
479,107286,6.0,https://youtu.be/TPqsPcT-gVQ
480,107290,329.0,https://youtu.be/Rz_FvTXa_qY
481,107302,10909.0,https://youtu.be/2ut7heVeMnM
482,110265,507.0,https://youtu.be/mukOKOjpB9o
484,110305,29918.0,https://youtu.be/VkwPGVUHg9E
485,107362,9593.0,https://youtu.be/OJw8o49CNZI
486,107413,42580.0,https://youtu.be/niJhC06sv1g
487,110353,22317.0,
488,107468,1413.0,https://youtu.be/fgANS15AN4I
489,107478,12121.0,https://youtu.be/dPPN93A3RRs
490,107497,2246.0,https://youtu.be/n6Yeb5i1blY
491,107501,10502.0,https://youtu.be/YWyo45AArP8
492,107507,10440.0,https://youtu.be/kOQuEcmYoZI
493,107554,9516.0,https://youtu.be/woJQ9XPpVVY
494,116253,2320.0,https://youtu.be/hY4EfSHyIyA
495,74102,5879.0,https://youtu.be/w-o8EKjXJPQ
496,111689,83718.0,https://youtu.be/QgxLAcCO55k
497,107616,11971.0,https://youtu.be/rbSN4Lv_N4g
499,107613,31911.0,https://youtu.be/dD1VJZSZcF8
500,107614,788.0,https://youtu.be/y0f_e0ZJLvA
501,107653,21450.0,https://youtu.be/TdKPbyvS0qc
502,110657,11231.0,https://youtu.be/eDchGHJdRVs
504,110678,10447.0,https://youtu.be/wHSwdSTETXA
505,110687,31586.0,https://youtu.be/zInygRFVbxA
506,107756,9300.0,https://youtu.be/MorOaD61KUI
507,107808,9559.0,https://youtu.be/_Qm-UhA3b4g
508,107818,9800.0,https://youtu.be/qf49UApA88s
509,107822,713.0,https://youtu.be/61ooIf1QDZo
510,107840,8291.0,https://youtu.be/XkI_0pJlLl0
511,107889,18133.0,https://youtu.be/dBOwtSdtAYg
512,111003,25557.0,https://youtu.be/rU6ghNfsQSI
513,110939,22588.0,https://youtu.be/ftyAK30wfBk
514,110955,10872.0,https://youtu.be/_26ROmuSyTQ
515,107943,1245.0,https://youtu.be/jALmEb72beg
516,110971,11858.0,https://youtu.be/HU7DpT-s2VA
517,107969,7007.0,https://youtu.be/4gPr_qix-po
518,111001,10467.0,https://youtu.be/DX5eHMZuuro
519,107978,5550.0,https://youtu.be/VWBo9-YtSQs
520,107977,8005.0,https://youtu.be/rL_aElj93ws
521,107983,2088.0,https://youtu.be/XuPs8dWiXZw
522,105275,10412.0,https://youtu.be/Tu2JLPh4A40
523,108000,47889.0,https://youtu.be/4G5MY_T-CBY
524,108002,14534.0,https://youtu.be/7YKYFz-0a1E
526,105032,41878.0,
527,108052,424.0,https://youtu.be/v0RB-3sWbBA
528,111094,35233.0,https://youtu.be/rX9q4A65jHg
529,108065,14291.0,https://youtu.be/hOTc4D0uQNk
531,108071,11236.0,https://youtu.be/1zeqqhA5Z3A
532,111127,11592.0,https://youtu.be/Ut9GvlhB9f4
533,111143,8850.0,https://youtu.be/l0lbmUaooSw
534,108101,10445.0,https://youtu.be/-zfkmfRX4X4
535,108122,695.0,https://youtu.be/ePyhGz9_RCI
536,111194,43535.0,https://youtu.be/e7bD5BNqfwY
537,111201,12519.0,https://youtu.be/JTzat7vRdCQ
538,108149,23210.0,https://youtu.be/IBO1Sr14eQQ
539,108160,858.0,https://youtu.be/-Lj2U-cmyek
540,108162,867.0,https://youtu.be/qvMMd47Yox0
541,83658,78.0,https://youtu.be/qoEyZoOTtss
542,108186,13203.0,https://youtu.be/8pnnGZUe14g
543,108174,10442.0,https://youtu.be/nGlyUmq9wE4
544,108238,11074.0,https://youtu.be/5PbX4LXD6Es
546,108255,9607.0,https://youtu.be/qwDI-IH3hfs
547,111323,17585.0,
548,111400,9057.0,https://youtu.be/cMzjb5OeYng
549,108328,20967.0,
550,111418,10635.0,https://youtu.be/u1KIeJaW3kI
551,107688,9479.0,https://youtu.be/IoYahD_xNR0
552,108333,10057.0,https://youtu.be/FMy1TFRF8Lk
553,108358,11969.0,https://youtu.be/XTWYKf5hXIg
555,108399,319.0,https://youtu.be/6uoPeUa7Gkc
556,108515,26408.0,https://youtu.be/gOVn50rHV0g
558,110763,15139.0,https://youtu.be/ZFDV5lsFOpk
562,114906,11446.0,https://youtu.be/5U0QG3L6XsE
563,107002,51980.0,https://youtu.be/chCnbs7UMSk
564,109403,24405.0,https://youtu.be/ubV1jwg9Ce0
567,107315,8223.0,https://youtu.be/z5bmEnGrA4s
568,106408,14587.0,https://youtu.be/_ZjYlCGAz3c
569,110363,31504.0,https://youtu.be/6NOZXwAvFFY
573,107225,23637.0,
574,111252,17600.0,https://youtu.be/zCxlFPnsEU4
575,110366,10897.0,https://youtu.be/FgyCE8VsGKM
577,109120,21352.0,
579,108059,68806.0,https://youtu.be/kd4eDke73oI
580,110892,37345.0,https://youtu.be/iXBGg5sDRyQ
581,112651,32562.0,https://youtu.be/JL_vrb4-6_0
583,109382,25403.0,https://youtu.be/Qujgo5C09rM
585,112572,9066.0,https://youtu.be/zMicH5Mt7_s
586,99785,771.0,https://youtu.be/dzdpqRGA1qc
587,99653,251.0,https://youtu.be/jWvUTmvaOyU
588,103639,812.0,https://youtu.be/mq05scD6PUs
589,103064,280.0,https://youtu.be/lwSysg9o7wE
590,99348,581.0,https://youtu.be/N4gr-uXUg1M
592,96895,268.0,https://youtu.be/ygK7sAavO0c
593,102926,274.0,https://youtu.be/1lFj08l4ujg
594,29583,408.0,https://youtu.be/P4YE-s_8L1Q
595,101414,10020.0,https://youtu.be/0QwuPbbT_zk
596,32910,10895.0,https://youtu.be/_xHYzf_rdGU
597,100405,114.0,https://youtu.be/2EBAVoN8L_U
599,65214,576.0,https://youtu.be/kdy0t_8mQBw
600,110395,15477.0,https://youtu.be/B3AqG25J_Vo
602,109934,124472.0,
605,117247,7300.0,https://youtu.be/BJjj_v33mTs
606,112625,10824.0,https://youtu.be/jpInUUDkZwo
608,116282,275.0,https://youtu.be/aoOZDiswNaw
609,116552,25059.0,https://youtu.be/sSfkkYgv_3o
610,82509,11827.0,https://youtu.be/-Fvzpl5wTPo
611,116514,8766.0,https://youtu.be/NoU_IizY9GM
612,117283,23570.0,https://youtu.be/2Qq2LmclTw8
613,116684,47333.0,https://youtu.be/jKvO2TYPuTw
615,70506,51242.0,
616,65421,10112.0,https://youtu.be/h6M_OJ41NfA
617,113083,4307.0,
618,118001,46029.0,https://youtu.be/ajGpyRSKgKw
619,116165,32308.0,https://youtu.be/InqDF8ImCgU
626,117891,28121.0,https://youtu.be/pKo_j8OuWAQ
627,113613,12520.0,https://youtu.be/jNPSHydODoI
628,117381,1592.0,https://youtu.be/PnmTi7hSjrA
631,115509,19042.0,https://youtu.be/muR5N_9p3RY
632,114671,38884.0,https://youtu.be/kjpoR_bax1k
633,112844,47449.0,
634,114658,36259.0,https://youtu.be/dY7gsUL9Xkk
635,116275,41852.0,
636,113122,40926.0,https://youtu.be/OultAtx3ptc
637,117608,9099.0,https://youtu.be/3mHbLYzdqVE
638,113448,2021.0,
639,116414,61752.0,https://youtu.be/yGxWoppTujU
640,116095,10988.0,
645,113947,12652.0,
647,115956,10684.0,https://youtu.be/qCkmk14stW8
648,117060,954.0,https://youtu.be/L8Pbjh4EZRk
649,109028,68445.0,https://youtu.be/a5l6MbXu6AQ
650,117071,18989.0,https://youtu.be/Ac1GR0lO3hg
653,116136,8840.0,https://youtu.be/7MSLlD8lQ5k
656,116168,11107.0,https://youtu.be/_iuDUSj5jaI
661,116683,10539.0,https://youtu.be/7OKQVzOO-DM
662,116287,10543.0,https://youtu.be/p2AlffKozbg
663,116768,18414.0,https://youtu.be/FIXQBdYjAWI
665,114787,11902.0,https://youtu.be/rYTvmLvLchs
667,112536,25087.0,https://youtu.be/RV42hof83ws
668,48473,5801.0,https://youtu.be/mgv68E_o6VM
670,52572,896.0,https://youtu.be/mgv68E_o6VM
671,117128,3065.0,
673,117705,2300.0,https://youtu.be/v98aXG562h4
674,62711,8069.0,https://youtu.be/X6GEvyoW-O0
678,108181,27768.0,
679,114307,221917.0,https://youtu.be/--GgszWGqIw
680,58898,8072.0,https://youtu.be/CzaATgGHmy0
685,113443,33245.0,https://youtu.be/R1OitcQJi5I
688,114048,27281.0,https://youtu.be/mHd7O6YeHIU
691,117104,40001.0,
692,117688,29621.0,
694,117774,20762.0,https://youtu.be/vsaUp6_jcJY
695,114736,37144.0,
697,116289,12656.0,https://youtu.be/LoVRGgufV2w
698,109593,38867.0,https://youtu.be/Gg9c-WnK6sM
700,112368,25969.0,
703,115742,43634.0,https://youtu.be/7zkoiOq2Urw
704,117420,9103.0,https://youtu.be/EaCbSlAsQoE
706,117784,29649.0,https://youtu.be/MjsvTIlTdvg
707,117107,10990.0,https://youtu.be/4KQ4kqppxSs
708,117979,8866.0,https://youtu.be/6nFJcAt-ktU
709,95776,12233.0,https://youtu.be/r42b0bRF9v0
710,115851,23449.0,https://youtu.be/SnQFSfapPl8
711,116322,36355.0,https://youtu.be/YQRbTNN-jNE
714,112817,922.0,https://youtu.be/FEHMWguT--U
715,113362,11876.0,
718,108500,11687.0,
719,117108,9304.0,https://youtu.be/SH2XDPI5664
720,118114,503475.0,
722,113270,73183.0,
724,115963,9100.0,https://youtu.be/SxEqB--5ToI
725,116448,20759.0,https://youtu.be/WnyftZZ880s
726,116827,46063.0,https://youtu.be/_aLZr3oBk9E
728,112701,32513.0,https://youtu.be/6P_1oFBbKZ4
731,116508,36915.0,https://youtu.be/hwuRDxzitek
733,117500,9802.0,https://youtu.be/a3qcNyjj9ZQ
735,109592,21588.0,https://youtu.be/I6o0TJNC77I
736,117998,664.0,https://youtu.be/beHzfQPaTaw
737,115624,11867.0,https://youtu.be/GWKo3pSdGpg
741,113568,9323.0,https://youtu.be/8RF09G8Ymqg
742,117894,10280.0,https://youtu.be/jN4NcET1R-k
743,117723,10535.0,https://youtu.be/q7eXHlWfulI
745,112691,532.0,https://youtu.be/36GfaI0_B8E
747,117768,16299.0,
748,115571,10547.0,https://youtu.be/GOc01_Ty1eQ
750,57012,935.0,https://youtu.be/0rF5XftjRGM
757,109688,40751.0,https://youtu.be/j8zg_25-SYA
759,110480,85778.0,https://youtu.be/GgfiK3hjxYI
760,108211,11101.0,https://youtu.be/3usU25Z9ICE
761,117331,9826.0,https://youtu.be/oY7R0lHSw3U
762,117765,9879.0,https://youtu.be/ujvOdC3-JGw
764,113280,22621.0,
765,116669,7095.0,https://youtu.be/R2tCAybRzpY
766,116594,26890.0,https://youtu.be/qAQRCcQlXXE
773,70820,77771.0,https://youtu.be/xaWmfqrQjU4
775,63715,41225.0,https://youtu.be/7FJuSlLlmSk
778,117951,627.0,https://youtu.be/r9v3UXKhVQM
779,118523,32872.0,https://youtu.be/haQ3SOYIoi8
780,116629,602.0,https://youtu.be/B1E7h3SeMDk
781,117737,14553.0,https://youtu.be/SStzlZz6lxc
782,116277,9566.0,https://youtu.be/OJhwzOqqdqU
783,116583,10545.0,https://youtu.be/HUGraD-rxjk
784,115798,9894.0,https://youtu.be/rhhI_qYOacw
785,116778,11543.0,https://youtu.be/1DsveTPI4aM
786,116213,9268.0,https://youtu.be/P3nrgwO3R-w
788,117218,9327.0,https://youtu.be/FFVbS0qm0TI
790,111546,81949.0,https://youtu.be/is58u1Y1z7o
791,113610,,
795,111237,44535.0,https://youtu.be/gGRJkaxndzg
798,116040,11228.0,https://youtu.be/tRWIfCpxNK4
799,116365,10779.0,https://youtu.be/zmQxM32PWRM
800,116905,26748.0,https://youtu.be/plMNsde4_-M
801,116493,38223.0,
802,117333,9294.0,https://youtu.be/apduYg2VqTI
803,118113,49963.0,https://youtu.be/ohAd27SbH6E
804,117628,11363.0,https://youtu.be/mIvoJ2_8X5I
805,117913,1645.0,https://youtu.be/701GQjY6PaI
806,115530,31546.0,https://youtu.be/ZsWPpq_AqDA
808,115493,36344.0,https://youtu.be/iKpgVlwF5vY
809,116320,18550.0,https://youtu.be/unkjtd50Nmk
810,116756,11511.0,https://youtu.be/fFVaxa1UKNg
813,116823,34170.0,https://youtu.be/BjM_ln1NBu8
818,118073,12606.0,https://youtu.be/BKkq5Iqujuw
823,61495,4837.0,https://youtu.be/dBK-cedrRt8
824,110246,12632.0,
828,115472,18975.0,https://youtu.be/DdSZWvO7DU4
829,116707,11962.0,
830,116313,2925.0,https://youtu.be/5YBmnlAeijk
832,117438,3595.0,https://youtu.be/fIo43xs25DQ
833,116531,9308.0,https://youtu.be/R4ZUi1mEbG0
835,116353,18555.0,https://youtu.be/SQ-CopNrehU
836,115857,12123.0,https://youtu.be/bV5HVS-pdvY
837,117008,10830.0,https://youtu.be/c2DK0o-uEnU
838,116191,3573.0,https://youtu.be/Qqt3MYX2i0I
839,115986,10546.0,https://youtu.be/ptt-3fC3bcU
840,116571,18862.0,https://youtu.be/RQYNVWQe9no
841,53459,31417.0,https://youtu.be/CEjrg-L8lvs
842,117826,9431.0,https://youtu.be/WGe7kfi0lZA
848,117718,47907.0,https://youtu.be/SKKdkqnAX4o
849,116225,10061.0,https://youtu.be/EMvoxhtPXXA
851,115632,549.0,https://youtu.be/8zIsTrrYeQU
852,117918,10478.0,https://youtu.be/cG-XrSUg1fw
858,68646,238.0,https://youtu.be/Ew9ngL1GZvs
861,104558,11134.0,https://youtu.be/7grXAiYDX3c
866,115736,9303.0,https://youtu.be/ToCMwdOaWh4
867,115836,23945.0,
869,116745,22479.0,https://youtu.be/H9PFVthayBE
870,119214,9054.0,https://youtu.be/Fiw6M7hmJ6A
875,110693,410921.0,
876,106544,38955.0,https://youtu.be/uN1T-L17B1A
879,120004,11015.0,https://youtu.be/bFbvUDpRBuo
880,116654,9306.0,https://youtu.be/lJP3cb2RcII
881,116311,12559.0,https://youtu.be/_t7ubr0jBII
882,117965,58770.0,
885,115725,3587.0,https://youtu.be/UtTdKGJMLxA
886,115783,10723.0,https://youtu.be/yfzAGAQvsz8
888,113596,19004.0,https://youtu.be/aStODvSPBPI
889,109001,101230.0,
891,113253,10987.0,https://youtu.be/YZbc4LCDPsk
892,117991,44705.0,https://youtu.be/DGEoGFdjXi8
893,117093,20318.0,https://youtu.be/KYbXUWw61ug
896,111019,26933.0,https://youtu.be/L3On9Zj0Xnw
897,35896,27854.0,https://youtu.be/-B3MQoKQ_vI
898,32904,981.0,https://youtu.be/Onp4oA-gHyM
899,45152,872.0,https://youtu.be/lSE8sl2-PZg
900,43278,2769.0,https://youtu.be/1XMXAleA1eQ
901,50419,13320.0,https://youtu.be/aY2EHAgqr6k
902,54698,164.0,https://youtu.be/KlZ4fYqjGJI
903,52357,426.0,https://youtu.be/95o-QM-lz8g
904,47396,567.0,https://youtu.be/iZOTTxwzyMU
905,25316,3078.0,https://youtu.be/FUAxNS_31So
906,36855,13528.0,https://youtu.be/pnGdlnH2BDY
907,25164,28288.0,https://youtu.be/g2y-2pjq4Bk
908,53125,213.0,https://youtu.be/cPNiwc3ogIo
909,53604,284.0,https://youtu.be/isjfwA0B5xQ
910,53291,239.0,https://youtu.be/97TYs2YXbJw
911,56923,4808.0,https://youtu.be/L8dnaIRz0mE
912,34583,289.0,https://youtu.be/MF7JH_54d8c
913,33870,963.0,https://youtu.be/Yv-BPuqhW9U
914,58385,11113.0,https://youtu.be/ZJBM6qs22sE
915,47437,6620.0,https://youtu.be/AOZuxReeNTk
916,46250,804.0,https://youtu.be/2vm2FdHg7Io
917,31580,26531.0,https://youtu.be/VKR9LFKI0to
918,37059,909.0,https://youtu.be/dLNa7mp0wWo
919,32138,630.0,https://youtu.be/b_A2twyZevo
920,31381,770.0,https://youtu.be/h2oX0zQA67U
921,84370,31044.0,https://youtu.be/JqQWY8T5nok
922,43014,599.0,https://youtu.be/ZQWqIA1-kvA
923,33467,15.0,https://youtu.be/fAcLNMkzfTE
924,62622,62.0,https://youtu.be/kR2r-A9H3Kg
926,42192,705.0,https://youtu.be/MILphnfj2mo
927,32143,22490.0,https://youtu.be/I8WsqaN4izs
928,32976,223.0,https://youtu.be/cJok8CPtHRw
929,32484,25670.0,https://youtu.be/zXbQ7CRaAao
930,38787,303.0,https://youtu.be/EhMyp8ZvjWs
931,38109,4174.0,https://youtu.be/HIBaGIUbXqI
932,50105,8356.0,https://youtu.be/1qFSl4DiKXA
933,48728,381.0,https://youtu.be/YIc5SDKEC6g
934,42451,20758.0,https://youtu.be/7EMQgVqta_M
935,45537,29376.0,https://youtu.be/rgvJPU8t6kE
936,31725,1859.0,https://youtu.be/OhCCG5qSC1I
937,50658,18299.0,https://youtu.be/LY7cdC6INIg
938,51658,17281.0,https://youtu.be/hZyEUQPGQgk
940,29843,10907.0,https://youtu.be/dwzLBwPLB_E
941,32762,32093.0,
942,37008,1939.0,https://youtu.be/mYYLquxN2zQ
943,39420,22292.0,https://youtu.be/n-X00-BoG9o
944,29162,3598.0,https://youtu.be/BQ7g3HOGENs
945,27125,3080.0,https://youtu.be/FZUwE1n5zsE
946,35446,198.0,https://youtu.be/4b-dIMd9hFo
947,28010,13562.0,https://youtu.be/6zkZd9GkxWc
948,49261,1712.0,https://youtu.be/SZZTWO4_wto
949,48028,220.0,https://youtu.be/Yi_wwgJOEwk
950,25878,3529.0,https://youtu.be/F2vlPkv0tQU
951,32599,3085.0,https://youtu.be/0GYX46Bs1_8
952,48960,2897.0,https://youtu.be/vjiCO8k6Jhg
953,38650,1585.0,https://youtu.be/iLR3gZrU2Xo
954,31679,3083.0,https://youtu.be/bXoF7w6IWAc
955,29947,900.0,https://youtu.be/Qlf6gHD-YEM
956,34012,43795.0,https://youtu.be/yvrFt_1bR6g
959,25586,43905.0,https://youtu.be/VE3sLaSTR0s
961,27893,23114.0,https://youtu.be/OMmxSELuP-8
963,41509,40206.0,https://youtu.be/t3ehZvLL2UE
965,26029,260.0,https://youtu.be/EjPwRiJ1Yxw
968,63350,10331.0,https://youtu.be/V5XwrRFP7Zw
969,43265,488.0,https://youtu.be/sFVu74-A6kI
970,46414,22733.0,https://youtu.be/y6X_KEGaG-A
971,51459,261.0,https://youtu.be/SGvJZLJi9sU
973,33891,32574.0,https://youtu.be/9j3gdbdnoEk
976,22879,22649.0,https://youtu.be/KT1RIeg5WL0
979,114007,125587.0,
981,118927,52855.0,https://youtu.be/D313rsokyXg
982,48491,39940.0,https://youtu.be/bhBzakdSfeU
984,117357,85328.0,
986,116329,11076.0,https://youtu.be/2mpxfPxPM6A
987,118742,63945.0,
988,116442,58985.0,https://youtu.be/nOhOiFpZJ78
990,117011,10861.0,https://youtu.be/ssvDmR3K7UA
991,117039,1770.0,https://youtu.be/nvFV6xOWK9I
993,116635,2033.0,
994,115678,18203.0,https://youtu.be/IkaaUuQwRZY
996,116830,9333.0,https://youtu.be/Rz4pQWEtEhg
998,117603,9400.0,https://youtu.be/bKB2KclDMTY
999,115438,9401.0,https://youtu.be/umjwm08s104
1003,116259,11306.0,https://youtu.be/dUppiay4Fs0
1004,116421,9625.0,https://youtu.be/zJQNS57EpVo
1005,116000,10680.0,https://youtu.be/CFSmoKm6c5A
1006,115862,6346.0,https://youtu.be/9Qu4LuSdbTo
1007,72653,18660.0,https://youtu.be/GnS0_UTEayY
1008,47977,35115.0,https://youtu.be/AFN_1Ju7Hak
1009,72951,14821.0,https://youtu.be/nswae1s320k
1010,64603,14136.0,https://youtu.be/gn3gK27HIsw
1011,71607,10869.0,https://youtu.be/swDEaCgluWQ
1012,50798,22660.0,
1013,55277,19186.0,https://youtu.be/E0HVZHMGXsM
1014,54195,31102.0,https://youtu.be/XVtLP5tfpCA
1015,107131,6878.0,https://youtu.be/GyONxFhfuuQ
1016,53271,15944.0,https://youtu.be/TiJOBf9WKBA
1017,54357,18444.0,https://youtu.be/O3qehNT3KjY
1018,59793,20723.0,https://youtu.be/QfqVYCRdtdc
1019,46672,173.0,https://youtu.be/BdHWQOhs1x4
1020,106611,864.0,https://youtu.be/wLlmymHRNZg
1021,109127,24795.0,https://youtu.be/wok7pG9_vX8
1022,42332,11224.0,https://youtu.be/rPTMApBFfcI
1023,63819,81310.0,
1024,38166,15947.0,https://youtu.be/fS_Xklf08EY
1025,57546,9078.0,https://youtu.be/ThOtoGV6ylU
1027,102798,8367.0,https://youtu.be/DJSsMR5NUuc
1028,58331,433.0,https://youtu.be/H54Ft85U2RA
1029,33563,11360.0,https://youtu.be/GPY-g86tcS4
1030,76538,11114.0,https://youtu.be/9xI2NouriHI
1031,66817,12335.0,https://youtu.be/yo9vrPpWI7k
1032,43274,12092.0,https://youtu.be/JY2rHymtNvc
1033,82406,10948.0,https://youtu.be/LhV6BBvt8Vs
1034,116361,11229.0,https://youtu.be/pCii3NPBDlQ
1035,59742,15121.0,https://youtu.be/ygyK0HStjwg
1036,95016,562.0,https://youtu.be/4Wi28Vsi_ZU
1037,104692,10163.0,https://youtu.be/zzwPuJklv4w
1040,117582,47199.0,
1041,117589,11159.0,https://youtu.be/iZhqklQMcjA
1042,117887,9591.0,https://youtu.be/fBSrLcksj8c
1043,117924,30500.0,https://youtu.be/XxeSLgMObIM
1046,115640,10938.0,https://youtu.be/YeGBkXoOe6Q
1047,116908,11412.0,https://youtu.be/dYpVQraaTZ4
1049,116409,10586.0,https://youtu.be/jGsiY-2CkPU
1050,116913,42314.0,https://youtu.be/nVgdtcNwIGQ
1051,117958,27845.0,https://youtu.be/xZutAd7RQKU
1053,117202,23223.0,https://youtu.be/eZB90dRD79w
1054,116404,49471.0,https://youtu.be/A104gXyW1Ts
1055,120107,38153.0,https://youtu.be/U2CNeff1Q5M
1056,116722,25147.0,https://youtu.be/tVpgRZURgsA
1057,116242,9716.0,https://youtu.be/w0PN_ZvESJ4
1059,117509,454.0,https://youtu.be/oO4jqwpt25k
1060,117802,10218.0,https://youtu.be/SoNOlh_zCf8
1061,117665,819.0,https://youtu.be/rNaMAgf4ErE
1064,115491,11238.0,https://youtu.be/9GOQF17VO24
1066,29546,31530.0,https://youtu.be/mWlDVSlv-2s
1068,39286,28120.0,https://youtu.be/Qf_tJx9SwMk
1073,67992,252.0,https://youtu.be/2WKPKnggJqk
1076,55018,16372.0,https://youtu.be/aOsF0S65RR0
1077,70707,11561.0,https://youtu.be/PcaXIWYDo-4
1078,66808,11302.0,https://youtu.be/8tO1xhgYvUM
1079,95159,623.0,https://youtu.be/0WTwVpEEMps
1080,79470,583.0,https://youtu.be/tK4Qb51ftd4
1081,84865,12614.0,https://youtu.be/t8hi31nDDEc
1082,68334,21711.0,https://youtu.be/9RTIQWXzexU
1083,59243,11575.0,https://youtu.be/9biklE2wA6M
1084,61418,475.0,https://youtu.be/dJsnF6Of2G4
1085,52027,11331.0,https://youtu.be/g8rDRPOOSHU
1086,46912,521.0,https://youtu.be/kR_NZuW28XE
1088,92890,88.0,https://youtu.be/0rzsa_KEoKs
1089,105236,500.0,https://youtu.be/2KLZ4fSXtgI
1090,91763,792.0,https://youtu.be/R8weLPF4qBQ
1091,98627,8491.0,https://youtu.be/nt4qeydCH3Y
1092,103772,402.0,https://youtu.be/r3qzXk-P1fI
1093,101761,10537.0,https://youtu.be/qJu9nfVCQmk
1094,104036,11386.0,https://youtu.be/FRxmK7Q3yF4
1095,104348,9504.0,https://youtu.be/_VrekKSuFto
1096,84707,15764.0,https://youtu.be/STPJVf6wqCk
1097,83866,601.0,https://youtu.be/NsvdZ_z56c0
1099,29992,25842.0,https://youtu.be/iWa9EVeUqhA
1100,99371,2119.0,https://youtu.be/zyTrK5tqJg0
1101,92099,744.0,https://youtu.be/ArOMXELHiLw
1103,48545,221.0,https://youtu.be/HWHH5TwEwtI
1104,44081,702.0,https://youtu.be/U3CXLHLFvyM
1105,115885,25750.0,
1107,102336,,
1111,117040,9305.0,https://youtu.be/76R2EKEnoJQ
1112,117284,37616.0,https://youtu.be/70mmikY8rd0
1114,116378,21612.0,https://youtu.be/uRgBedsCOWk
1116,113057,102461.0,https://youtu.be/gOU5irEzdVM
1117,116581,36998.0,https://youtu.be/Q0qrryCHlZo
1119,112907,116844.0,
1120,117318,1630.0,https://youtu.be/fR6l4D47fW8
1121,116422,26626.0,https://youtu.be/r2fPHLVu7Z8
1123,117320,124837.0,
1124,82846,11816.0,https://youtu.be/whi7V5qkJwQ
1125,72081,11843.0,https://youtu.be/a1AMga5GaEQ
1126,101775,10379.0,https://youtu.be/-RPg0VGr9ns
1127,96754,2756.0,https://youtu.be/7cCVYAcIIAo
1128,80749,790.0,https://youtu.be/XU-47N87G9M
1129,82340,1103.0,https://youtu.be/bqT09APfNKI
1130,82533,11298.0,https://youtu.be/yI7qGLXZQJI
1131,91288,4480.0,https://youtu.be/rDJXPiyvQfg
1132,91480,4481.0,https://youtu.be/BxScSXKXwPc
1135,81375,10765.0,https://youtu.be/xdCrMdDRENA
1136,71853,762.0,https://youtu.be/4b52A3sKz-I
1137,116587,44497.0,https://youtu.be/_ZsZTZh981Q
1140,116212,99479.0,https://youtu.be/vblgJ-8eY9o
1144,116886,124829.0,
1147,118147,10548.0,https://youtu.be/uBauogNmRqY
1148,108598,531.0,https://youtu.be/4dOESXuTH2U
1150,84589,4483.0,https://youtu.be/0AN8bS3bvlM
1151,109781,18919.0,https://youtu.be/UyW46Pbsp9k
1156,34493,61461.0,
1161,78875,659.0,https://youtu.be/NTKLqhT-tTo
1162,69198,30892.0,https://youtu.be/hvBsk_jJ7j0
1163,110521,86369.0,
1167,116059,38554.0,
1170,112483,36555.0,https://youtu.be/Z4F3w7SPJ3E
1171,103850,10608.0,https://youtu.be/yRpWaJRyVQo
1172,95765,11216.0,https://youtu.be/JMyVSD6OvO8
1173,97108,7452.0,https://youtu.be/nXLRdeYFHss
1175,101700,892.0,https://youtu.be/GVL5_I4CvTc
1176,101765,1600.0,https://youtu.be/_baGBH7_G4U
1177,101811,26561.0,https://youtu.be/1-HsRAM2Ink
1178,50825,975.0,https://youtu.be/FESvZ0HG2p4
1179,99703,18129.0,https://youtu.be/Y-aSj4uiR90
1180,102014,54405.0,
1183,116209,409.0,https://youtu.be/Xk_LRcOFT0c
1184,102426,38251.0,https://youtu.be/Q3WJvaEjAlU
1185,97937,10161.0,https://youtu.be/C8Y6ISTcqvE
1186,98724,1412.0,https://youtu.be/6BMZrfINaUk
1187,105107,41768.0,
1188,105488,10409.0,https://youtu.be/7dtfxf3FFx4
1189,96257,14285.0,https://youtu.be/MzZROKde8Nc
1190,101026,2469.0,
1191,102370,10174.0,https://youtu.be/CtYp9YKhUZ8
1192,100332,31225.0,https://youtu.be/9SqvD1-0odY
1193,73486,510.0,https://youtu.be/3NSVJlBeGBA
1194,78446,11455.0,https://youtu.be/zpvv81988v0
1196,80684,1891.0,https://youtu.be/vU6L3jXt2r8
1197,93779,2493.0,https://youtu.be/2Yjhtpc5F0o
1198,82971,85.0,https://youtu.be/0xQSIdSRlAk
1199,88846,68.0,https://youtu.be/A_7ATU9dslE
1200,90605,679.0,https://youtu.be/8OxirbuHsBA
1201,60196,429.0,https://youtu.be/WCnRSl24FPA
1202,94336,13446.0,https://youtu.be/PCJ2gzSeTdE
1203,50083,389.0,https://youtu.be/TEN-2uTi2c0
1204,56172,947.0,https://youtu.be/KR1yTI8zFJk
1206,66921,185.0,https://youtu.be/T54uZPI4Z8A
1207,56592,595.0,https://youtu.be/4-CrrtYjrbM
1208,78788,28.0,https://youtu.be/9l-ViOOFH-s
1209,64116,335.0,https://youtu.be/Yw-Av9BpC-w
1210,86190,1892.0,https://youtu.be/7L8p7_SLzvU
1211,93191,144.0,https://youtu.be/0iAzYofuItM
1212,41959,1092.0,https://youtu.be/Y7nwySBGqCo
1213,99685,769.0,https://youtu.be/PTBRNXGQR9Q
1214,78748,348.0,https://youtu.be/sVwH0hIvV5k
1215,106308,766.0,https://youtu.be/UHZQEtG8xYo
1216,95250,175.0,https://youtu.be/WNkIjVyf3UQ
1217,89881,11645.0,https://youtu.be/YwP_kXyd-Rw
1218,97202,10835.0,https://youtu.be/Cdxehm0NxkU
1219,54215,539.0,https://youtu.be/D90QhegiVvo
1220,80455,525.0,https://youtu.be/zaCGMiFRJEA
1221,71562,240.0,https://youtu.be/9O1Iy9od7-A
1222,93058,600.0,https://youtu.be/n2i917l5RFc
1223,104361,530.0,https://youtu.be/ablYsAGtuSM
1224,97499,10705.0,https://youtu.be/tksPrKi5wUg
1225,86879,279.0,https://youtu.be/pNnugovJdzM
1226,45061,3109.0,https://youtu.be/T-n873zZvMo
1227,87843,311.0,https://youtu.be/5vrbUpDihxs
1228,81398,1578.0,https://youtu.be/G5RHRg6zEhY
1230,75686,703.0,https://youtu.be/Bj4ZoeRMHwU
1231,86197,9549.0,https://youtu.be/G6dFmkvEKGE
1232,79944,1398.0,https://youtu.be/JCuwthnCRpg
1233,82096,387.0,https://youtu.be/r37MmBuFoc0
1234,70735,9277.0,https://youtu.be/_nAIb_J9T5M
1235,67185,343.0,https://youtu.be/u-cOukYeGVM
1236,103130,37291.0,https://youtu.be/pIgv4Tvx3V0
1237,50976,490.0,https://youtu.be/vZucwtdSvJ8
1238,85859,11235.0,https://youtu.be/4TLRaiBK688
1240,88247,218.0,https://youtu.be/nGrW-OR2uDk
1241,103873,763.0,https://youtu.be/Ytg1JFrI2AA
1242,97441,9665.0,https://youtu.be/-OS-OE1EcHI
1243,100519,18971.0,
1244,79522,696.0,https://youtu.be/J5c93q3gU3w
1245,100150,379.0,https://youtu.be/R1kRUyVeEOg
1246,97165,207.0,https://youtu.be/s_jsDreXFZU
1247,61722,37247.0,https://youtu.be/KVNFaxJspMQ
1248,52311,1480.0,https://youtu.be/wuSCUVqaDZw
1249,100263,9322.0,https://youtu.be/Gh8RoDMUUsA
1250,50212,826.0,https://youtu.be/RlC7XBayj0s
1251,56801,422.0,https://youtu.be/yruJBocWfn4
1252,71315,829.0,https://youtu.be/T37QkBc4IGY
1253,43456,828.0,https://youtu.be/sU_wBld7FPo
1254,40897,3090.0,https://youtu.be/1DwXNmorsa0
1255,92610,9964.0,https://youtu.be/7IHwKJOZZ6U
1256,23969,3063.0,https://youtu.be/MSMTkUYyKYU
1257,88794,13667.0,https://youtu.be/NdSavg_i_lw
1258,81505,694.0,https://youtu.be/FZQvIJxG9Xs
1259,92005,235.0,https://youtu.be/2YOHpIjaUqI
1260,22100,832.0,https://youtu.be/nsVproWjN6c
1261,92991,765.0,https://youtu.be/s7WNgzilRBw
1262,57115,5925.0,https://youtu.be/8No6XGbvr0w
1263,77416,11778.0,https://youtu.be/g7q1SjVdsNk
1264,82269,4485.0,https://youtu.be/Xe0fzh7MJZo
1265,107048,137.0,https://youtu.be/_ADlbEQG_VA
1266,105695,33.0,https://youtu.be/amE57OniG9Y
1267,56218,982.0,https://youtu.be/tgCyowLRfvA
1268,100436,8428.0,https://youtu.be/uo-km-qfJe8
1269,36613,212.0,https://youtu.be/v49IghHDUdM
1270,88763,105.0,https://youtu.be/WRrCVyT09ow
1271,101921,1633.0,
1272,66206,11202.0,https://youtu.be/bLXzqSmxGaM
1273,90967,1554.0,https://youtu.be/IeFU1PJ-APQ
1274,94625,149.0,https://youtu.be/NAqv2gi-Cik
1275,91203,8009.0,https://youtu.be/Bky9VbKcyIk
1276,61512,903.0,https://youtu.be/cxKUupk0kbY
1277,99334,11673.0,https://youtu.be/fJyaXzAmYPs
1278,72431,3034.0,https://youtu.be/sO8g8VmFf0M
1279,102536,339.0,https://youtu.be/F1m6GlPyOSU
1280,101640,10404.0,https://youtu.be/L0ATH3N1gsM
1281,32553,914.0,https://youtu.be/i1C6qZVeFtA
1282,32455,756.0,https://youtu.be/eD8U083gQmY
1283,44706,288.0,https://youtu.be/vFRm6xPDLFc
1284,38355,910.0,https://youtu.be/ZjRt87ARxyM
1285,97493,2640.0,https://youtu.be/WE3_uwJC4NQ
1286,81534,16633.0,https://youtu.be/9uicvPZSKIM
1287,52618,665.0,https://youtu.be/f2y1gDeZ230
1288,88258,11031.0,https://youtu.be/237Wt9WdvUE
1289,85809,11314.0,https://youtu.be/BRItSHelLr4
1290,94006,15143.0,
1291,97576,89.0,https://youtu.be/DKg36LBVgfg
1292,78841,10322.0,https://youtu.be/oOOghKacg40
1293,83987,783.0,https://youtu.be/vziq3CA_C30
1295,96332,10644.0,https://youtu.be/UyxFXH0kzmE
1296,91867,11257.0,https://youtu.be/DgZkCc3xFl4
1297,89886,14370.0,https://youtu.be/xuv7SIVNkx8
1298,84503,12104.0,https://youtu.be/zErk5gIbilg
1299,87553,625.0,https://youtu.be/mTfqXmVVjPU
1300,89606,8816.0,https://youtu.be/VxzO8Qx96O4
1301,49223,830.0,https://youtu.be/Gu-peHw2w6I
1302,97351,2323.0,https://youtu.be/-jUOGhUqGdk
1303,73341,983.0,https://youtu.be/pJA9HIPbERk
1304,64115,642.0,https://youtu.be/YdJW2UxvSFQ
1305,87884,655.0,https://youtu.be/Nmvte2r7Z8c
1306,101458,10341.0,https://youtu.be/zfFWBWKwQT8
1307,98635,639.0,https://youtu.be/TQpG579MsQ4
1310,116589,30180.0,
1312,116293,41801.0,https://youtu.be/ZDQGMdoR5yg
1318,112537,18762.0,https://youtu.be/e5MWplVDWu8
1320,103644,8077.0,https://youtu.be/e45rAwndek8
1321,82010,814.0,https://youtu.be/EM9quAtFUH4
1322,103678,41671.0,https://youtu.be/q5JVXldytgU
1323,85159,27214.0,https://youtu.be/6SOBXnEY-Cc
1324,115535,52263.0,
1325,106262,33519.0,https://youtu.be/5PmJj5-DvHs
1326,83550,16235.0,https://youtu.be/n-1wwxK2wIs
1327,78767,11449.0,https://youtu.be/75irzlk2HyU
1328,99030,41848.0,https://youtu.be/zU2FxPsw9Sw
1329,71233,25944.0,https://youtu.be/-mxhJzSKV08
1330,90655,24913.0,https://youtu.be/tjT58KaVI3s
1331,75704,49126.0,https://youtu.be/qGcbsm37jb8
1332,92632,32076.0,https://youtu.be/KKlqc5LUGMA
1333,56869,571.0,https://youtu.be/lCxR7dlavwg
1334,51418,8851.0,https://youtu.be/1dBGk6xFBT8
1335,82083,37843.0,https://youtu.be/LaKYBzvScUc
1336,101492,32146.0,https://youtu.be/3iuSPLth6PY
1337,37549,30346.0,https://youtu.be/CM2ZwiLzR30
1339,103874,6114.0,https://youtu.be/k1pLzUEZmOA
1340,26138,229.0,https://youtu.be/gJoE3AIHTjU
1341,74258,13549.0,https://youtu.be/JKjYZibnOfA
1342,103919,9529.0,https://youtu.be/CeLZMhkFTuU
1343,101540,1598.0,https://youtu.be/mPsOIhZJug4
1344,55824,11349.0,https://youtu.be/lej6ZDMieD4
1345,74285,7340.0,https://youtu.be/5NmGPCjXph0
1346,83722,6217.0,https://youtu.be/VKMFlipKWs8
1347,87800,377.0,https://youtu.be/CBcVZcornjI
1348,13442,653.0,https://youtu.be/npxhdRMYHy0
1349,91651,28198.0,https://youtu.be/bHsSwdx2NCI
1350,75005,794.0,https://youtu.be/mgjVPPVtnII
1351,115710,31640.0,https://youtu.be/4EYz-SCVgpQ
1352,115495,8744.0,https://youtu.be/eB76XiTiMBA
1353,117057,25189.0,
1354,115751,145.0,https://youtu.be/dPmWixRLFPQ
1355,119791,2212.0,https://youtu.be/-08FkMkgM4w
1356,117731,199.0,https://youtu.be/YQ1eiEvefKI
1357,117631,7863.0,https://youtu.be/vTt4Ar6pzO4
1358,117666,12498.0,https://youtu.be/DfnPrMypS8U
1359,116705,9279.0,https://youtu.be/04CWFXHYMGk
1361,117293,17204.0,https://youtu.be/Tfj_bVIwyeA
1363,117372,21539.0,https://youtu.be/kYIFhk4lutY
1365,117477,12709.0,https://youtu.be/IICdZuA97hY
1366,115988,20539.0,https://youtu.be/4OBffF0s3Hc
1367,115433,11674.0,https://youtu.be/mom8X7zk7PE
1370,99423,1573.0,https://youtu.be/IoZCfS5290M
1371,79945,152.0,https://youtu.be/JEe29nQ4Mas
1372,102975,174.0,https://youtu.be/tUQtoL6LpMU
1373,98382,172.0,https://youtu.be/XE7_pOy_jZk
1374,84726,154.0,https://youtu.be/vOIYaRb6XpQ
1375,88170,157.0,https://youtu.be/4wzG1u4zStM
1376,92007,168.0,https://youtu.be/4IJVV2sjPT8
1377,103776,364.0,https://youtu.be/TlbtLfWvFbo
1378,96487,11967.0,https://youtu.be/2OAF9_lUryk
1379,100994,9086.0,
1380,77631,621.0,https://youtu.be/THd96gHV7Tg
1381,84021,9037.0,https://youtu.be/bIWUWksk8Ns
1382,100114,10173.0,
1385,105690,8845.0,https://youtu.be/Rl8pTF4f3Jg
1387,73195,578.0,https://youtu.be/N9hzLQUGr34
1388,77766,579.0,https://youtu.be/2-KIByGsyaI
1389,85750,17692.0,
1390,117119,17795.0,https://youtu.be/B8NNXi4-yxQ
1391,116996,75.0,https://youtu.be/HK6moeA-w5w
1392,115906,13891.0,https://youtu.be/oIb4KbnMQ38
1393,116695,9390.0,https://youtu.be/KUd3gwaf0KQ
1394,93822,378.0,https://youtu.be/OjWu8i6eMZo
1395,94155,10896.0,https://youtu.be/ajetxCpdwbY
1396,105435,2322.0,https://youtu.be/NEhgUxQ322A
1397,115633,41240.0,
1398,116621,26949.0,https://youtu.be/DVEUGM3Scck
1399,116999,9819.0,https://youtu.be/XjnTcV6aJvA
1401,116410,31908.0,
1405,115641,3179.0,https://youtu.be/jRnVQ4NBXko
1406,112769,1802.0,
1407,117571,4232.0,https://youtu.be/U0LETmDvuXc
1408,104691,9361.0,https://youtu.be/c9TED2yeoRo
1409,117038,2928.0,https://youtu.be/Tw1jwFTDrSU
1411,116477,10549.0,https://youtu.be/05zTajDCXLc
1412,117690,58102.0,
1413,118163,18451.0,https://youtu.be/bHvOeMRgPuw
1414,117091,27265.0,
1415,118100,49935.0,
1416,116250,8818.0,https://youtu.be/jXzJXj2x0Rk
1417,117364,36758.0,https://youtu.be/x9brMfU0OGU
1419,67959,36040.0,https://youtu.be/Fdqwbs8uKwQ
1422,119731,9415.0,https://youtu.be/VKa2-Uy6-L4
1423,116506,55146.0,
1425,119115,12145.0,https://youtu.be/fU9zV8gdEUw
1426,120550,42424.0,
1427,120390,34314.0,https://youtu.be/arr-4RGgJvU
1428,112362,2892.0,https://youtu.be/rx9wZfaxIfQ
1429,116704,9404.0,https://youtu.be/8DqtXHuS-rw
1430,120414,85242.0,
1431,118708,9622.0,https://youtu.be/XSwpv54VgK8
1432,119664,8860.0,https://youtu.be/6bumn8hGuOQ
1437,106535,14832.0,https://youtu.be/mBzAFD3kF3w
1438,118928,9619.0,https://youtu.be/p_oFoX3GniA
1439,119644,40506.0,https://youtu.be/Z8MBl2oi7dg
1440,106266,31000.0,https://youtu.be/vemvP58rEWs
1441,106387,4104.0,https://youtu.be/oPjBb1qeiK4
1442,119937,26306.0,https://youtu.be/FmtqzdHOECc
1445,119640,14908.0,https://youtu.be/K_MLWXe3PCc
1446,116790,784.0,https://youtu.be/TJ7XTi9S_Ag
1447,119225,12489.0,https://youtu.be/Zz12rUg_15c
1449,118111,16448.0,https://youtu.be/DE_KdBT-xVU
1453,118691,17894.0,https://youtu.be/mI6p6BHQHL4
1454,120238,28059.0,https://youtu.be/sHxxbcI8g6A
1456,119887,17949.0,https://youtu.be/p6mRIElGyE8
1457,119141,1968.0,https://youtu.be/hLKa24D1KUk
1458,120357,61563.0,https://youtu.be/-MT3V4eY42s
1459,118548,66.0,https://youtu.be/v1VZcpPJ9Hw
1460,120317,20735.0,https://youtu.be/mAroIlS6CD4
1461,120434,11419.0,https://youtu.be/U5jQU0gsuaE
1464,116922,638.0,https://youtu.be/TJGd5CUfar8
1465,120036,25624.0,https://youtu.be/veXzhAxlvxw
1466,119008,9366.0,https://youtu.be/yRj2FKLsQbU
1468,118750,21915.0,https://youtu.be/wdaNdRAOlJU
1473,118702,19952.0,
1474,119432,9446.0,https://youtu.be/7tpZNBnqZqU
1475,116743,28005.0,
1476,119951,9403.0,https://youtu.be/RQFfqUUaNqs
1477,119572,27322.0,https://youtu.be/xNMoQ_Cqt4E
1479,120053,10003.0,https://youtu.be/qkscr4gDcP8
1480,120152,9311.0,https://youtu.be/sr7svnup0Dk
1483,115964,884.0,https://youtu.be/9dIC-lDgpZU
1484,116041,49806.0,https://youtu.be/HBZ3iVspjd8
1485,119528,1624.0,https://youtu.be/odPUipiGYek
1487,120094,16052.0,https://youtu.be/RzePZay7fbQ
1488,118972,4477.0,https://youtu.be/6IBlMoVIC9A
1489,118829,24662.0,https://youtu.be/J4SLVwTzjGI
1490,118663,18423.0,https://youtu.be/cHPpnwYVV8s
1493,116931,76996.0,https://youtu.be/BScnohmeLBY
1495,120389,6499.0,https://youtu.be/NA8LYE7afBM
1496,118623,50512.0,https://youtu.be/my7icJ-mfmc
1497,119013,9405.0,https://youtu.be/-LBlDqsUaGI
1498,119381,12723.0,https://youtu.be/0ThSqKNO-zQ
1499,118615,9360.0,https://youtu.be/ZkjWyIdIBJo
1500,119229,9434.0,https://youtu.be/RL1oWnFyyZ8
1502,116783,21626.0,https://youtu.be/AakbRH_71gE
1503,118541,13982.0,
1507,119859,77223.0,https://youtu.be/d_m6IhkTwxM
1513,120032,9611.0,https://youtu.be/SBsOzaI0NSM
1514,116295,47694.0,https://youtu.be/zJV9dRGG05k
1515,120461,10357.0,https://youtu.be/M320q7FEjQY
1516,115886,9977.0,https://youtu.be/VYtklkIQOqQ
1517,118655,816.0,https://youtu.be/9HGy-c4_xFg
1518,118771,2163.0,https://youtu.be/ECIc4pX8zKA
1519,115760,124680.0,https://youtu.be/_RzinWFTgpo
1526,119109,12499.0,https://youtu.be/fBwwYHSogdE
1527,119116,18.0,https://youtu.be/5Sg2RkdkSvk
1529,119809,1811.0,https://youtu.be/Yp3ZYlFShk0
1533,117398,105045.0,
1537,117615,11239.0,https://youtu.be/46HQAq2te-M
1541,118556,2058.0,https://youtu.be/-O6rOQvo_HM
1542,115744,9450.0,https://youtu.be/SXJvg9vpg40
1544,119567,330.0,https://youtu.be/vtfwgaHD5_w
1545,117359,38523.0,https://youtu.be/sgXbG12kJXI
1546,117561,16375.0,https://youtu.be/f2E7ArARdaE
1547,120118,33660.0,https://youtu.be/Y7fGNsgCcHc
1549,114303,45671.0,https://youtu.be/4WuEkA0ns-w
1550,120373,17770.0,https://youtu.be/4DMkNYxCyKA
1551,118787,15170.0,https://youtu.be/WMvW_-N9FUM
1552,118880,1701.0,https://youtu.be/Olvpk5BXWCI
1554,114134,26422.0,https://youtu.be/z4I75Rvb0zo
1556,120179,1639.0,https://youtu.be/tRAxg_8HAsc
1562,118688,415.0,https://youtu.be/Zc7sjDHW2KY
1564,120034,65889.0,
1565,116502,11103.0,https://youtu.be/eMNKYXlSjeE
1566,119282,11970.0,https://youtu.be/mXRDoJqg5Oo
1569,119738,8874.0,https://youtu.be/7gRQFgdtAXs
1571,115856,11956.0,
1572,57345,266.0,https://youtu.be/y-zc8r3F_QY
1573,119094,754.0,https://youtu.be/3zebJ_NoduE
1574,119098,37567.0,
1580,119654,607.0,https://youtu.be/HYUd7AOw_lk
1581,119848,18080.0,
1582,120512,38225.0,https://youtu.be/0lj0nw7X9y8
1583,120133,17834.0,https://youtu.be/cVYQN5Al1ck
1584,118884,686.0,https://youtu.be/s3hcz8OCd-Q
1585,116930,65046.0,https://youtu.be/U-QL4Gi1Ey0
1586,119173,4421.0,https://youtu.be/FDrXl6WOPZA
1587,82198,9387.0,https://youtu.be/mwLBes2Gr8E
1588,119190,10603.0,https://youtu.be/PP9VGoP8xnI
1589,118887,2142.0,https://youtu.be/DWLFW9iAr-E
1590,119081,8413.0,https://youtu.be/Ix9CHnOo94k
1591,120177,10336.0,https://youtu.be/UoeMuhP6Mp8
1592,118570,20737.0,https://youtu.be/NNZZDcARCFY
1593,119896,9413.0,https://youtu.be/yAzzi9CJOZU
1594,119361,14585.0,https://youtu.be/5kvfCm-rVpQ
1596,118818,49462.0,https://youtu.be/xxil12x9uuU
1597,118883,8834.0,https://youtu.be/gOoEZT_C7gA
1598,118966,9458.0,https://youtu.be/d1j4oZVfQfM
1599,120207,8854.0,
1600,120112,38295.0,https://youtu.be/fDRO_SlFnZ4
1601,119311,22073.0,https://youtu.be/zpK6JPgTzxs
1602,119509,37244.0,
1603,119675,4961.0,https://youtu.be/LL-GB11uyTI
1604,119695,9416.0,
1605,119086,26180.0,https://youtu.be/GhX7-V-ShiQ
1606,119484,17832.0,https://youtu.be/Qlondt_U4w4
1608,118571,9772.0,https://youtu.be/FItgZOuaPVY
1609,118531,6072.0,https://youtu.be/c5Su5PMMN7w
1610,99810,1669.0,https://youtu.be/kxL8uBmdulY
1611,102494,468.0,https://youtu.be/t2Xnv2nV0lI
1612,119465,32519.0,
1613,120197,108401.0,
1614,119360,10806.0,https://youtu.be/fxD7Ty5ZhQE
1615,119051,9433.0,https://youtu.be/8vx9hmri6H0
1616,119874,6623.0,https://youtu.be/QG8O3Cr9kEs
1617,119488,2118.0,https://youtu.be/QeIoelqDzsA
1619,120102,978.0,
1620,119468,9437.0,https://youtu.be/X9oG87OLjyw
1621,120169,29461.0,https://youtu.be/nsxjqvBhBWk
1623,120524,10351.0,https://youtu.be/dbbUSeXxc_A
1624,120323,66588.0,https://youtu.be/eGH5iZZxFBg
1625,119174,2649.0,https://youtu.be/9KXxG-KjfUc
1626,119123,14289.0,https://youtu.be/67aF_v-At-k
1627,120399,10155.0,https://youtu.be/uidcyKDkFWU
1629,119632,20457.0,
1631,118647,18355.0,https://youtu.be/rD0MQC41xk0
1633,120402,55306.0,https://youtu.be/ORI2PFOePYM
1635,119349,68924.0,https://youtu.be/GALtpiBSG3I
1639,118842,2255.0,https://youtu.be/2PwIAmcrr3E
1641,119164,9427.0,https://youtu.be/d6bjW9OwSQc
1642,116631,172545.0,https://youtu.be/SBk7n3doCsY
1643,119280,17589.0,https://youtu.be/DsnOyuU2o6A
1644,119345,3597.0,https://youtu.be/rEnCEM48QaY
1645,118971,1813.0,https://youtu.be/etrZJJC4ox8
1646,120029,36797.0,https://youtu.be/CJWolzZRQx4
1647,119906,12628.0,https://youtu.be/k0GfYWswQ3Q
1648,119324,33344.0,https://youtu.be/48-M7MfrYMc
1649,119107,25099.0,
1650,120481,45019.0,https://youtu.be/K3i253Glu20
1652,120539,62422.0,https://youtu.be/CoJicHPkPa8
1653,119177,782.0,https://youtu.be/NIIZ2P-fiyI
1654,119095,29911.0,
1655,119891,9827.0,https://youtu.be/HynK3ZkjtcE
1656,120257,1959.0,https://youtu.be/R1y35-dlbvU
1658,119535,8067.0,https://youtu.be/0AU-Mz0vK9E
1659,119338,125052.0,https://youtu.be/XumaKYDG9dM
1660,119080,45153.0,https://youtu.be/6mXU9qVFRpM
1661,119210,10871.0,https://youtu.be/8mfhtbEDDoU
1662,118900,14398.0,https://youtu.be/yom2xLNiKTM
1663,83131,10890.0,https://youtu.be/sKHwEoCIYqA
1665,118689,1281.0,https://youtu.be/-jCq13TtzRY
1667,119592,9770.0,https://youtu.be/r4fIOWINnHk
1670,120490,14905.0,https://youtu.be/IOmm1OD2ArQ
1671,119527,14583.0,
1672,119978,11975.0,https://youtu.be/Odb3LrbvS_0
1673,118749,4995.0,https://youtu.be/YN7pcEa83dU
1674,90329,9281.0,https://youtu.be/dMie2KoPVkc
1675,119365,45928.0,https://youtu.be/xReR33oKcDw
1676,120201,563.0,https://youtu.be/zPYuV_jGk7M
1677,118901,61337.0,https://youtu.be/NnqNzGt9BiQ
1678,107282,19931.0,https://youtu.be/TNiWeqvrFz8
1679,118836,31535.0,https://youtu.be/rsGr2_8jez0
1680,120148,10215.0,https://youtu.be/Da-Mizk86AE
1681,119707,9823.0,https://youtu.be/PvG9HPUPCLg
1682,120382,37165.0,https://youtu.be/N1VlDVRiFrk
1683,120520,45609.0,https://youtu.be/a03XaApFiz4
1684,119723,38904.0,https://youtu.be/p6Iv7r-aRWs
1685,116592,45565.0,
1686,119994,9407.0,https://youtu.be/0nlfKbMIh4g
1687,119395,4824.0,https://youtu.be/_3UCCtpFET8
1688,118617,9444.0,https://youtu.be/1vC1Ju__0R8
1689,120483,9414.0,https://youtu.be/-YAhpfcdx0U
1690,118583,8078.0,https://youtu.be/vu1tVYGsJ1Q
1693,118607,11831.0,https://youtu.be/pMNArpFZXk0
1694,118632,2895.0,https://youtu.be/nkL2wYSydN4
1695,123385,39177.0,
1696,118698,19601.0,https://youtu.be/GA0CCzh3x_g
1699,118804,22797.0,https://youtu.be/mdvtR8Hup4E
1701,118954,2639.0,https://youtu.be/WwXOol3hRUg
1702,119137,9574.0,https://youtu.be/dl4r6JK6vgY
1703,119142,10371.0,
1704,119217,489.0,https://youtu.be/ReIJ1lbL-Q8
1707,119303,9714.0,https://youtu.be/PP--dDh4axI
1711,119668,8197.0,https://youtu.be/bUvm4Yd4ebA
1713,119715,6283.0,https://youtu.be/zgjUMHGjO0k
1717,120082,4233.0,https://youtu.be/C-j2TLBmTBY
1718,120222,191874.0,
1719,120255,10217.0,https://youtu.be/F7w-dPZI_LY
1721,120338,597.0,https://youtu.be/wO44qBPBG4c
1722,120347,714.0,https://youtu.be/QP1FMpIo-uQ
1726,119925,9922.0,https://youtu.be/BC8FxxvXYTY
1727,119314,547.0,https://youtu.be/W_1dKoCQlxY
1729,119396,184.0,https://youtu.be/Mr5aO3Ltrdg
1730,119485,9746.0,https://youtu.be/TW2USm6wTSA
1731,119718,9438.0,https://youtu.be/h4CChNuUxYA
1732,118715,115.0,https://youtu.be/GiwMMziJdqg
1733,118566,26941.0,https://youtu.be/TzXKj2X1TKI
1734,119590,27103.0,https://youtu.be/gyRURX2h7G4
1735,119223,9410.0,https://youtu.be/Sy0hc1_4yiI
1739,118539,32302.0,
1746,120820,12538.0,https://youtu.be/A6pM-4m7xQ0
1747,120885,586.0,https://youtu.be/steA_PZPkc8
1748,118929,2666.0,https://youtu.be/30mmoegSQCs
1752,120696,11258.0,https://youtu.be/FOPWoK-tpYU
1753,120693,9490.0,
1754,119099,9411.0,https://youtu.be/eSCMzZoKkyg
1755,120122,25719.0,https://youtu.be/vi4FsOzFZEs
1757,112913,11220.0,https://youtu.be/uxaT19BlH0M
1759,119815,21253.0,
1760,120185,6116.0,https://youtu.be/sCRRl8602Hk
1762,118956,9457.0,https://youtu.be/gVFEVXIyu00
1767,119734,39424.0,https://youtu.be/ZP12lveblKo
1769,120008,11702.0,
1770,120594,2923.0,https://youtu.be/SLfl0RiOvEM
1771,119784,12238.0,
1772,118747,11568.0,https://youtu.be/jtOdLDXCfyM
1777,120888,11003.0,https://youtu.be/8yjOXMTa6vA
1779,120184,10153.0,https://youtu.be/dz9LvCAOoDA
1783,120782,30949.0,https://youtu.be/kBZJ2F88Ywc
1784,119822,2898.0,https://youtu.be/t2d89afgtqg
1785,99939,9558.0,https://youtu.be/bt94pENFmjc
1791,119594,26269.0,https://youtu.be/yPt0jp1o9jU
1792,120873,11808.0,https://youtu.be/aV9MiAQ_EDA
1793,120491,6970.0,
1794,119574,47452.0,
1797,120661,21736.0,https://youtu.be/-zO1tJPxcnU
1798,118744,17941.0,https://youtu.be/BmtVg6zxADw
1799,120241,10668.0,https://youtu.be/zGR8t4rSMUU
1801,120744,9313.0,https://youtu.be/gnNt7l2nA_o
1804,120769,42807.0,
1805,120890,617.0,https://youtu.be/RbnGi43LqI4
1806,125454,36568.0,https://youtu.be/AGV8nB_EEAU
1807,120642,37272.0,
1809,119250,5910.0,https://youtu.be/PwTWtAE3ylY
1810,119942,9440.0,https://youtu.be/llEsfNtE4iQ
1812,120510,32911.0,https://youtu.be/Mf0cPAJ27hs
1816,124179,32456.0,https://youtu.be/TOEUpyMZl94
1821,120772,17127.0,
1824,119305,17133.0,https://youtu.be/00MGwq1eNNQ
1825,119905,19848.0,
1826,120598,17644.0,
1827,124295,1774.0,
1829,118851,30265.0,https://youtu.be/t8NYCGnEP3g
1831,120738,2157.0,https://youtu.be/X19rPM4_ZfA
1833,120749,8838.0,https://youtu.be/jkAGQJZFEmg
1834,120176,29193.0,https://youtu.be/DPF-5KNmqq4
1835,120632,795.0,https://youtu.be/o_dAOSFvTLI
1836,120728,16980.0,https://youtu.be/QouayPT1DDY
1837,120773,27472.0,https://youtu.be/BSsjfuxlTu0
1839,120765,47881.0,https://youtu.be/h5Jb1kYRewk
1840,124718,9469.0,https://youtu.be/LnN4t7xJd_s
1841,119196,12488.0,https://youtu.be/xSMT-ysb_EU
1844,118819,267.0,https://youtu.be/R2cXd-gB0B0
1845,120906,16148.0,https://youtu.be/eSH8Y3h5j-g
1848,118755,9449.0,https://youtu.be/lgZQ8gyUlwI
1855,120725,31220.0,https://youtu.be/_yZ2AKzt4IE
1856,138563,13907.0,https://youtu.be/gL_qQunAwNM
1857,119987,29825.0,https://youtu.be/fEq5SOQpGsc
1858,117786,10622.0,https://youtu.be/PznkKtrh6qo
1859,120265,30020.0,https://youtu.be/ukmYdGwVqPg
1860,119448,17139.0,
1862,120841,10216.0,https://youtu.be/26Y8rv9f0d8
1863,120742,9771.0,https://youtu.be/o6-wczHGRHk
1866,120609,9448.0,https://youtu.be/ge4RlzTujq8
1867,120856,38618.0,
1870,118925,78373.0,
1873,119683,4415.0,https://youtu.be/JhhsylxYafE
1875,118866,55561.0,
1876,120647,8656.0,https://youtu.be/XfcoWexWCzc
1881,120800,18937.0,https://youtu.be/m_UkUkRSJ50
1882,120685,929.0,https://youtu.be/D4utwfq-iTg
1883,118798,9452.0,https://youtu.be/PWca7MI-RBs
1884,120669,1878.0,https://youtu.be/Rx-EsbhLZLQ
1885,120777,9844.0,https://youtu.be/R4ZzqLPvagc
1887,119053,14342.0,https://youtu.be/NgHm7-S82SI
1888,119313,9715.0,https://youtu.be/nNVbi6tGhrg
1889,119375,26610.0,https://youtu.be/cbItn9Laz3c
1891,120401,40961.0,
1892,120787,1965.0,https://youtu.be/aaQ8YI-rX2s
1893,116692,312.0,
1894,120828,6068.0,https://youtu.be/P_cWHAPogMo
1895,127723,15037.0,https://youtu.be/qukvN6ieeMY
1897,139362,37636.0,https://youtu.be/GOpsWJN_SHM
1900,118849,21334.0,https://youtu.be/dqxvZeQsVzY
1902,116141,32284.0,https://youtu.be/SidZYXhVgJQ
1904,122529,37410.0,https://youtu.be/tmF9RIJVmsw
1906,119717,53765.0,https://youtu.be/SOmd9JbQ9lo
1907,120762,10674.0,https://youtu.be/2z2KsFZs-8I
1909,120902,846.0,https://youtu.be/NmVHEEogDII
1910,126344,12655.0,https://youtu.be/vvjMed6Wlug
1911,118998,3050.0,https://youtu.be/LWbtxG-jXMY
1912,120780,1389.0,https://youtu.be/WE49DjCAZCc
1913,73540,11020.0,https://youtu.be/OOA1UY_ND2M
1914,120321,20862.0,https://youtu.be/vQhviwp8j38
1916,118789,9464.0,https://youtu.be/r7JXNyiPBIQ
1917,120591,95.0,https://youtu.be/pCWKG2HVqRE
1918,122151,944.0,https://youtu.be/pi2cGmz9Q2A
1919,123987,35680.0,https://youtu.be/dYqx5vFA6is
1920,122718,11551.0,https://youtu.be/YwIt5wagRsg
1921,138704,473.0,https://youtu.be/yRjkQT9xLZs
1922,140688,102304.0,
1923,129387,544.0,https://youtu.be/503D8hOfE_8
1924,52077,10513.0,https://youtu.be/-ogFqPog4ZE
1926,19729,65203.0,https://youtu.be/XAcr4bb9ppI
1927,20629,143.0,https://youtu.be/Qeh3DlBEjAc
1928,21746,42861.0,
1929,22958,33680.0,https://youtu.be/QFBKK8uaPww
1931,26752,12311.0,https://youtu.be/fi2YzRJwe2c
1932,27698,43277.0,https://youtu.be/h-Rez1xM3yo
1933,29146,43278.0,https://youtu.be/bTStzVavGpo
1934,30993,34106.0,https://youtu.be/tUJLqOGoAAo
1936,35093,27367.0,https://youtu.be/QXXHxxSZZ8A
1937,36872,17661.0,https://youtu.be/0cGqBXb3QVQ
1938,37884,28580.0,https://youtu.be/eVb2LVcDfTQ
1939,36868,887.0,https://youtu.be/X9lufYAOxes
1940,39416,33667.0,https://youtu.be/sFeFjUGm81s
1941,40416,23383.0,https://youtu.be/9G8LjlR60bw
1942,41113,25430.0,https://youtu.be/DivcuGBAHcI
1944,45793,11426.0,https://youtu.be/gFqfmJXrgUc
1945,47296,654.0,https://youtu.be/boekTHsOIY8
1946,48356,15919.0,https://youtu.be/nchN0nEsXnA
1947,55614,1725.0,https://youtu.be/HpKbrpPiExA
1948,57590,5769.0,https://youtu.be/C0DDuzX2bjM
1949,60665,874.0,https://youtu.be/HM7jj9t2CQ8
1950,61811,10633.0,https://youtu.be/d15DhX_ltls
1951,63385,17917.0,https://youtu.be/PKKLLm715iw
1952,64665,3116.0,https://youtu.be/o29GST0Lj28
1953,67116,1051.0,https://youtu.be/T76K3RxJY0A
1954,75148,1366.0,https://youtu.be/-Hk-LYcavrw
1955,79417,12102.0,https://youtu.be/OXw67SqTtNg
1956,81283,16619.0,https://youtu.be/vtpsjMEGbaE
1957,82158,9443.0,https://youtu.be/AawHrbzbuMI
1958,86425,11050.0,https://youtu.be/FjLFMTIDkIM
1959,89755,606.0,https://youtu.be/CbVTzvvvtQ8
1960,93389,746.0,https://youtu.be/uJilPHcnnjw
1961,95953,380.0,https://youtu.be/LPyO0xBv3Gc
1962,97239,403.0,https://youtu.be/pKRj7QCIXnY
1963,65063,11485.0,https://youtu.be/q2hJQ-eBrfo
1964,67309,466.0,https://youtu.be/cB4JB8kECFk
1965,87995,13820.0,https://youtu.be/NK8ETgSLRpA
1966,100142,15389.0,https://youtu.be/_spYUaPcRp4
1967,91369,13597.0,https://youtu.be/AXemGGHRr3M
1968,88847,2108.0,https://youtu.be/c7VUZ29Ezcc
1969,89686,10014.0,https://youtu.be/9iqNVyjwLFA
1970,93629,10072.0,https://youtu.be/NBlRD5cAZUg
1971,95742,10131.0,https://youtu.be/jc-9vF9F_eg
1972,97981,10160.0,https://youtu.be/LFm_jiI8RiA
1973,101917,11284.0,https://youtu.be/MiyCvEIsNGg
1974,80761,4488.0,https://youtu.be/8nYuu5jpWVs
1975,82418,9725.0,https://youtu.be/3mNnJuOoI80
1976,83972,9728.0,https://youtu.be/SDdBhDJ7wdA
1977,87298,9730.0,https://youtu.be/8zcPf9fuDPg
1978,89173,9731.0,https://youtu.be/cZ5cMK-3Z_I
1979,91080,10225.0,https://youtu.be/4ETsQHtUqcs
1980,95179,10281.0,https://youtu.be/7AyRUWJriuY
1981,97388,10283.0,https://youtu.be/PkC417SQKao
1982,77651,948.0,https://youtu.be/3JsrH8eUVOo
1983,82495,11281.0,https://youtu.be/W34hF0rsj94
1984,85636,10676.0,https://youtu.be/kk8QJdD5ExE
1985,95271,11357.0,https://youtu.be/rpH4GkSsXg4
1986,97474,11361.0,https://youtu.be/gvTjz_LXvPo
1987,81383,36599.0,https://youtu.be/ZcDEYTKqLTQ
1990,105179,41769.0,https://youtu.be/aebIiQ8qAl8
1991,94862,10585.0,https://youtu.be/sjiyV8mtXiU
1992,99253,11186.0,https://youtu.be/A1LRR3jLNBs
1993,103956,11187.0,https://youtu.be/3No1jTRSvg8
1994,84516,609.0,https://youtu.be/RtKn4rHAMAg
1995,91778,11133.0,https://youtu.be/mjhr8EdGyD0
1996,95889,10306.0,https://youtu.be/_lCfugr2qJU
1997,70047,9552.0,https://youtu.be/BU2eYAO31Cc
1998,76009,11586.0,https://youtu.be/zmMYylgRe4s
1999,99528,11587.0,https://youtu.be/-LGHQo6KvLA
2000,93409,941.0,https://youtu.be/RLu49mRcmYs
2001,97733,942.0,https://youtu.be/xGcCI8JWCic
2002,104714,943.0,https://youtu.be/qGqEpNGwanc
2003,87363,927.0,https://youtu.be/PXXZx6skXrw
2004,99700,928.0,https://youtu.be/Aamzs_Wn91U
2005,89218,9340.0,https://youtu.be/lYLAGAwcpSQ
2006,120746,9342.0,https://youtu.be/abwtRFZx8Rs
2007,119910,38509.0,https://youtu.be/sq4hc2KkBXI
2008,117898,60033.0,https://youtu.be/72e8RXpnsXc
2009,70723,12101.0,https://youtu.be/N_jGOKYHxaQ
2010,17136,19.0,https://youtu.be/ZAvzaOxDt2c
2011,96874,165.0,https://youtu.be/M8kvj07HpFI
2012,99088,196.0,https://youtu.be/DTdBq1fQOBU
2013,69113,551.0,https://youtu.be/H_5w-WmSdz0
2014,76054,16084.0,https://youtu.be/RQXG0wBV6So
2015,54594,17984.0,https://youtu.be/QrwqIEIQuoY
2016,78790,22328.0,https://youtu.be/kK3z45uaOOE
2017,54649,32611.0,https://youtu.be/SQf0Ne3UvPE
2018,34492,3170.0,https://youtu.be/-jXX-EYTAis
2019,47478,346.0,https://youtu.be/RsRN65PlaIM
2020,94947,859.0,https://youtu.be/i_odB2FsJ4w
2021,87182,841.0,https://youtu.be/sJ9VAJ1f0zU
2022,95497,11051.0,https://youtu.be/DCqn0gkwLEM
2023,99674,242.0,https://youtu.be/qQR85-nGk2M
2024,102757,1411.0,https://youtu.be/QuttvF_nf48
2025,119558,9769.0,https://youtu.be/ro4ty8zWcko
2026,134619,9424.0,https://youtu.be/ipcvwwIoEHo
2027,120741,9835.0,https://youtu.be/afiNZtmIKNE
2028,120815,857.0,https://youtu.be/RYExstiQlLc
2032,66811,20173.0,https://youtu.be/OIyiOtRfkzE
2033,88814,10957.0,https://youtu.be/WvWVQBdYE40
2034,78869,9570.0,https://youtu.be/0FKJNcV9Ym4
2035,62737,16249.0,https://youtu.be/0pgOSllKF_0
2036,109287,13962.0,https://youtu.be/mf-7OvD6oFQ
2037,75807,14612.0,https://youtu.be/v32ce9150hc
2038,77305,19378.0,https://youtu.be/iv3yDQ83Jcc
2040,65566,29228.0,https://youtu.be/32g-9Jbwlc4
2041,82199,19379.0,https://youtu.be/BHbsm86xKS0
2042,109520,11164.0,https://youtu.be/OI9PFPLwEcE
2043,52722,18887.0,https://youtu.be/0LOpdPUM6Ec
2044,82263,40866.0,
2046,91059,10122.0,https://youtu.be/gVebPEYiq2o
2048,91149,9994.0,https://youtu.be/s-v9FiDKyaA
2050,80861,12129.0,https://youtu.be/NsKl0dpczJw
2051,76137,14140.0,https://youtu.be/p0OtiZ0CMuA
2052,107120,10439.0,https://youtu.be/OFm_2RyxXjQ
2053,104437,11158.0,
2054,97523,9354.0,https://youtu.be/_av5kqcMVm4
2055,77698,28736.0,https://youtu.be/fRJK8C5smXI
2056,56095,34774.0,https://youtu.be/sBVu7oLdd1I
2057,57180,37969.0,https://youtu.be/1kHyY7LZlFU
2058,120768,9631.0,https://youtu.be/LJ1pS1W0XXg
2059,120783,9820.0,https://youtu.be/PMAhVpgzmRU
2060,131857,14013.0,https://youtu.be/UtxFvx3GE7c
2064,98213,1779.0,https://youtu.be/xPNmHPjkxdk
2065,89853,10849.0,https://youtu.be/u9qate1rGAg
2066,39689,678.0,https://youtu.be/bMgGuCIZnsM
2067,59113,907.0,https://youtu.be/M1iQ5hQTR5s
2068,83922,5961.0,https://youtu.be/UCXoXFdNa1o
2069,90203,47908.0,https://youtu.be/X2MO1gqdZOs
2070,86423,42121.0,https://youtu.be/0P_Rs0RkYD4
2071,106273,2887.0,https://youtu.be/PaHUzy-A05U
2072,96734,11974.0,https://youtu.be/cJ7bZpwzNfg
2073,89126,20348.0,https://youtu.be/I5Xpi1FHnjw
2074,71910,26648.0,https://youtu.be/wC7NPWSyx0I
2075,82736,11911.0,
2076,90756,793.0,https://youtu.be/rAA6imfqMYQ
2077,89385,35144.0,https://youtu.be/leaqKfAB12o
2078,61852,9325.0,https://youtu.be/qdkU9NmI0jA
2080,48280,10340.0,https://youtu.be/SAoLpLXvGN0
2081,97757,10144.0,https://youtu.be/ZGZX5-PAwR8
2082,104868,10414.0,https://youtu.be/Um_JU7HpSYQ
2083,104940,10437.0,https://youtu.be/JXaVI60BFJM
2084,104990,15300.0,https://youtu.be/B6GQso7TAXY
2085,55254,12230.0,https://youtu.be/d2ALWgaLypE
2087,46183,10693.0,https://youtu.be/u9crctwuDLk
2088,81353,11335.0,https://youtu.be/npUqfsI_L34
2089,100477,11135.0,https://youtu.be/O26Hr4nVR68
2090,76618,11319.0,https://youtu.be/bz4vILhWO18
2091,78158,14822.0,https://youtu.be/WJ4Tx4Vq_K8
2092,107952,15969.0,
2093,89908,13155.0,https://youtu.be/14EEGw_sdDQ
2094,102803,10249.0,https://youtu.be/EWTFiomK4mw
2095,75200,15943.0,https://youtu.be/qFn9Tmjj-hY
2096,53285,10882.0,https://youtu.be/pTd047cEBHg
2097,86336,24808.0,https://youtu.be/Up7KHbJTmoo
2098,57518,19762.0,https://youtu.be/BJNDjrX0GoQ
2099,38969,13850.0,https://youtu.be/jr4mbTK6s2s
2100,88161,2619.0,https://youtu.be/uv_77am0ec8
2102,19422,53565.0,
2103,111359,41841.0,https://youtu.be/_SEKFI00-g0
2104,84783,27332.0,https://youtu.be/wVkovfR5FCk
2105,84827,97.0,https://youtu.be/INv-OQ1clmw
2106,108265,10419.0,https://youtu.be/62dy01f9tCk
2107,120694,11675.0,https://youtu.be/xMpeZ1BXEO4
2108,102250,2107.0,https://youtu.be/0eCSmfP4g2c
2109,79367,6471.0,https://youtu.be/lduFFNqBFPs
2110,83798,9442.0,https://youtu.be/OQMbPy1_5h8
2111,85894,11591.0,https://youtu.be/P5m_9MmmduM
2112,101969,13697.0,https://youtu.be/0PI8VXaQiWs
2114,86066,227.0,https://youtu.be/3ud6PLVjY5Y
2115,87469,87.0,https://youtu.be/WBdyLyijZhU
2116,77869,123.0,https://youtu.be/wPe6BNPUmI0
2117,87803,9314.0,https://youtu.be/jp1XIC-QTaA
2118,85407,11336.0,https://youtu.be/qxJp_VQ5VUk
2119,91499,9980.0,https://youtu.be/HJud1R7g2Ns
2120,107665,10657.0,https://youtu.be/RWRji90WUuE
2121,85382,10489.0,https://youtu.be/vFUD8b-BZCc
2122,87050,10823.0,https://youtu.be/wHf4pnj2hg4
2123,96787,11497.0,https://youtu.be/aPVyonxi8II
2124,101272,2907.0,https://youtu.be/sanx3n6OrJI
2125,120631,9454.0,https://youtu.be/szP9U0uLl5U
2126,120832,8688.0,https://youtu.be/LwNgUdp2otk
2130,80388,23954.0,https://youtu.be/fwDjsStvBbA
2131,77711,12761.0,https://youtu.be/WDOTDB2cTSg
2132,61184,396.0,https://youtu.be/EOR5mzZyyNw
2133,92513,14367.0,https://youtu.be/uvG9ZAQh5Ko
2134,90305,11814.0,https://youtu.be/hnLH2f7ZTm0
2135,61584,16081.0,https://youtu.be/49CmzIRX1k0
2136,57372,18331.0,https://youtu.be/1DUkGjWVOlc
2137,70016,15171.0,https://youtu.be/QH2vwaiEHRY
2138,78480,11837.0,https://youtu.be/T67u55jjMbY
2139,84649,11704.0,https://youtu.be/q8skJYBxvNk
2140,83791,11639.0,https://youtu.be/P5Dj3jhy7xM
2141,90633,4978.0,https://youtu.be/1XC0REIj_F0
2142,101329,10380.0,https://youtu.be/klGXjnh3NQo
2143,89469,11976.0,https://youtu.be/ybnoJErfDas
2144,88128,15144.0,https://youtu.be/FDQu9IiPbOM
2145,91790,11522.0,https://youtu.be/mRLQUGq8eE8
2146,90060,11557.0,https://youtu.be/j9Z0Aq8VrN0
2147,90848,13853.0,
2148,91223,11415.0,https://youtu.be/9TSRT-cl-y8
2149,93220,37530.0,https://youtu.be/uF70pbMatKc
2150,80801,8393.0,https://youtu.be/HETyBgZtbQo
2151,97443,11937.0,https://youtu.be/_USEsg4JtYs
2152,140796,21661.0,https://youtu.be/rsl8lFegX1g
2153,118661,9320.0,https://youtu.be/-NfKTtTozWg
2154,120703,33644.0,https://youtu.be/0eF0BYJM1FY
2155,120831,14662.0,
2156,133413,125124.0,
2159,99763,10692.0,https://youtu.be/qxxZ8yspQyw
2160,63522,805.0,https://youtu.be/pwLKIcB0zDw
2161,88323,34584.0,https://youtu.be/ToUgsvlsemo
2162,100240,34636.0,https://youtu.be/e48Le1QjEdk
2163,80391,2182.0,https://youtu.be/zvYKOX5XMpI
2164,94077,28070.0,https://youtu.be/8gfwKxX5Lz4
2165,119517,77469.0,
2166,124595,10278.0,https://youtu.be/t58hRl6dLyY
2167,120611,36647.0,https://youtu.be/O2Y3FFFIvRI
2169,118301,14557.0,https://youtu.be/PZbXDnXEpfk
2170,120901,9417.0,https://youtu.be/IvEKtk0TCtI
2171,119778,41469.0,https://youtu.be/Q8meZ1qJ3Lk
2172,120692,19381.0,https://youtu.be/gWZ-NsM5okY
2174,94721,4011.0,https://youtu.be/po1HJbmow0g
2175,119033,161795.0,https://youtu.be/KR-kHtqs7vs
2176,40746,1580.0,https://youtu.be/mTmEraaEY20
2177,74512,5854.0,https://youtu.be/YVazwgLDFvI
2178,68611,573.0,https://youtu.be/As0nPLCMU7g
2179,65112,2370.0,https://youtu.be/mocX-_VeqRc
2180,61107,5780.0,https://youtu.be/KY0onrdb4ZE
2181,58329,506.0,https://youtu.be/zdErt_teseo
2182,51207,22527.0,https://youtu.be/5NQ_9OYmovo
2183,49470,574.0,https://youtu.be/YP8brOVQnKA
2184,48750,11219.0,https://youtu.be/171-YyvtCIM
2185,45897,30159.0,https://youtu.be/Nz2SxauV2DI
2186,44079,845.0,https://youtu.be/YojNaEJf_1k
2187,42994,1978.0,https://youtu.be/oRvWOz1-ekY
2188,120577,3682.0,https://youtu.be/zjrsvTvhe_c
2190,123324,46702.0,https://youtu.be/lIlWN0Dxvfw
2193,96446,847.0,https://youtu.be/9KhFp9fqrHc
2194,94226,117.0,https://youtu.be/YbzkK06MJjE
2195,120654,14577.0,https://youtu.be/UGO59S2mabY
2196,120724,37498.0,
2201,39694,31667.0,https://youtu.be/HCKqAc1z72w
2202,37017,13321.0,https://youtu.be/O_SGsmN96hk
2203,36342,21734.0,https://youtu.be/d9p3xKsckgY
2204,35279,31997.0,https://youtu.be/K4ELyvwPTTk
2205,33922,24197.0,https://youtu.be/HGfQ87J6xQk
2206,34248,11462.0,https://youtu.be/23gdJ0J6TY8
2207,31505,31995.0,https://youtu.be/cCZ9o9qduV8
2208,30341,940.0,https://youtu.be/YihbNGUNQmU
2210,28212,12684.0,https://youtu.be/178s548EjM4
2211,28231,2761.0,https://youtu.be/VjlorwhebtU
2212,25452,8208.0,https://youtu.be/hxrGvtF-SjE
2226,18328,36056.0,https://youtu.be/3aTyC8ck348
2227,17075,2760.0,https://youtu.be/BJnoaTzJdLs
2231,128442,10220.0,https://youtu.be/cjUgHE3hxyg
2232,123755,431.0,https://youtu.be/HYoTGYT0-I4
2236,124879,22796.0,https://youtu.be/AGU8cOHxSxo
2239,73817,37916.0,https://youtu.be/3rz8zh7tBro
2240,81207,21873.0,https://youtu.be/22_0SIwqWWY
2241,85346,21500.0,https://youtu.be/C5jZnTC3Tew
2243,92699,12626.0,https://youtu.be/WXYq-X3E7Ag
2244,92537,37818.0,https://youtu.be/DG9q-D69gx0
2245,96463,3525.0,https://youtu.be/va1UqFivi6A
2247,95593,2321.0,https://youtu.be/utU7opft6F4
2248,98258,2028.0,https://youtu.be/Se_eSeEAoX0
2249,100212,16384.0,
2252,104412,10699.0,
2253,105629,11597.0,
2255,84938,47947.0,https://youtu.be/nR_9zz59vYc
2256,84472,48311.0,https://youtu.be/cGnTUz_4EZE
2257,87810,44772.0,
2259,86973,14347.0,https://youtu.be/nSlYxLdAI_I
2260,92225,41090.0,
2261,91680,18282.0,https://youtu.be/araGhvv2IDg
2262,90583,18169.0,https://youtu.be/Ouub45fF_MQ
2263,96073,11082.0,https://youtu.be/1yxCT_gSky0
2264,98625,5971.0,https://youtu.be/bXK5mvyCZSU
2265,102558,11933.0,
2266,101523,20096.0,https://youtu.be/hRAYMV8b52I
2267,102469,30815.0,https://youtu.be/gq6N0hzaQWU
2268,104257,881.0,https://youtu.be/2T2pyqrr8UM
2269,107211,4478.0,https://youtu.be/Ad98qFf7PTE
2271,120788,22318.0,
2272,120776,53113.0,https://youtu.be/lXJv1BQr1iI
2273,120812,2109.0,https://youtu.be/hgrQLDbs1qU
2275,118736,24746.0,https://youtu.be/uYHtoRJjOb4
2278,122690,8195.0,https://youtu.be/FHrhOuz_QEk
2279,146336,9877.0,https://youtu.be/R4d1_D90BwU
2280,118863,26618.0,https://youtu.be/VChKGXLiLYI
2281,119802,21132.0,
2282,126604,11855.0,
2283,100594,24016.0,https://youtu.be/kKzAaSI_OEM
2286,80731,3486.0,https://youtu.be/hGgyudFVNkU
2287,47573,11071.0,https://youtu.be/CugQcmapiwc
2288,84787,1091.0,https://youtu.be/ySvzHdtCiWE
2289,105151,10403.0,https://youtu.be/foXgR2L0Pz4
2290,81554,11337.0,https://youtu.be/ThwMJkiTBDg
2291,99487,162.0,https://youtu.be/S8bBjpUBbro
2292,117276,25723.0,https://youtu.be/i-MBOAE7Nls
2294,120587,8916.0,https://youtu.be/g4SiWDIoFhE
2295,120823,28134.0,
2296,120770,9429.0,https://youtu.be/Xvl3qJe9L9g
2297,120889,12159.0,https://youtu.be/ahduR16B7K0
2298,124102,27791.0,https://youtu.be/8KYGdpYnHAY
2300,63462,30197.0,https://youtu.be/Lt19Wna_sG4
2301,82517,10156.0,https://youtu.be/1TASJymwQeo
2302,104952,10377.0,https://youtu.be/hITJLnyH9Fc
2303,73440,3121.0,https://youtu.be/Ty3oclCA-uM
2304,119577,4975.0,https://youtu.be/Q2fjwPFPjhg
2306,120701,9713.0,https://youtu.be/7e3YGlFWtDs
2307,122642,134368.0,https://youtu.be/1dhtpPtQ34E
2310,119670,9821.0,https://youtu.be/55NnLGNeZ-k
2311,86837,4437.0,https://youtu.be/rqvdHik5bog
2312,90830,1890.0,https://youtu.be/E0AMKG31wME
2313,80678,1955.0,https://youtu.be/kxb_1457gGs
2314,120603,39437.0,https://youtu.be/WNz7mV8ob2Q
2315,144120,11932.0,https://youtu.be/VNpqr8GfNRg
2316,120791,6435.0,https://youtu.be/R7uixLkpjPs
2318,147612,10683.0,https://youtu.be/1eOzYczx-Xk
2320,118636,9445.0,https://youtu.be/Nqe-VWnwACY
2321,120789,2657.0,https://youtu.be/Q-4pnXcqyt0
2322,120157,9425.0,https://youtu.be/4oeW9sflsdg
2323,150230,32326.0,https://youtu.be/8HWaHBaqajk
2324,118799,637.0,https://youtu.be/pAYEQP8gx3w
2325,124819,8675.0,https://youtu.be/v5QitQpqpSU
2327,100740,20701.0,https://youtu.be/pFNl7YEAof0
2328,120877,9945.0,https://youtu.be/hSfGOdPSvPQ
2329,120586,73.0,https://youtu.be/ZVAfE5cT59c
2330,116481,18603.0,https://youtu.be/TgA3DvoBVb8
2331,120722,46889.0,
2332,158493,12888.0,https://youtu.be/eSc5Bs0iito
2333,120684,3033.0,https://youtu.be/Nn2G6YrvibM
2334,133952,9882.0,https://youtu.be/87Rai0X97Fc
2335,120484,10663.0,https://youtu.be/vVLvkqfTRVQ
2336,127536,4518.0,https://youtu.be/DyGBwrtIamw
2337,120879,1808.0,https://youtu.be/mNx-hJ54L70
2338,130018,3600.0,https://youtu.be/xx_j5SL93Xs
2339,155753,17037.0,https://youtu.be/_78cM5PZtYE
2340,119643,297.0,https://youtu.be/_zIOjl93WrU
2342,116488,21589.0,https://youtu.be/CAw_HZ4GsFc
2344,89941,11893.0,https://youtu.be/nOgYzEV-XFQ
2346,73747,12223.0,https://youtu.be/Y9WOMDsMy78
2347,87932,32081.0,https://youtu.be/mKGfuZlJD3g
2348,91954,14924.0,https://youtu.be/TubehkbjOuI
2349,91538,10002.0,https://youtu.be/KMDvh1iq3Nc
2350,99750,41817.0,https://youtu.be/U5_C6IrxLWY
2351,50783,19426.0,https://youtu.be/nG91owD7UjM
2352,85244,12560.0,https://youtu.be/hHUwAZdQFBg
2353,120660,9798.0,https://youtu.be/a3mrRv-1khI
2354,134067,14444.0,https://youtu.be/Uw7HDQ5Dnjo
2355,120623,9487.0,https://youtu.be/mE35XQFxbeo
2356,120533,9466.0,https://youtu.be/CK6x-SSEfzg
2357,140888,666.0,https://youtu.be/qCoqppCsEa8
2358,120070,2042.0,https://youtu.be/NF18FCr3vuM
2359,166396,10162.0,https://youtu.be/vO8mTY3ZIZc
2360,154420,309.0,https://youtu.be/XCqc_JTiNxg
2361,69089,692.0,https://youtu.be/vUd_6FF4AtM
2362,45826,24018.0,https://youtu.be/taoDcurT738
2363,47034,1678.0,https://youtu.be/IVONRrcn9TI
2364,87344,39256.0,https://youtu.be/33D7GHVwOUE
2365,56142,1680.0,https://youtu.be/ljLQZXOUNjw
2366,24216,244.0,https://youtu.be/I8P7RzqOU_M
2367,74751,10730.0,https://youtu.be/mX_V4R-qK90
2368,91344,31947.0,https://youtu.be/C0HvmgZfbl8
2369,89017,8130.0,https://youtu.be/ngAdpRVhHzY
2370,89087,11532.0,https://youtu.be/WSX09PJj0s4
2371,89155,9749.0,https://youtu.be/3xdZOAfcSG8
2372,97366,14628.0,https://youtu.be/P_IJtkxcKXw
2373,89893,9626.0,https://youtu.be/1NObNUxwPzY
2374,91159,13698.0,https://youtu.be/9Ty5vIzKFKU
2375,91541,10466.0,https://youtu.be/ZO8svUiRDNE
2376,90264,707.0,https://youtu.be/pxQS8iAlr9w
2377,89489,11954.0,https://youtu.be/930EHX8omQ8
2378,87928,9336.0,https://youtu.be/725QU19eHWI
2379,89822,10157.0,https://youtu.be/K_pccyu6ipY
2380,91777,12118.0,https://youtu.be/oodRggGr_l0
2381,93756,10587.0,https://youtu.be/VMc2efsEFgQ
2382,95882,11825.0,https://youtu.be/arQAsNE4fcI
2383,98105,11895.0,https://youtu.be/unhfOWzPy9M
2384,120595,9447.0,https://youtu.be/mARmXtTkVvY
2385,119304,12257.0,
2387,124198,10029.0,https://youtu.be/WUIO3LKZcdI
2388,119248,27104.0,https://youtu.be/IsolrGofG6U
2389,155975,11252.0,https://youtu.be/p0QkvHCfg7w
2390,147004,8545.0,https://youtu.be/AqTaIbDTNnE
2391,120324,10223.0,https://youtu.be/Li8aZUd6O9A
2392,141109,9745.0,https://youtu.be/orPZ0BMUI7k
2393,120844,200.0,https://youtu.be/gm2M8oUrEyg
2394,120794,9837.0,https://youtu.be/zmBDY-fSlIs
2395,128445,11545.0,https://youtu.be/846UzdeHI1g
2396,138097,1934.0,https://youtu.be/_CxNF4eA6yw
2398,39628,11881.0,https://youtu.be/kUwyGo6PQzY
2399,89961,13764.0,https://youtu.be/M_P4Bz_go5o
2400,98115,24951.0,https://youtu.be/2Gd_naEgqow
2401,89767,8879.0,https://youtu.be/lCVgv2Gsc9E
2402,89880,1369.0,https://youtu.be/TY8LVqaLHwY
2403,83944,1368.0,https://youtu.be/-dTDmrJXXoA
2404,95956,1370.0,https://youtu.be/SMLUwNSVX5Y
2405,89370,10303.0,https://youtu.be/K8ZvVDiYc88
2406,88011,9326.0,https://youtu.be/DL40GuLfxA8
2407,88933,10328.0,https://youtu.be/zohgyAAKF6M
2408,94890,11285.0,https://youtu.be/_refo9m6Pvs
2409,79817,1367.0,https://youtu.be/yZrmRBj1r_E
2410,84602,1371.0,https://youtu.be/UdYwWt0n6jQ
2411,89927,1374.0,https://youtu.be/4qjV0bB2V0Q
2412,100507,1375.0,https://youtu.be/C2_k8p3RQx4
2413,88930,15196.0,https://youtu.be/KEXdWfsKZ1k
2414,90357,11904.0,https://youtu.be/PVTHS6vyOZw
2415,92173,215875.0,
2416,90685,15596.0,https://youtu.be/fHRECtiZ7E8
2417,91188,13818.0,https://youtu.be/k79DDjvl9vE
2418,91653,29968.0,https://youtu.be/8evvm4s-C98
2419,91024,44326.0,https://youtu.be/a1qutuhHjpY
2420,87538,1885.0,https://youtu.be/r_8Rw16uscg
2421,91326,8856.0,https://youtu.be/siRMz-PyjZI
2422,97647,10495.0,https://youtu.be/0YFWFJOvjwQ
2423,97958,5825.0,https://youtu.be/tLVd4ipC5Lc
2424,128853,9489.0,https://youtu.be/AKlhYZ-HqKs
2425,120706,16885.0,
2427,120863,8741.0,https://youtu.be/ejm0XvT3rB8
2428,133751,9276.0,https://youtu.be/praQkvivkUE
2429,120751,9822.0,https://youtu.be/3tPWHp2KZoY
2430,41650,39314.0,https://youtu.be/46AyCmufOs8
2431,129290,10312.0,https://youtu.be/lZqGA1ldvYE
2432,120686,9441.0,https://youtu.be/QNUu1d7i26g
2433,120633,9422.0,https://youtu.be/Y4WOo8IJzVg
2435,119336,24525.0,https://youtu.be/DiBVIk7wW4Q
2436,120857,10368.0,
2439,118564,31662.0,https://youtu.be/yBvzSs2qo1c
2442,150915,46992.0,
2443,145734,825.0,https://youtu.be/DppPtpEbFag
2445,132512,15556.0,https://youtu.be/os50D-aOZQo
2446,120710,28902.0,https://youtu.be/DHHPY9u6RQM
2447,139699,14709.0,https://youtu.be/eSnkWiacUW4
2448,120458,9423.0,https://youtu.be/ipYSWeV599s
2450,91225,10658.0,https://youtu.be/ll6HwvEiVK4
2451,93075,6917.0,https://youtu.be/2EtfZocT0Fo
2453,90768,24086.0,https://youtu.be/ASRJd1vLFxM
2454,51622,11815.0,https://youtu.be/Uj7f75PGx7c
2455,91064,9426.0,https://youtu.be/YPhM5T1DViw
2456,97368,10344.0,https://youtu.be/8le4x7GmSr8
2457,91875,15698.0,https://youtu.be/ZTtq9sEHaGo
2458,90660,2620.0,https://youtu.be/lIKR3R2604c
2459,72271,30497.0,https://youtu.be/iSxFeBdcqeE
2460,92076,16337.0,https://youtu.be/cJi0AOSoKXA
2462,110978,16780.0,https://youtu.be/jmyDMs3ec5w
2463,91877,12151.0,https://youtu.be/RNscRNPhzmY
2465,90917,33278.0,https://youtu.be/EUww3bkN3lY
2467,91605,192.0,https://youtu.be/7-yYJgpQ-CE
2468,91306,10945.0,https://youtu.be/eWBr7HGnouM
2469,91738,10013.0,https://youtu.be/091_NXuANgg
2470,90555,9671.0,https://youtu.be/HhmlgCCXaXc
2471,92493,9396.0,https://youtu.be/CVDqcrogYRk
2472,92105,11038.0,https://youtu.be/AqFsg6eLvLU
2473,91991,12278.0,https://youtu.be/z2zMrjBLwn8
2474,90863,11873.0,https://youtu.be/HgLvznCiNUo
2475,90567,18588.0,https://youtu.be/yK-ajlxnyOY
2476,91187,10015.0,https://youtu.be/AzmKOwtSCkg
2477,91055,12715.0,https://youtu.be/7MMshCVkS2E
2478,92086,8388.0,https://youtu.be/xgOcejbMuq0
2481,151691,8129.0,https://youtu.be/Vog33PwornI
2482,149151,1618.0,
2483,112922,10722.0,
2485,160862,10314.0,https://youtu.be/kI9fYsgduGE
2488,54167,11167.0,https://youtu.be/0pOdgj4zKKA
2490,120784,2112.0,https://youtu.be/n_aXrHNqQro
2491,145893,16172.0,
2492,138987,111794.0,
2493,128133,9524.0,
2494,174852,20595.0,https://youtu.be/Ih74YeYRtHc
2495,70544,16306.0,https://youtu.be/LE3AaxGKaEg
2496,124298,11622.0,https://youtu.be/hDNR4CxYtls
2497,139462,10207.0,https://youtu.be/Wpb616fwYMk
2498,120764,9849.0,https://youtu.be/VXZ-b-ZB7Rw
2500,155776,18892.0,https://youtu.be/ascDz9SZ-uI
2501,132477,13466.0,https://youtu.be/4cmMukCFyd8
2502,151804,1542.0,https://youtu.be/3_fG_zLbBeU
2503,156901,43978.0,
2504,137338,15256.0,
2505,134273,8224.0,https://youtu.be/mjIGbTTw3i8
2506,123209,18417.0,
2511,70334,1847.0,https://youtu.be/XqLUx8RF0EQ
2512,84390,42113.0,https://youtu.be/Lw08P2VDdgM
2513,98084,8913.0,https://youtu.be/jpjpUOXQZac
2514,105128,10906.0,https://youtu.be/hdn56hGq5O0
2515,106557,25748.0,https://youtu.be/bsYaPp3UDCw
2516,109415,25749.0,https://youtu.be/pWlPSl7HjuM
2517,85333,8769.0,https://youtu.be/wMoHFqV3aX8
2518,84412,14742.0,https://youtu.be/bE2zds0_9v0
2520,65377,10671.0,https://youtu.be/PACKbKt8MOw
2521,71110,27932.0,https://youtu.be/h-l3wzkCwiU
2522,75648,7227.0,https://youtu.be/lGmVXP_JS6o
2523,76636,10670.0,https://youtu.be/naoZObQpamU
2524,72308,5919.0,https://youtu.be/nyTqrtZFWeQ
2525,80354,33518.0,https://youtu.be/4_f3-h4tGFQ
2526,79550,40160.0,https://youtu.be/HHn16y8F2-0
2527,70909,2362.0,https://youtu.be/dnR5jqiG-og
2528,74812,10803.0,https://youtu.be/JPauhZFMXo8
2529,63442,871.0,https://youtu.be/k0-dUM_A-Cg
2530,65462,1685.0,https://youtu.be/uMuEnNxX1E8
2531,69768,1705.0,https://youtu.be/yg_cSD2VnE8
2532,68408,1688.0,https://youtu.be/F0TvY2sgZnU
2533,67065,1687.0,https://youtu.be/2e1acuBXj4g
2534,77189,166680.0,https://youtu.be/F2kYCdgX3zE
2535,71455,11123.0,https://youtu.be/yV88FanNJlU
2537,78856,31638.0,https://youtu.be/blqnqn5Gmw8
2538,175550,113286.0,
2539,122933,9535.0,https://youtu.be/ZJyv0AYmy4c
2540,142192,9455.0,https://youtu.be/g-D9unnCJhY
2541,139134,796.0,https://youtu.be/UzlKsS-IhEo
2542,120735,100.0,https://youtu.be/HY7mRdQuUSw
2544,157208,77936.0,https://youtu.be/0IIMTO9vXtE
2546,120646,30943.0,https://youtu.be/mWa7nDm9Wdg
2548,144814,7341.0,https://youtu.be/0dhGX76FhLE
2549,131646,10350.0,
2550,57129,11772.0,https://youtu.be/noW6c70Yrbs
2551,94964,9540.0,https://youtu.be/-ZHbu3msmes
2552,107626,31503.0,https://youtu.be/UiYWlnCswrk
2553,54443,11773.0,https://youtu.be/C9QOB2U3Iwk
2554,56931,30202.0,https://youtu.be/9ZYGfxa5IW4
2555,118665,22345.0,https://youtu.be/-gDV8LSw4NY
2557,157016,1567.0,https://youtu.be/X22CYBExkZQ
2558,141098,1641.0,https://youtu.be/gRb5JFHpzew
2559,160429,47288.0,
2560,129332,10212.0,https://youtu.be/l7BDiNktrLU
2561,139668,10354.0,https://youtu.be/0sJ7Yt5oRUs
2563,118892,8583.0,https://youtu.be/n_g4qspx3es
2565,49408,16520.0,https://youtu.be/YZ80o1SY71o
2566,187819,16508.0,https://youtu.be/b23YuMtrNE4
2567,131369,11374.0,https://youtu.be/V5ZJtWn8zBY
2568,120757,16379.0,https://youtu.be/67cdXuWnRKs
2570,120613,28029.0,https://youtu.be/wlb2pESsygo
2571,133093,603.0,https://youtu.be/d0XTFAMmhrE
2572,147800,4951.0,https://youtu.be/GbWQ_VXek6A
2573,120274,65749.0,
2574,129280,8970.0,https://youtu.be/erByzW27zEM
2575,120449,9840.0,
2577,119665,30950.0,
2579,154506,11660.0,https://youtu.be/62TTN6gD2So
2580,139239,9430.0,https://youtu.be/0KTWEFpDOis
2581,151738,11355.0,https://youtu.be/xPyMf4ROt3Q
2582,105399,18764.0,https://youtu.be/2sNVVr4AfMU
2583,126250,9465.0,
2585,133363,1414.0,https://youtu.be/rSd0L-L-GWQ
2586,119219,49981.0,https://youtu.be/uTSG2qdbCzI
2587,123964,6522.0,https://youtu.be/_0LkiWPmnns
2589,143261,114719.0,https://youtu.be/RbPKyuqQON8
2590,136244,10209.0,https://youtu.be/Xmp6Z7nICoU
2593,110570,22826.0,
2594,125659,1902.0,https://youtu.be/1zX8gwWvke8
2596,133189,6396.0,https://youtu.be/MsZziQvRWCg
2597,120836,39964.0,https://youtu.be/HUNgL4jTPeQ
2598,120797,12596.0,
2599,126886,9451.0,https://youtu.be/XaQvqhtCYW0
2600,120907,1946.0,https://youtu.be/DZZJrQc-wtw
2605,137494,1844.0,https://youtu.be/LFSpRNtxd8I
2606,138510,6552.0,https://youtu.be/HcVrp--9UUc
2607,162973,24584.0,https://youtu.be/dsqlriNlXr4
2609,115669,25471.0,https://youtu.be/EDwo1XKW0Fs
2611,155388,28519.0,
2612,37913,3309.0,https://youtu.be/wgSCkyByV0k
2613,87799,18462.0,https://youtu.be/F13mpUTYS3E
2614,90837,28941.0,https://youtu.be/RLMyInUPQ2g
2615,89652,18252.0,
2616,99422,8592.0,https://youtu.be/-4rzqSsqaqA
2617,120616,564.0,https://youtu.be/OGOBz4t7OXs
2618,118826,13852.0,https://youtu.be/ki-Aw9PZFIQ
2620,120865,25232.0,
2622,140379,10210.0,https://youtu.be/0ygOgq_XmmU
2623,160298,53862.0,
2624,165078,17962.0,https://youtu.be/f8K_YxtdzRo
2625,115693,9460.0,https://youtu.be/Z_vQ939U7YQ
2628,120915,1893.0,https://youtu.be/J3kyYFHdRsM
2629,166252,31342.0,
2630,149723,44297.0,
2632,59643,8785.0,
2633,23245,15849.0,https://youtu.be/5eLN8ve_Eoc
2634,53085,18990.0,https://youtu.be/nTnkLTRR6v8
2639,82766,15660.0,https://youtu.be/iFOFM0BvTRc
2640,78346,1924.0,https://youtu.be/xXyuUbtpmxE
2641,81573,8536.0,https://youtu.be/I3BkmYsz6-s
2642,86393,9531.0,https://youtu.be/O6LHQrfGEW4
2643,94074,11411.0,https://youtu.be/J3IFSj4ebwU
2644,21814,138.0,https://youtu.be/sSPNLK1wWaU
2648,21884,3035.0,https://youtu.be/ctoOmIWr2vg
2651,35899,3076.0,https://youtu.be/_Kaa88LIwJo
2652,50280,3079.0,https://youtu.be/q9SIbIgW6CE
2654,34398,13666.0,https://youtu.be/GeKQL7ddgMo
2655,89308,29794.0,https://youtu.be/HbnYSLaoCYE
2656,48696,9077.0,https://youtu.be/SP_qepDvRV8
2657,73629,36685.0,https://youtu.be/4plqh6obZW4
2659,84156,30168.0,https://youtu.be/C-ZsQjDcqAw
2660,44121,10785.0,https://youtu.be/vs2lXH1aFZ0
2661,45920,19483.0,https://youtu.be/YJY4zGfQ_vo
2662,46534,8974.0,https://youtu.be/iISa2VMK7Ts
2664,49366,11549.0,https://youtu.be/9SqN8wHry2M
2665,49169,18158.0,https://youtu.be/2o4fdX8gUMY
2668,84745,17918.0,https://youtu.be/76debmQRiFw
2669,53183,37305.0,https://youtu.be/XPaEECzwUxI
2670,52151,18784.0,https://youtu.be/-0ybOUrFqrc
2671,125439,509.0,https://youtu.be/sn-m50RUf_Q
2672,139809,1090.0,https://youtu.be/UQcOLSaDd1w
2674,126859,15059.0,
2676,128278,12117.0,https://youtu.be/zdSZaTBWQqw
2677,186508,11779.0,https://youtu.be/hB_1lw0iVRo
2681,141105,13533.0,
2682,164085,62676.0,https://youtu.be/HSjiCN--ZKs
2683,145660,817.0,https://youtu.be/a9HSJwG4DXo
2686,120802,14283.0,https://youtu.be/DhqgV4flGdE
2687,120855,37135.0,https://youtu.be/JYOMf4SS2oA
2688,144214,2275.0,https://youtu.be/k1MQqkCA484
2690,122541,24137.0,https://youtu.be/SJS6B8NHegg
2691,120731,10376.0,https://youtu.be/jqhbOiF9-8g
2692,130827,104.0,https://youtu.be/ZCYnsUdO6H0
2693,120370,15800.0,https://youtu.be/T3STZ1aLRO0
2694,142342,9032.0,https://youtu.be/J_l5fMb1oxg
2695,139898,13821.0,https://youtu.be/ZfWAr3Jg_UY
2696,119038,9421.0,https://youtu.be/4FANGIUNbiA
2697,119743,55955.0,https://youtu.be/o0xAGZSLYNA
2698,120554,67067.0,
2699,99052,6488.0,https://youtu.be/p2EZkRcw3LA
2700,158983,9473.0,https://youtu.be/K6EiSoRlobg
2701,120891,8487.0,https://youtu.be/eukojcMn2js
2702,162677,10279.0,https://youtu.be/sPM5TzVBCfo
2706,163651,2105.0,https://youtu.be/YXd7ruWo9Gg
2707,137363,1073.0,https://youtu.be/tzzT_Iaw0t8
2708,137439,10239.0,
2709,158811,10208.0,https://youtu.be/R94eV8nxvrA
2710,185937,2667.0,https://youtu.be/AcTh2YItSaM
2712,120663,345.0,https://youtu.be/VSS47StLOhk
2713,139414,9825.0,https://youtu.be/xNP_FyUjysk
2716,87332,620.0,https://youtu.be/msq0hZSgZdM
2717,97428,2978.0,https://youtu.be/weIqC-oUGmA
2718,157503,10490.0,https://youtu.be/M26Llut3FEM
2719,171363,11618.0,https://youtu.be/byjAO1oSzZg
2720,141369,332.0,https://youtu.be/ld4cYRaxVFg
2722,149261,8914.0,https://youtu.be/NPVFybrhHnc
2723,132347,9824.0,https://youtu.be/Ozuwh-ofXK8
2724,163187,4806.0,https://youtu.be/nlOLJ_H0zcA
2725,162830,33430.0,https://youtu.be/Z-RUwT26eNE
2726,49406,247.0,https://youtu.be/c0Odg-GY40w
2727,48254,10056.0,https://youtu.be/KP-OWTiGTn4
2728,54331,967.0,https://youtu.be/R8aWcZa18pc
2729,56193,802.0,https://youtu.be/KOgioT6OTGc
2730,72684,3175.0,https://youtu.be/JH8j_1dUlUU
2731,53198,147.0,https://youtu.be/ICGZfU-9Yl0
2732,55032,1628.0,https://youtu.be/X9OzdWczCfQ
2733,96378,21185.0,https://youtu.be/rKSpTTL1Bvc
2734,91557,11120.0,https://youtu.be/eC2eC_pN7ZE
2735,91129,10136.0,https://youtu.be/GlGaj32i8ls
2736,90774,32060.0,https://youtu.be/OxLt-XsaIGQ
2737,92585,48686.0,https://youtu.be/RxYNbLnwfHQ
2738,90886,48259.0,https://youtu.be/KkA27bsLt1A
2739,88939,873.0,https://youtu.be/_h-efLS7VV4
2740,91343,48660.0,https://youtu.be/Vg8IJgbSr0o
2741,91637,26789.0,https://youtu.be/wcwT_B1t5ec
2742,92068,3934.0,https://youtu.be/y7pHZL6Z-ko
2743,91613,108312.0,https://youtu.be/2g-JibcrZL4
2744,91699,198469.0,
2745,91530,11416.0,https://youtu.be/HU14R9hbUFc
2746,91419,10776.0,https://youtu.be/HqX9g3Qwb5A
2747,54033,24452.0,https://youtu.be/amlXKaqk2jg
2748,92534,9710.0,https://youtu.be/h5IuW2hW5BI
2749,91554,31924.0,https://youtu.be/7EiXXSp7MIk
2750,93818,30890.0,https://youtu.be/CEd8tjKsYT4
2751,93051,24081.0,https://youtu.be/xPjkWFB4FwY
2752,93690,20242.0,
2754,92850,66194.0,https://youtu.be/gXZpCKRSab4
2757,83967,3526.0,https://youtu.be/7GBOE5YPlwk
2759,144168,16406.0,https://youtu.be/K8eZ-QgITAA
2761,129167,10386.0,https://youtu.be/obLtyj8hfFk
2762,167404,745.0,https://youtu.be/HXG4HTIlc1U
2763,155267,913.0,https://youtu.be/XSGTgwGsP1U
2764,63688,912.0,https://youtu.be/qWq177unTh4
2765,122515,12229.0,https://youtu.be/Z52YjcjCrXI
2766,168449,67323.0,https://youtu.be/PU95IFnj4RA
2769,138946,19457.0,https://youtu.be/0Q-Kecw6iV4
2770,131325,11353.0,https://youtu.be/vQArw5Lu418
2771,120620,17707.0,https://youtu.be/nAlQ9KhOQ-k
2772,165710,9781.0,https://youtu.be/T-nw7MEquQg
2774,168987,18212.0,https://youtu.be/MxS3znIIzfQ
2775,138487,13817.0,https://youtu.be/Fk99q-q4wHc
2779,77663,12185.0,https://youtu.be/SDLbLbsxRKQ
2782,55304,28501.0,https://youtu.be/QChBy15UiTs
2784,58333,25319.0,https://youtu.be/clT8P-v9uso
2786,91178,24103.0,https://youtu.be/gaXuVjBr5cw
2787,88889,10552.0,https://youtu.be/zYTMcFOMSYk
2788,66765,9267.0,https://youtu.be/4fBd87L7a7s
2789,77394,10766.0,https://youtu.be/57SQ9bDhxDY
2790,82377,10768.0,https://youtu.be/WoiZD_KxLvk
2791,80339,813.0,https://youtu.be/HMnVs287AJ4
2792,83530,2665.0,https://youtu.be/-O42Vu_GnSc
2793,118604,9406.0,https://youtu.be/T6d3_4bFXIU
2794,89670,11418.0,https://youtu.be/vbF_7TiG5bg
2795,85995,11153.0,https://youtu.be/LGJplbPcJFA
2796,95188,14170.0,https://youtu.be/UVzkcK0yhUc
2797,94737,2280.0,https://youtu.be/YM8zgY7sG_g
2798,100419,11077.0,https://youtu.be/cxFT8zYZ3dU
2799,102719,28597.0,https://youtu.be/Qmvf4Jr0AEg
2800,104740,22611.0,https://youtu.be/99VKtcydHUU
2801,119843,39780.0,https://youtu.be/Q9KRbrmc-A0
2802,96244,10396.0,https://youtu.be/PorsEEGykKM
2803,107798,9944.0,https://youtu.be/MgmItLPfdO4
2804,85334,850.0,https://youtu.be/ptbPSR9pAB8
2805,130121,10154.0,https://youtu.be/AOh-F4PKwjU
2806,133046,10342.0,https://youtu.be/ZbVa-QJXI5M
2807,176269,10366.0,https://youtu.be/DmokVosyZbE
2808,105698,9349.0,https://youtu.be/J2vgzkCiCIs
2810,156887,10494.0,https://youtu.be/0AgD1uocfk0
2812,160401,22314.0,https://youtu.be/RQMpbyFjsbc
2813,181833,51679.0,https://youtu.be/7M5WSUtoLhM
2815,91278,11037.0,https://youtu.be/0S2CdOrSJ-8
2816,95382,11955.0,https://youtu.be/aY1aikAa-Xs
2817,103617,2038.0,https://youtu.be/f2DAry5gaY0
2818,113438,28737.0,
2819,73802,11963.0,https://youtu.be/8sKGGJVcsbo
2820,58175,141489.0,
2822,104839,9096.0,https://youtu.be/ZQs9NrHc7qo
2824,181733,113273.0,
2826,120657,1911.0,https://youtu.be/RikXt796p2o
2827,138304,2900.0,https://youtu.be/pu_TmXgGEG8
2828,160236,17709.0,https://youtu.be/limQX9SHaVc
2829,164108,37718.0,https://youtu.be/YKC3g1SCo50
2835,163579,2162.0,https://youtu.be/CnsDlSoSvEo
2836,125971,14578.0,https://youtu.be/oCVN60P9gsY
2837,126810,40694.0,
2839,157183,49184.0,
2840,145531,10307.0,https://youtu.be/WzObOLaz6ng
2841,164181,11601.0,https://youtu.be/Daa5VOnUWsA
2843,118843,1075.0,https://youtu.be/Lxw0ea_UiZ4
2844,151582,21719.0,https://youtu.be/YxDE_I6V3So
2846,97050,47951.0,https://youtu.be/JZSqJWeZXaA
2847,31762,43832.0,https://youtu.be/Cu-LBgeDJlA
2848,45251,47697.0,https://youtu.be/fCZ0obRJa08
2851,81454,,
2852,88146,26522.0,https://youtu.be/pwrR_zIVFa8
2856,59297,28295.0,https://youtu.be/6fJgN686Znw
2857,63823,12105.0,https://youtu.be/uOlwwoZLoKE
2858,169547,14.0,https://youtu.be/XCxzXblZyfQ
2859,88178,24128.0,https://youtu.be/-rjMwSTeVeo
2860,181316,11001.0,https://youtu.be/zxfFGW00EB0
2861,126916,10390.0,https://youtu.be/qSz1KqZZvpc
2862,80491,9453.0,https://youtu.be/Nn8cKrkQ9cs
2863,58182,704.0,https://youtu.be/TWbiVqlSMgc
2865,173390,142132.0,
2866,77280,24153.0,https://youtu.be/FSzLTG5qkj4
2867,89175,11797.0,https://youtu.be/PMRH0RIEjnc
2868,97390,18086.0,https://youtu.be/w_wDOiNDa8w
2870,61385,17887.0,https://youtu.be/McZTziIw_Ys
2871,68473,10669.0,https://youtu.be/iuOUF1-4P3c
2872,82348,11527.0,https://youtu.be/6QR6_17mn5s
2874,50814,40867.0,https://youtu.be/u3p1L1LG4Kw
2875,108185,1049.0,https://youtu.be/obqtXIGpSiE
2876,111419,28032.0,https://youtu.be/EzVA8BmskjA
2877,73812,11326.0,https://youtu.be/G4K_9WyQCgA
2878,82511,28377.0,https://youtu.be/jrzWXF5SUm8
2879,99558,10975.0,https://youtu.be/Q5hmNJoo7ek
2880,91431,10974.0,https://youtu.be/3C-Y9K6j_TQ
2881,150377,10398.0,https://youtu.be/y0cRIxT5IkQ
2882,120716,2290.0,https://youtu.be/4L2n2DyXL4M
2883,140397,24071.0,https://youtu.be/aSRaO1sRnLU
2884,129884,62994.0,https://youtu.be/3av4Z2Y6t8Q
2885,160338,60994.0,https://youtu.be/oZcQUc_S-SY
2886,159421,16112.0,https://youtu.be/w83W4ug5HTw
2887,168172,32305.0,https://youtu.be/0mysvIJPCAk
2888,164114,14429.0,
2889,134618,15198.0,https://youtu.be/a80x06Wn91U
2890,120188,6415.0,https://youtu.be/Bdal5c1TfmE
2891,162360,24066.0,https://youtu.be/WKmiiF1aOrs
2892,133122,21430.0,
2893,134033,10381.0,https://youtu.be/MH_QY6vFCDE
2894,194314,171982.0,
2896,60095,60285.0,https://youtu.be/Lf1b4c8hh-E
2897,87188,5622.0,
2898,106664,10349.0,https://youtu.be/LUi7K7vol34
2899,31397,42518.0,https://youtu.be/tPRV_8u09Cg
2900,95652,29787.0,https://youtu.be/HD8TBmk6lIM
2901,79714,9638.0,https://youtu.be/RIRVOepV9Ik
2902,86154,10576.0,https://youtu.be/5Z-boNBbohc
2903,91799,12662.0,https://youtu.be/TZ0ms3z6ey0
2905,56443,11712.0,https://youtu.be/Nkrc_FLZWEs
2906,156934,12618.0,https://youtu.be/aLHMJZ5eKjs
2907,167427,13824.0,https://youtu.be/lW85KbKYwYs
2908,171804,226.0,https://youtu.be/uxWt9rxNzjg
2912,165854,10388.0,https://youtu.be/vfWPKR21jV8
2915,86200,9346.0,https://youtu.be/zPZafey1fyk
2916,100802,861.0,https://youtu.be/IRaRhZE-1b4
2917,82089,14412.0,https://youtu.be/UWnHLgmcwAw
2918,91042,9377.0,https://youtu.be/0ZDbKhkLxTs
2919,86617,11541.0,https://youtu.be/5yBV7pGccgQ
2921,68699,11901.0,https://youtu.be/be2mIVxDrr8
2922,61747,4929.0,https://youtu.be/FtxTu-NTebg
2924,80179,11230.0,https://youtu.be/WSu-9X8NF9k
2925,65571,8416.0,https://youtu.be/04kMeEjVGIk
2926,95270,11054.0,https://youtu.be/6zgCEgeKoMk
2927,37558,851.0,https://youtu.be/TtIN_HQHBdA
2928,87980,24453.0,https://youtu.be/kp3khtzYgAc
2929,82979,18254.0,https://youtu.be/MLAnTuCs6_g
2930,176093,56235.0,
2931,97223,20123.0,https://youtu.be/J9K1iQ57LbQ
2932,77405,16642.0,https://youtu.be/7LAqRFoT97o
2935,33804,3086.0,https://youtu.be/lj9ilqIyCUk
2936,34240,16305.0,https://youtu.be/kIrdtdpPQHY
2937,35169,32255.0,https://youtu.be/7p_wafSdMLI
2939,46126,19997.0,https://youtu.be/NHUOyB1TB3c
2940,38559,3767.0,https://youtu.be/9hTdgygrlOg
2941,52225,17352.0,https://youtu.be/LSuPYEdeLPI
2942,85549,535.0,https://youtu.be/NV6IbcZVjuk
2943,104507,2731.0,
2944,61578,1654.0,https://youtu.be/ff1V6ywnWcY
2946,59260,14831.0,https://youtu.be/n_GOaRaTaJo
2947,58150,658.0,https://youtu.be/xI4vbUvezLU
2948,57076,657.0,https://youtu.be/t9AeIdMQqR8
2949,55928,646.0,https://youtu.be/h7FJDAH8Nn0
2950,80453,5689.0,https://youtu.be/DYhhph8uZyk
2951,58461,391.0,https://youtu.be/f_oZUWAdEe8
2952,119256,8052.0,https://youtu.be/AwLWHNuJ-2M
2953,104431,772.0,https://youtu.be/k0kJieJ1k6k
2956,94008,31650.0,https://youtu.be/ErFGGccIfkc
2959,137523,550.0,https://youtu.be/dfeUzm6KF4g
2961,160916,12220.0,https://youtu.be/5Ja1AKJeko4
2962,119114,1610.0,https://youtu.be/gGv8S1nqzdk
2964,192194,42881.0,https://youtu.be/q3erNNfe6UQ
2965,203408,29064.0,https://youtu.be/PmgKK3uzqlc
2966,166896,404.0,https://youtu.be/lcMyFckt_Hs
2967,48977,42196.0,https://youtu.be/fZt7gtFiVJk
2968,81633,36819.0,https://youtu.be/0J27T4s3S94
2969,61138,42726.0,https://youtu.be/_F7guhRPmOQ
2970,83946,9343.0,https://youtu.be/H_OgtTZMSXI
2971,78754,16858.0,https://youtu.be/8_aIhkKlrwk
2972,93206,42006.0,https://youtu.be/MFppekhfpgQ
2973,97123,11562.0,https://youtu.be/JBzlQ7bUtKk
2974,200469,10496.0,https://youtu.be/nlgeu8SxoQI
2975,168501,16162.0,https://youtu.be/kUwBXEjIVKM
2976,163988,8649.0,https://youtu.be/sfUwvmRmMtw
2977,142201,31306.0,https://youtu.be/N087EJuQudM
2978,144640,10563.0,https://youtu.be/l8Rma8xaCb8
2979,172627,14484.0,https://youtu.be/sxsvpt2DRjg
2982,99710,32043.0,https://youtu.be/Uy6a-nfmdKg
2983,59319,15247.0,https://youtu.be/EHbvZ1FBqjI
2984,67527,29251.0,https://youtu.be/xSLRlPiiiQE
2985,93870,5548.0,https://youtu.be/IqvRDhW-XVA
2986,100502,5549.0,https://youtu.be/HNcy89RqF5Q
2987,96438,856.0,https://youtu.be/XEIJpS26aAw
2988,81150,38772.0,https://youtu.be/mGeLSef8S7M
2989,82398,699.0,https://youtu.be/27EeX86rj2g
2990,97742,709.0,https://youtu.be/cebTl_S2dJw
2991,70328,253.0,https://youtu.be/6SQVTSFyf_A
2992,91829,13511.0,https://youtu.be/06YwV1KRQWk
2993,59800,660.0,https://youtu.be/7JowkFmI1Fo
2995,185371,11377.0,https://youtu.be/nfhy9nWG6Gw
2996,166943,26149.0,https://youtu.be/Qz78YTyOTmA
2997,120601,492.0,https://youtu.be/LEtlqumjXLw
3000,119698,128.0,https://youtu.be/I1dHzoRl0sQ
3002,200849,8672.0,https://youtu.be/Lae8FewbnuU
3003,170705,8056.0,https://youtu.be/t4esViss83M
3004,120596,2020.0,https://youtu.be/J-qVET5KSpk
3005,145681,9481.0,https://youtu.be/krU7HZgCxsI
3006,140352,9008.0,https://youtu.be/P-_ZdJxgwcU
3007,181288,14242.0,https://youtu.be/zMFZOu8rDUQ
3008,156729,16129.0,https://youtu.be/3h9q5yKz2J8
3010,200071,11489.0,https://youtu.be/ArBgiK68JPY
3011,65088,28145.0,https://youtu.be/ke-sWMXspNA
3013,99180,18111.0,https://youtu.be/7BzXFXw4Ers
3014,82121,31361.0,https://youtu.be/D9hr4RGGj8Y
3015,77355,11223.0,https://youtu.be/FFkqLToADEA
3016,83767,16281.0,https://youtu.be/owdnnaNs2RI
3017,92796,16288.0,https://youtu.be/H8l077UCW-Q
3018,89885,1694.0,https://youtu.be/wLJ8Z3PDEGU
3019,97240,476.0,https://youtu.be/5_Rs8c08hM8
3020,106856,37094.0,https://youtu.be/BD5ofrSNDFA
3021,82427,13555.0,https://youtu.be/teb0r_wdLyc
3022,17925,961.0,https://youtu.be/7EcZPcFfjqY
3024,78087,24831.0,https://youtu.be/tXs2v9tFDeY
3028,61407,25560.0,https://youtu.be/4dPDgoTJPR8
3029,82817,21610.0,https://youtu.be/7pHwApCJ6YI
3030,55630,11878.0,https://youtu.be/nazk6Zpm_Ks
3031,100475,11510.0,https://youtu.be/XIejyo2gOOY
3032,67525,11234.0,https://youtu.be/bWB6Ufh4O98
3033,94012,957.0,https://youtu.be/RK0yd4LtLdg
3034,70608,11886.0,https://youtu.be/c5Qph47c2uE
3035,48380,37853.0,https://youtu.be/xGEGZjkC-ZU
3036,82484,62204.0,https://youtu.be/2pcGGKtPpSE
3037,65988,11040.0,https://youtu.be/-2DWY63CVlk
3038,50371,21849.0,https://youtu.be/wKqOfUt_bKs
3039,86465,1621.0,https://youtu.be/Fupg2r1EJ9w
3040,79540,14035.0,https://youtu.be/JlkOBBBfAFo
3041,87700,40771.0,https://youtu.be/5NqbbyVcOo0
3042,93516,40772.0,https://youtu.be/VtTJweR7wjA
3043,104837,40773.0,https://youtu.be/uibGzEYgwHE
3044,101669,11498.0,https://youtu.be/kq5M5tC7H0Y
3045,105130,11790.0,
3046,113416,29371.0,https://youtu.be/CVyg1xk1HdM
3048,83254,47941.0,
3051,149691,21349.0,https://youtu.be/lv0i_9eoUoI
3052,120655,1832.0,https://youtu.be/rwSRribTgdA
3053,151137,10047.0,https://youtu.be/aCbMOQIs45s
3054,190641,10228.0,https://youtu.be/hX-NHafvY5I
3055,165773,47692.0,https://youtu.be/z2yPGlwHk_I
3056,160620,18561.0,https://youtu.be/Yt0qyZ6ZeEI
3057,118150,144953.0,https://youtu.be/8ZWx6Ypopwk
3060,101605,11663.0,https://youtu.be/PG3uEHpUflA
3061,34862,13485.0,https://youtu.be/rjhBYyMfmXY
3062,56197,9289.0,https://youtu.be/nqFn_pM5QxU
3063,105156,9264.0,https://youtu.be/-O3cU3dODjo
3064,119908,18222.0,
3066,66473,11165.0,https://youtu.be/jp6chxICfTQ
3067,95675,4203.0,https://youtu.be/1cVBr894wHs
3068,84855,24226.0,https://youtu.be/wwqUtCeODOk
3070,86856,11379.0,https://youtu.be/jcXunlDAQ-I
3071,94027,29154.0,https://youtu.be/sG-Cxs8eYkI
3072,93565,2039.0,https://youtu.be/MN3sPq9RJKM
3073,59674,77915.0,https://youtu.be/Y9wVMzOviCU
3074,68762,11943.0,https://youtu.be/QFLwH-ZZ1MY
3075,59646,11481.0,https://youtu.be/BYZzJC_DqBI
3076,57187,2690.0,https://youtu.be/AtuBtsEvYgw
3077,164312,20565.0,
3078,165859,27141.0,https://youtu.be/5HHBBSRr2KY
3079,178737,10399.0,https://youtu.be/7t15rm0iwSQ
3081,162661,2668.0,
3082,143145,36643.0,https://youtu.be/Mc-ZkzZrfIQ
3083,185125,99.0,https://youtu.be/0Ki8qXRBIFI
3086,24852,25898.0,https://youtu.be/EklOlx9POlo
3087,96061,9647.0,https://youtu.be/3YjrsSEEreY
3088,42546,11787.0,https://youtu.be/FJLsnPndIEc
3089,40522,5156.0,https://youtu.be/H2P4xo9kmPM
3090,93509,24276.0,https://youtu.be/Cjh29QNKLCc
3091,80979,11953.0,https://youtu.be/w6jYtVvor6s
3093,67411,29005.0,https://youtu.be/Xkr5p0XCaUQ
3094,93512,26371.0,https://youtu.be/Mzj8v3J-Fxo
3095,32551,596.0,https://youtu.be/e8C_eK2ra3s
3096,50738,52470.0,https://youtu.be/uGdElifXAsY
3097,33045,20334.0,https://youtu.be/1pJLZ6mhKp4
3098,87781,11393.0,https://youtu.be/ihRtZcxghIE
3099,73692,31121.0,https://youtu.be/NzjggCHJSF4
3100,105265,293.0,https://youtu.be/QFa7ptO3CGs
3101,93010,10998.0,https://youtu.be/e3oF8Po4qWc
3102,89360,12235.0,https://youtu.be/ZnQa0AI10ic
3103,100680,36094.0,https://youtu.be/Odz28s-B7ok
3104,95631,9013.0,https://youtu.be/Geo_tNuNgD8
3105,99077,11005.0,https://youtu.be/7exeVt7CaE4
3106,99291,59820.0,https://youtu.be/pBxqOy937j0
3107,101393,2924.0,https://youtu.be/_4zyHOgShBc
3108,101889,177.0,https://youtu.be/zyKILTuhFFg
3109,88007,38557.0,https://youtu.be/2fzExjAHQ2Q
3111,87921,13681.0,https://youtu.be/PzCPWZbsN2E
3112,90556,34760.0,https://youtu.be/3E2kkkaq5mc
3113,146675,9946.0,https://youtu.be/3qO3R8OlwYs
3114,120363,863.0,https://youtu.be/xNWSGRD5CzU
3115,155711,31582.0,https://youtu.be/xy0NQbn2C8g
3117,134154,22267.0,https://youtu.be/F8Vwm6dBQI8
3120,104114,10411.0,https://youtu.be/SfOSA34yjuI
3125,172396,20024.0,https://youtu.be/-i_A6Dlrk5g
3127,144715,13787.0,https://youtu.be/Nt-9owqiDSU
3129,158371,9684.0,https://youtu.be/7w3fokY0kP0
3130,99165,9586.0,https://youtu.be/ZIz_RlNZZlg
3132,10040,70801.0,
3134,28950,777.0,https://youtu.be/vcO8rEjoG0c
3135,79239,21887.0,https://youtu.be/VAZHa2zVLQ0
3138,96171,32331.0,
3141,100828,32669.0,https://youtu.be/WWbiQAr8miI
3142,96328,18161.0,https://youtu.be/MSrDZO3Ho5I
3143,63056,31681.0,https://youtu.be/SDfD8J_lJgo
3145,150216,32274.0,https://youtu.be/89dGJ_hx8-k
3146,205000,10402.0,https://youtu.be/vcfyZr5buDA
3147,120689,497.0,https://youtu.be/Bg7epsq0OIQ
3148,124315,1715.0,https://youtu.be/pGdZBESUSfk
3150,141974,42739.0,https://youtu.be/vsMRoJ5ZpkM
3152,67328,25188.0,https://youtu.be/NufO2KXHbKQ
3153,51337,15515.0,https://youtu.be/nP_cMRhvStU
3155,166485,1439.0,https://youtu.be/xHPoKOi1XcM
3156,182789,2277.0,https://youtu.be/NRFxf-2J1GM
3157,164912,10137.0,https://youtu.be/Wlo-sYrADlw
3158,162866,10387.0,https://youtu.be/fTaU6ziWKD8
3159,120910,49948.0,https://youtu.be/z9d8jFOLRUA
3160,175880,334.0,https://youtu.be/cxcegktcxSM
3161,119079,30237.0,https://youtu.be/oCpBYN7eR7I
3162,174204,50116.0,https://youtu.be/P9gPcMyT1i8
3163,151568,46435.0,https://youtu.be/GqTxlBI1IHY
3165,106455,22213.0,
3167,66892,36492.0,https://youtu.be/a5VZBmMVJw8
3168,64276,624.0,https://youtu.be/IlfpTppsR0U
3169,87231,26578.0,https://youtu.be/pvI9A8NGpdg
3171,53226,43103.0,https://youtu.be/JPFod38mlNc
3173,146838,9563.0,https://youtu.be/cC2rkQThgX0
3174,125664,1850.0,https://youtu.be/cvaHj0np8GM
3175,177789,926.0,https://youtu.be/rzwJgFhMbL4
3176,134119,1213.0,https://youtu.be/Ylc5ToQoLg0
3177,195945,10471.0,https://youtu.be/mKepqz19Qb0
3178,174856,10400.0,https://youtu.be/GxtcUmaTHMY
3179,145653,10397.0,https://youtu.be/Y2xFUdq-qMg
3181,120866,12524.0,https://youtu.be/xAFhn_0mHEE
3182,192335,28216.0,https://youtu.be/vXBfUrUz_rU
3183,174268,36773.0,https://youtu.be/khDVs664t80
3185,120834,10219.0,https://youtu.be/SefxATAWfUc
3186,172493,3558.0,https://youtu.be/vL7c0Aqn_Pw
3189,156812,17908.0,https://youtu.be/NtS1kDW8PEo
3190,134983,10384.0,https://youtu.be/yO3EdmLECRI
3192,169302,48233.0,https://youtu.be/yEzY02REUOM
3194,70903,10236.0,https://youtu.be/YFc1oZv4vL4
3196,46359,632.0,https://youtu.be/nPT7bzA5Nis
3197,95897,11851.0,https://youtu.be/L0D-qlZkD8A
3198,70511,5924.0,https://youtu.be/uJ3BOD7bcRc
3200,70290,14886.0,https://youtu.be/3y_I3gWGtyk
3201,65724,26617.0,https://youtu.be/HwBz5xxdn20
3203,97162,10493.0,https://youtu.be/SkqZd3h3f2U
3204,77269,16241.0,https://youtu.be/jPvE8oRei70
3206,86859,22160.0,https://youtu.be/Ub4yCGzFE70
3208,107659,9644.0,https://youtu.be/Xtz0Zw0eSkA
3210,83929,13342.0,https://youtu.be/Of5jkwF3J7A
3211,94924,35119.0,https://youtu.be/NLEDeJteQak
3213,106364,14919.0,https://youtu.be/imtYrQEZ4H8
3214,88707,14040.0,https://youtu.be/QxNWzbM7BjA
3217,29606,22692.0,https://youtu.be/SDsV85-UqO4
3219,100318,2990.0,https://youtu.be/qdg-XGFBS9E
3221,83851,10831.0,https://youtu.be/CmCMumlxfX0
3223,90366,33078.0,https://youtu.be/Fk6byMb-d4w
3224,58625,16672.0,https://youtu.be/UFbJ9iDeZgg
3225,186975,10472.0,https://youtu.be/tdnZYsDOxfI
3230,71935,21489.0,https://youtu.be/1tpINADkyJg
3235,81748,13005.0,https://youtu.be/_ZT6fziaIIw
3238,120662,18681.0,https://youtu.be/5E--MQm-AdE
3240,156639,20468.0,https://youtu.be/bJO4loGZbTg
3241,201840,14521.0,https://youtu.be/o6qDpRbIM7o
3243,104187,10406.0,https://youtu.be/1xkTN1Z1rTQ
3244,76095,14741.0,https://youtu.be/4wiL-ry9XMI
3246,104797,1883.0,https://youtu.be/0hMpERkER6s
3247,105417,2005.0,https://youtu.be/lCBjHkCK1Vw
3248,108147,6279.0,https://youtu.be/_QcgjGyRnuw
3249,104389,11087.0,https://youtu.be/wjtfG8r14Uk
3250,106246,7305.0,https://youtu.be/C2lFPEp7dbI
3251,88683,24735.0,https://youtu.be/JAc0C_1G0B8
3252,105323,9475.0,https://youtu.be/3GUvsJc3vvE
3253,105793,8872.0,https://youtu.be/eBzr2UDK4DM
3254,108525,8873.0,https://youtu.be/Im4g7MOb-G0
3255,104694,11287.0,https://youtu.be/0A-O1MJAl9E
3256,105112,9869.0,https://youtu.be/lctC_4kQwtw
3257,103855,619.0,https://youtu.be/v4qauDAr_hA
3258,104070,9374.0,https://youtu.be/0jPuZLUY4II
3259,104231,11259.0,https://youtu.be/01c0fIg1bFI
3260,104454,8293.0,https://youtu.be/jI54a8wfPmM
3261,105415,11068.0,https://youtu.be/3Hpx_b3gj64
3262,105665,1923.0,https://youtu.be/vg2kx4Jybp0
3263,105812,10158.0,https://youtu.be/NHRvNAENaxk
3264,103893,10206.0,https://youtu.be/pnZkV_aR_9w
3265,104684,11782.0,https://youtu.be/fWvCK7doZqM
3266,103905,10086.0,https://youtu.be/3HFuTY3HpV8
3267,104815,9367.0,https://youtu.be/QtNJsvpHye0
3268,105477,9876.0,https://youtu.be/2sGiAIq0xvM
3269,104291,10326.0,https://youtu.be/HIEHuEFDgac
3270,104040,16562.0,https://youtu.be/0jvRfLOVfeY
3271,105046,9609.0,https://youtu.be/VMu9MSFMCv4
3272,103759,12143.0,https://youtu.be/Yhb2lT8Kktc
3273,134084,4234.0,https://youtu.be/Gx24Z9O0MuY
3274,105414,9605.0,https://youtu.be/ROg4MoaAXvY
3275,144117,8374.0,https://youtu.be/IMs4ESRJuCU
3276,171356,29076.0,https://youtu.be/edAjY73zXbg
3280,69754,28156.0,https://youtu.be/vITUjvwnavc
3281,144801,113096.0,
3283,67433,24349.0,https://youtu.be/hIPoCwux0kI
3284,67848,27841.0,https://youtu.be/rSD5yKu27es
3285,163978,1907.0,https://youtu.be/t99_nC_tYVM
3286,184907,15489.0,https://youtu.be/QHRio-QRZhU
3287,220099,15655.0,https://youtu.be/9IHmPu3P9Fw
3289,209189,36210.0,https://youtu.be/r2nZwReoubM
3294,74455,30062.0,https://youtu.be/9cQGA5VRj50
3295,107920,62463.0,https://youtu.be/IYv5M6A_ERk
3296,62376,25934.0,https://youtu.be/oMAjca-pgr4
3298,181984,14181.0,https://youtu.be/kgCLG4gCAvI
3299,162983,10385.0,https://youtu.be/w-5Cbu7QLDI
3300,134847,2787.0,https://youtu.be/mEJ8e8S4hOw
3301,190138,2069.0,https://youtu.be/671bZc4jX7g
3302,159272,61416.0,https://youtu.be/4i4eu5Q7M0U
3303,221023,79515.0,
3306,18773,28978.0,https://youtu.be/FTZfMBREBtc
3307,21749,901.0,https://youtu.be/7vl7F8S4cpQ
3308,87265,25010.0,https://youtu.be/Kf6kjsSgd38
3310,12349,10098.0,https://youtu.be/O5WXokyub-4
3313,84395,33374.0,https://youtu.be/cgP09BXk27I
3315,43618,127602.0,https://youtu.be/iQMJkZpYX9Y
3316,184858,2155.0,https://youtu.be/0856Uv4QmtI
3317,185014,11004.0,https://youtu.be/VZd2zeiFYl8
3323,194368,20682.0,https://youtu.be/1Q-5sQ8G38k
3324,186045,25166.0,https://youtu.be/spkXO4-iQgE
3325,156841,1831.0,https://youtu.be/jmec0w5G4xA
3326,181151,10416.0,https://youtu.be/vzK6h_OIyEk
3327,218043,14271.0,https://youtu.be/YfBnF484Qc0
3328,165798,4816.0,https://youtu.be/ZhR6jWWpUj0
3329,94347,19958.0,https://youtu.be/rjylFJeNftI
3330,55471,28569.0,https://youtu.be/dWDkdsZQq_c
3331,85980,2193.0,https://youtu.be/S1Q3GYSCe_k
3334,40506,11016.0,https://youtu.be/oIi_ipWRxXo
3338,97372,20423.0,
3341,42276,24481.0,https://youtu.be/QL3NsTHAQ8s
3342,86969,11296.0,https://youtu.be/IVEzG-u5x84
3344,56875,28172.0,https://youtu.be/-4Inzx9WPSc
3345,62793,57855.0,https://youtu.be/_dyUnm-KPFI
3347,86005,14280.0,https://youtu.be/V1nHaO4da_U
3350,55353,29478.0,https://youtu.be/e_NvQSLv7rI
3353,218112,73642.0,https://youtu.be/svnrSLDewY8
3354,183523,2067.0,https://youtu.be/njIN5HU4UMQ
3355,142688,622.0,https://youtu.be/V1ueyfoNTdU
3357,181530,28463.0,
3358,101698,12186.0,https://youtu.be/YEWQqxZF9n0
3359,78902,20283.0,https://youtu.be/J1jzs6dk4bs
3360,91217,5693.0,https://youtu.be/12h5KGHU8Mg
3361,94812,287.0,https://youtu.be/qnWSvSrb1-I
3362,72890,968.0,https://youtu.be/3STmwLDDBcI
3363,69704,838.0,https://youtu.be/hH0FXaU3e-A
3364,42208,16958.0,https://youtu.be/tiH8mOrCNSI
3365,49730,3114.0,https://youtu.be/pJXgjw_5erE
3368,51411,12501.0,https://youtu.be/17zDhnPwVik
3370,94731,31618.0,https://youtu.be/2XTeI5KRG00
3372,64110,15873.0,https://youtu.be/qb-dUGyv4W0
3374,104057,68427.0,https://youtu.be/FRpTae7jmi4
3378,118043,48213.0,https://youtu.be/cLYZnniXAhk
3379,53137,35412.0,https://youtu.be/8gITuHT2B28
3384,72251,8333.0,https://youtu.be/_WnD63TiceA
3385,90274,19259.0,https://youtu.be/bBmLrIpWpNk
3386,102138,820.0,https://youtu.be/s8az13Y1rUM
3387,98645,11718.0,https://youtu.be/UM6-VeQ_KPk
3388,93148,8989.0,https://youtu.be/5DOX1Poxro4
3389,91400,32031.0,
3390,91934,58048.0,https://youtu.be/NbW06buYw0Y
3391,94321,26827.0,https://youtu.be/rDjeOyO2Biw
3392,98309,11157.0,https://youtu.be/Nm4c5L9sWD8
3393,92834,28370.0,https://youtu.be/OAQXV8_Oi7w
3394,92666,918.0,https://youtu.be/Q54vCqr1jtQ
3395,93596,61178.0,https://youtu.be/4o-AGzZaWtI
3396,79588,11176.0,https://youtu.be/qDfXXaqfc2k
3397,82474,14900.0,https://youtu.be/aEQw79tKm6I
3398,87755,11899.0,https://youtu.be/6-X5vRN1l3I
3400,108526,18890.0,https://youtu.be/lfOWnR4iu24
3401,88760,19736.0,https://youtu.be/4-fh21yHeyM
3402,90219,123047.0,https://youtu.be/jZanAPKDUuo
3403,81400,24575.0,https://youtu.be/1qDuKPetx04
3404,46435,16535.0,https://youtu.be/r2z4DQcKl2c
3405,51994,10971.0,https://youtu.be/dPAqttGXFaU
3406,43379,23928.0,https://youtu.be/s2l0p-fg4lU
3408,195685,462.0,https://youtu.be/jjqUUxIy_yk
3409,195714,9532.0,https://youtu.be/9hvUxRGeBhA
3410,180181,117259.0,
3412,95800,2383.0,https://youtu.be/S0tX2wKi6O0
3414,48316,53879.0,https://youtu.be/6ADVQo9Q020
3415,72443,1396.0,https://youtu.be/S2U9TXmYJ94
3417,44517,11570.0,https://youtu.be/Izws4RmQUBo
3418,103074,1541.0,https://youtu.be/g8Uti7PDLnI
3420,78718,17443.0,https://youtu.be/m6-tlGGKYcI
3421,77975,8469.0,https://youtu.be/-mSQag4Re4Y
3422,91939,27995.0,https://youtu.be/Pd9oTGr_1DA
3423,96054,36739.0,https://youtu.be/snxtT7xr-nY
3424,97216,925.0,https://youtu.be/yVAD4fYRcvA
3425,100168,41823.0,https://youtu.be/io8Jw9BRRFY
3426,102175,1713.0,https://youtu.be/kZ64smS4Lyk
3428,78950,30547.0,https://youtu.be/6w5Gqdono-M
3429,99317,54825.0,
3430,71402,13939.0,https://youtu.be/p1NNnTkLBlc
3431,82250,14373.0,https://youtu.be/3m2XrgV3GmI
3432,89003,24873.0,https://youtu.be/H8G6HcTcYwg
3433,92857,26263.0,https://youtu.be/N4OaITyRBG8
3434,109578,34746.0,https://youtu.be/_QlN7kuSjT0
3435,36775,996.0,https://youtu.be/9oxVkwB05rU
3436,101787,9079.0,https://youtu.be/A8p0w_Ec1NY
3438,100758,1498.0,https://youtu.be/eGX4NvmuJCY
3439,103060,1497.0,https://youtu.be/al9jfY7zOBY
3440,108308,1499.0,https://youtu.be/w2dNvVdz3js
3441,87985,1880.0,https://youtu.be/kZLLKwFpFG4
3442,90693,33762.0,https://youtu.be/UeshhQehpwo
3444,92675,11690.0,https://youtu.be/bCZ1CIQ64YQ
3445,77530,29143.0,https://youtu.be/KZEy46kUbzc
3446,113133,35292.0,https://youtu.be/EE1wCo3N6As
3447,28944,36652.0,https://youtu.be/ikY9aQCAujw
3448,93105,801.0,https://youtu.be/JnBXv3W0arQ
3449,95238,104301.0,https://youtu.be/inx3yOAs3Jk
3450,107050,11520.0,https://youtu.be/64MH2i5gr_I
3451,61735,1879.0,https://youtu.be/Rg1pnX3nYc8
3452,165929,2085.0,https://youtu.be/gU_xJ4EDAas
3453,195778,13539.0,https://youtu.be/3Pqyut8w8qw
3454,202402,16222.0,https://youtu.be/cVqwwYy3_rA
3455,146516,109479.0,https://youtu.be/EfqEH_rzOsQ
3456,191043,17078.0,https://youtu.be/3_RvGYkUhEk
3459,91142,33516.0,https://youtu.be/93SrqYZT4yM
3461,57261,9960.0,https://youtu.be/GPxguAyViJk
3462,27977,3082.0,https://youtu.be/NNznUyDmSFc
3466,107091,12187.0,https://youtu.be/t4YFsWqNPEs
3467,57163,24748.0,https://youtu.be/9uSurLxEiRc
3468,54997,990.0,https://youtu.be/n7aFFqz2bXU
3469,53946,1908.0,https://youtu.be/1PKkLSCuiEE
3470,71411,9764.0,https://youtu.be/oXGB-dKchz8
3471,75860,840.0,https://youtu.be/dSpQ3G08k48
3473,74718,42237.0,https://youtu.be/N8fhqHyRj6M
3474,117468,26689.0,https://youtu.be/Hnb65cgl2xI
3475,43924,25673.0,https://youtu.be/sk7a9EyMGiY
3476,99871,2291.0,https://youtu.be/U6lHSvKD4uk
3477,112950,13531.0,https://youtu.be/c2-LdSfXo14
3478,93378,16620.0,https://youtu.be/OaEWHrwF0fc
3479,89457,526.0,https://youtu.be/iGs4o_5jyhw
3480,91445,13346.0,https://youtu.be/Wnqcag_24kE
3481,146882,243.0,https://youtu.be/6P4dXJ_Tvns
3483,138749,10501.0,https://youtu.be/JcOfJwN0bdY
3484,192614,11478.0,https://youtu.be/B03lvL3pVp8
3489,102057,879.0,https://youtu.be/c-vwgt8cwEM
3492,17416,85689.0,
3494,65126,17529.0,https://youtu.be/ruTdCaAWTNA
3496,95564,118098.0,https://youtu.be/bQ0Mu5kniXI
3497,85919,1793.0,
3498,77928,11327.0,https://youtu.be/lhuutAnXBzQ
3499,100157,1700.0,https://youtu.be/9HU-RfV7QA0
3500,104928,54087.0,https://youtu.be/0FeTjAyjAW4
3501,89643,34322.0,https://youtu.be/HoX-xki1yHQ
3502,107630,41659.0,
3503,69293,593.0,https://youtu.be/BBYJH6UAAfw
3504,74958,10774.0,https://youtu.be/T-PyQ1gMT6o
3505,93640,10083.0,https://youtu.be/-NaBMu3pooM
3506,79640,29786.0,https://youtu.be/8HtZp_DwDyw
3507,63374,11356.0,https://youtu.be/A58OtN9h918
3508,75029,10747.0,https://youtu.be/YvXl6Ij-LhQ
3510,186151,10559.0,https://youtu.be/dMD1ZsyHRHA
3511,217756,20697.0,https://youtu.be/AfTvmbizNyQ
3512,122459,2621.0,https://youtu.be/ZQNifpPNmTk
3513,160797,10479.0,https://youtu.be/usKVcBTxkfk
3514,172632,125709.0,
3515,183503,49721.0,
3516,51406,2006.0,https://youtu.be/VqtxPF9CVe8
3519,77572,17339.0,https://youtu.be/V3gA-Gnm6hQ
3521,97940,11305.0,https://youtu.be/ZzyMVe-pKvo
3524,82031,13665.0,https://youtu.be/D5gABBndg-w
3525,86927,12309.0,https://youtu.be/L9jE1xQCc-g
3526,98067,1552.0,https://youtu.be/s4LqmugHDPQ
3527,93773,106.0,https://youtu.be/SFoQL6gqhFM
3528,102713,10333.0,https://youtu.be/gyy_A4wNQa8
3529,82934,11027.0,https://youtu.be/-uTyP-fQpZ4
3531,99014,123757.0,https://youtu.be/aNqyGiNHGC0
3534,191754,10468.0,https://youtu.be/-dwp9ea0sSY
3535,144084,1359.0,https://youtu.be/81mibtQWWBg
3536,171433,4967.0,https://youtu.be/wORkOt7MOHM
3537,149367,31776.0,
3538,166175,10557.0,https://youtu.be/yfoqUY0KwfQ
3539,236216,27745.0,https://youtu.be/rKdPOIcIBxs
3543,83833,13776.0,https://youtu.be/__Q6_27KKEc
3544,102898,26291.0,https://youtu.be/V7KOt3Hugd4
3545,68327,10784.0,https://youtu.be/6DZ2wtichOM
3546,56687,10242.0,https://youtu.be/3qFYjkFCxiE
3548,51383,16347.0,https://youtu.be/1MOyMORDN9E
3549,48140,4825.0,https://youtu.be/ykzP_64l-xk
3550,85701,11654.0,https://youtu.be/g7DzTgy6_Vk
3551,74860,10518.0,https://youtu.be/iRgZ1AzdNgA
3552,80487,11977.0,https://youtu.be/vKlecXacidE
3553,176783,18041.0,https://youtu.be/BVeBO-ahVGU
3554,199725,14736.0,https://youtu.be/vhl4TV-S3bg
3555,141926,3536.0,https://youtu.be/LvcbGleQjJ4
3556,159097,1443.0,https://youtu.be/8kDcCGlaBwY
3557,104549,10424.0,https://youtu.be/T02flRwnKog
3559,44837,28971.0,https://youtu.be/dkvb6aGl6nA
3563,132910,9456.0,https://youtu.be/XrVu11KNNB8
3564,158622,889.0,https://youtu.be/Eu3zeVVu3ME
3565,198021,10564.0,https://youtu.be/HbzcodGsaRs
3566,189584,15723.0,https://youtu.be/_MZXKWNvtK4
3567,180837,19600.0,
3568,162348,125537.0,https://youtu.be/0yTRCA27HWg
3569,154421,452.0,https://youtu.be/QbF80Gu80-4
3571,220100,36234.0,https://youtu.be/icUyG8ZdX04
3572,106521,39283.0,https://youtu.be/M0wP4rP6R70
3573,112634,65460.0,https://youtu.be/UkYAr_wyaZU
3574,115834,55667.0,https://youtu.be/NyWZKiPi30U
3576,93185,12476.0,https://youtu.be/9GzW7dx6FoI
3577,96324,5241.0,https://youtu.be/xax38BVMCUM
3578,172495,98.0,https://youtu.be/P5ieIbInFpg
3580,153464,47724.0,
3581,188674,11129.0,https://youtu.be/GjoWJB9SGf0
3584,85276,1058.0,https://youtu.be/rf3Kqyckw2Y
3586,80913,42159.0,https://youtu.be/3x4D5-xM7hA
3587,80923,16395.0,https://youtu.be/wg75f-38L3E
3590,71772,38925.0,https://youtu.be/6wbZJmOWCQM
3591,85970,13105.0,https://youtu.be/wFXuRHFW3Wk
3592,84315,22501.0,https://youtu.be/D4f4tprXSiA
3593,185183,5491.0,https://youtu.be/7VbfuehRjpw
3594,210616,10560.0,https://youtu.be/tf7vVdDExuM
3596,156323,19419.0,https://youtu.be/KZlfi_qlTnw
3597,174336,23531.0,https://youtu.be/XROLxJNmgoY
3598,171359,10688.0,https://youtu.be/F39CYBE6-Kg
3599,37514,17889.0,https://youtu.be/ulZcqaPVw-w
3604,56048,39391.0,https://youtu.be/chNGGFtAZf8
3606,41716,31516.0,https://youtu.be/ri4OegFn3Jk
3608,89791,5683.0,https://youtu.be/1UWsZ9k3Rds
3609,181786,113279.0,
3614,104438,12518.0,https://youtu.be/MbrZBvSUMkM
3615,130623,10567.0,https://youtu.be/yrhGIq5o5Yc
3616,217630,10642.0,https://youtu.be/vWoXkC7udK0
3617,215129,9285.0,https://youtu.be/NU9NYU9O0Hw
3618,196216,10569.0,https://youtu.be/MAWsmINQqJk
3619,80881,21879.0,https://youtu.be/S7sh4j0GXJI
3622,66495,24918.0,https://youtu.be/Wt1lHyuTDWE
3623,120755,955.0,https://youtu.be/hSPtsCQq52k
3624,184894,8584.0,https://youtu.be/FqHg5fc_0_U
3625,207998,47295.0,https://youtu.be/XUfOi0c5czM
3626,154443,11332.0,https://youtu.be/X9GCQE-SZbA
3627,55830,16093.0,https://youtu.be/uDMkgcKas3U
3628,34742,29372.0,https://youtu.be/H9lPTkWYJ6U
3629,15864,962.0,https://youtu.be/DJwOpY84Oq4
3632,39631,30588.0,https://youtu.be/eND72dzh7EU
3633,64757,668.0,https://youtu.be/U_-nD5r8dc0
3634,58576,23518.0,https://youtu.be/EsMuK_Sos58
3635,76752,691.0,https://youtu.be/TqhzdF8m6q4
3637,89960,44018.0,https://youtu.be/GvBQ596Zsqk
3638,79574,698.0,https://youtu.be/qz7uoU7Xvjg
3639,71807,682.0,https://youtu.be/QUvKxtSrHJs
3640,50598,28973.0,https://youtu.be/uF4jTT1t2hU
3641,14624,28974.0,https://youtu.be/fKCfP1EBzY8
3643,36824,22994.0,
3646,208003,9600.0,https://youtu.be/njhwlzuPXv4
3648,50095,38006.0,https://youtu.be/Qlza-B78TPQ
3649,80365,2768.0,https://youtu.be/IN7sz-T_tUY
3652,81318,24920.0,https://youtu.be/M-tU_HCF5i4
3653,60371,21.0,https://youtu.be/yZsuQXKkPdw
3654,54953,10911.0,https://youtu.be/0ORnL9WmOEo
3655,70130,10102.0,https://youtu.be/usASQnTtaWA
3658,62168,26912.0,https://youtu.be/BhDUbQ9xFMM
3660,98143,26953.0,https://youtu.be/Sf5d44T-RNc
3661,100438,26954.0,https://youtu.be/wRFLFBrkqbo
3662,102728,26956.0,https://youtu.be/Sq4MjUNvguI
3663,107899,26957.0,https://youtu.be/BIO9VpGLEiQ
3664,110916,26958.0,https://youtu.be/JQCM81hdWOE
3667,95977,80287.0,https://youtu.be/WB0S0CtDu-E
3668,63518,6003.0,https://youtu.be/gvCpDknV6Ps
3669,105466,23939.0,https://youtu.be/ycVcurvRYqY
3671,71230,11072.0,https://youtu.be/tb2fYUKJdN8
3672,71206,23069.0,https://youtu.be/_zF-iiyxQZc
3673,92638,21299.0,
3674,76044,38802.0,https://youtu.be/qtfHXbUTE-0
3675,47673,13368.0,https://youtu.be/3n3-UtakD3I
3676,74486,985.0,https://youtu.be/J0Eq5GtCYdA
3677,103767,14002.0,https://youtu.be/ZSfFHxyYJJA
3678,48347,541.0,https://youtu.be/vUUbNdnwgaE
3679,82252,21137.0,https://youtu.be/_H7f9IRt_4A
3680,94980,36724.0,https://youtu.be/63ApcpF-NLw
3681,59578,938.0,https://youtu.be/xZm8i5sGlWI
3682,70355,10648.0,https://youtu.be/83iV6rVG-qw
3683,86979,11368.0,https://youtu.be/TFzPVLdGtAg
3684,97322,10875.0,https://youtu.be/iGlZruBbYQ4
3685,89841,2075.0,https://youtu.be/VEz13l-ULX0
3686,99582,1551.0,https://youtu.be/7FlbnHrrLd8
3687,95525,22500.0,https://youtu.be/gzBHjfy7kR4
3688,84522,10246.0,https://youtu.be/KpzxvPigAr8
3689,86129,19698.0,https://youtu.be/jaeR_RtjwDY
3690,89826,23919.0,https://youtu.be/06jLunu_9fY
3691,86143,18835.0,https://youtu.be/T3JaMWzQr0U
3692,90849,26554.0,https://youtu.be/ee-SZRVtJNU
3693,90190,15239.0,https://youtu.be/sKeONEIskWI
3694,98503,28165.0,https://youtu.be/HGIxHDhMIYw
3695,98502,28169.0,https://youtu.be/uF8rq8023AA
3696,91630,15762.0,https://youtu.be/_PmPuYg6nqM
3697,100403,169.0,https://youtu.be/po4MN1V75eU
3698,93894,865.0,https://youtu.be/i2FMhBg0h_8
3699,88172,9663.0,https://youtu.be/SOMyCjQzk4w
3700,87004,26889.0,https://youtu.be/DsgcgfFcSe0
3701,94631,10128.0,https://youtu.be/TmDRQWn7jgk
3702,79501,9659.0,https://youtu.be/Kwmj2a7NGSQ
3703,82694,8810.0,https://youtu.be/bwcADuJZDNA
3704,89530,9355.0,https://youtu.be/vynTmqiizog
3705,99141,1727.0,https://youtu.be/CJmVVz8sT5U
3706,92563,635.0,https://youtu.be/oLNHY7x055E
3707,91635,10068.0,https://youtu.be/bRIsOxLzLLM
3708,87262,11495.0,https://youtu.be/DfcuksWVRt8
3709,105428,11428.0,https://youtu.be/Ge6_zTJPhUc
3710,94612,10117.0,https://youtu.be/lnnA33SPYXU
3711,105316,35936.0,https://youtu.be/3wVYjkFfpXM
3712,102951,25562.0,https://youtu.be/0PLnF8EZu7s
3713,100046,51763.0,https://youtu.be/J-YwJKIqyOE
3714,94882,73079.0,https://youtu.be/4fYg2S6c84s
3715,92710,38921.0,https://youtu.be/LhTmA9sqxeI
3716,93011,35463.0,https://youtu.be/_ApZB7W0-8A
3717,187078,9679.0,https://youtu.be/cxCE9gDm1vo
3719,182295,51333.0,https://youtu.be/iOXzJL1roS8
3720,145503,17771.0,https://youtu.be/fdJXlNgnQTk
3723,99726,10264.0,https://youtu.be/tMvqWk7q8Ss
3724,77362,31657.0,https://youtu.be/8sSdLNcmsBs
3725,82009,29204.0,https://youtu.be/2U7sY6fgrXs
3726,74156,17814.0,https://youtu.be/SmuM704bMjM
3727,93605,11879.0,https://youtu.be/XBDhZrzqcPY
3728,102592,21128.0,https://youtu.be/FN24JTHbdoo
3729,67741,482.0,https://youtu.be/hwrLNTN7-Fs
3730,71360,592.0,https://youtu.be/mDgKPQWyjRk
3731,82220,31593.0,https://youtu.be/dgDfrX8I3p8
3732,77588,12611.0,https://youtu.be/bphHHR2aVM0
3733,70509,14328.0,https://youtu.be/wGUfvZU4wiE
3735,70666,9040.0,https://youtu.be/eoP6bH2ymFo
3736,43338,25364.0,https://youtu.be/AX8GLtyWpOY
3737,56195,43002.0,https://youtu.be/RDKGx3lOXkQ
3738,72226,5121.0,https://youtu.be/Idj2FA06e9A
3739,23622,195.0,
3740,90728,6978.0,https://youtu.be/C6y6mTU5cTQ
3741,69762,3133.0,https://youtu.be/qKykxE7CBbc
3742,15648,643.0,https://youtu.be/VC66LgoOlCs
3743,204175,10571.0,https://youtu.be/FBIYE656wr0
3744,162650,479.0,https://youtu.be/DcLG3AfyVDI
3745,120913,7450.0,https://youtu.be/mK7huyUD3i8
3746,188030,31023.0,https://youtu.be/IEzOxMriGTE
3747,186253,25636.0,https://youtu.be/Tc0cb4sEMvU
3751,120630,7443.0,https://youtu.be/08MUUPzS8gU
3752,183505,2123.0,https://youtu.be/JABG7viqJWc
3753,187393,2024.0,https://youtu.be/OpKR4qTOVgI
3754,131704,17711.0,https://youtu.be/zRADwNEWW6c
3755,177971,2133.0,https://youtu.be/sK5ejT_V9to
3756,200669,29946.0,
3758,97100,28774.0,https://youtu.be/FPwqqIXyCIE
3760,76257,11598.0,https://youtu.be/wbhLuxJvr6o
3761,106469,9702.0,https://youtu.be/NMj89zgI8Yc
3763,89118,9873.0,https://youtu.be/A5a4i1mlQyk
3764,101846,16820.0,https://youtu.be/0HzhRMBuMCQ
3765,99797,14864.0,https://youtu.be/tcc4jaiQA_U
3766,87727,15379.0,https://youtu.be/hWiQlmsd5fQ
3767,89604,12764.0,https://youtu.be/eap1lshAjIg
3768,94792,27352.0,https://youtu.be/BzxjMRdxAqM
3769,72288,8348.0,https://youtu.be/Gjk-fB8fM0A
3770,87175,24099.0,https://youtu.be/4ybHzYtF3ZM
3771,71569,17897.0,https://youtu.be/LmU8-5CutII
3773,99800,16094.0,https://youtu.be/X4Cgazhox24
3774,102065,16096.0,https://youtu.be/Fcv3v2JIj34
3783,159382,12706.0,https://youtu.be/5Llv6mlpucY
3784,219854,4244.0,https://youtu.be/d86Qg-y9eAA
3785,175142,4247.0,https://youtu.be/HTLPULt0eJ4
3786,179116,20770.0,https://youtu.be/HnUvneNxoz8
3787,215369,1050.0,https://youtu.be/qcwZfUMDB0w
3788,60176,1052.0,https://youtu.be/PRENEOHlcbw
3789,59575,20540.0,https://youtu.be/XKvzeCwMCgc
3790,212974,23655.0,https://youtu.be/gGRPxq72Kfs
3791,87277,1788.0,https://youtu.be/xxOuSqokKok
3792,38499,32275.0,https://youtu.be/OrP_CtoeO9E
3793,120903,36657.0,https://youtu.be/s4Wqw8tqgdM
3794,200530,44490.0,
3795,168794,47585.0,https://youtu.be/ACSZnim2ij4
3797,163676,36047.0,https://youtu.be/NU_iktfVHEI
3798,161081,2655.0,https://youtu.be/s6nTJMdrGVU
3799,210234,12599.0,https://youtu.be/3uwx7tnwdCw
3801,52561,93.0,https://youtu.be/LwX8NiXv9Hw
3802,104299,9278.0,https://youtu.be/CIU819AyIVM
3806,64615,18118.0,https://youtu.be/Q3XVYjhKU-U
3807,76716,11940.0,https://youtu.be/z5wtftr8PVg
3808,54749,24167.0,https://youtu.be/IRZN_u994r4
3809,103241,10276.0,https://youtu.be/ptmP1lziJw4
3810,105813,19380.0,https://youtu.be/XNJH0-LHRuk
3811,80310,13783.0,https://youtu.be/yIItaUtWJnE
3812,68555,11624.0,https://youtu.be/wEPUeu8IGI8
3813,77742,15867.0,https://youtu.be/sINxS7X8fFQ
3814,73312,11686.0,https://youtu.be/Nrf3X89aDhk
3816,89276,29263.0,https://youtu.be/4IbHh9ixyxQ
3819,92048,11830.0,https://youtu.be/sur_pxcpuoE
3821,144528,12107.0,https://youtu.be/X5BnhugnRR8
3822,144201,10401.0,https://youtu.be/rEzbIeZRKMk
3823,171865,32640.0,https://youtu.be/OuXCatJa9ys
3824,174480,10641.0,https://youtu.be/Hn8xwIrAF8U
3825,200550,6282.0,https://youtu.be/2lqWOOHOwlE
3826,164052,9383.0,https://youtu.be/PksGHTBW1uE
3827,186566,5551.0,https://youtu.be/7PAZBAV43Zw
3830,206226,27723.0,https://youtu.be/SdyF7NTwFek
3831,195234,2360.0,https://youtu.be/-n8rHwtoEwo
3832,57603,28043.0,https://youtu.be/t7MyJMlOpdE
3833,52646,33468.0,https://youtu.be/BqKv_kLZZGQ
3834,80472,21866.0,https://youtu.be/oqyBr-07Eh0
3835,106627,33408.0,https://youtu.be/vlEwqBrbPPU
3836,65938,11589.0,https://youtu.be/2W58fJvUMbQ
3837,95863,15158.0,https://youtu.be/d3EA05pcefg
3838,110823,16139.0,https://youtu.be/Th50t0STvIE
3839,138703,16146.0,https://youtu.be/bXZtb7R2rRQ
3840,95925,26515.0,https://youtu.be/4uIQ4Zn9Ijc
3841,99005,11856.0,https://youtu.be/spsxCrPDCi4
3843,86320,13567.0,https://youtu.be/_YAawYhXT8Y
3844,98384,10860.0,https://youtu.be/d8nojAKKijA
3845,49189,8420.0,https://youtu.be/uZCsuRuq2mE
3846,85470,18391.0,https://youtu.be/yqTMFYPG5d4
3847,71650,20850.0,https://youtu.be/t7sjqF2BTFA
3849,38975,27452.0,https://youtu.be/Y-hIiCQT848
3851,251739,38548.0,
3852,234853,20438.0,https://youtu.be/3xQ2lPYTnmQ
3855,204709,46991.0,
3857,163983,10391.0,https://youtu.be/ce4Hlm2IOfQ
3858,173716,14195.0,https://youtu.be/LMmKfKCZoTk
3859,233687,15665.0,https://youtu.be/3o0eL4ymO04
3861,191397,10393.0,https://youtu.be/Ivh1DoSVfyo
3862,199314,18168.0,https://youtu.be/U2oVKYID93E
3863,209958,8843.0,https://youtu.be/ZhH3CHunglk
3864,188640,10643.0,https://youtu.be/ykM1erwrtiA
3865,236388,23618.0,https://youtu.be/JAa2gANm4KM
3868,95705,37136.0,https://youtu.be/PACTQutbow4
3869,102510,37137.0,https://youtu.be/WvY-X4P5y7Y
3870,32881,23283.0,https://youtu.be/Rnqch54OlrM
3871,46303,3110.0,https://youtu.be/JMYo9FTcnck
3872,53318,14698.0,https://youtu.be/sHAkalCkrLM
3873,59017,11694.0,https://youtu.be/2wlGJ_j0viE
3877,88206,9651.0,https://youtu.be/608EbBVkiTI
3879,160009,11398.0,https://youtu.be/q8xEQdWQCho
3882,204946,1588.0,https://youtu.be/4Fza-ZDQE6c
3884,198386,19150.0,https://youtu.be/RalfvRfCIp8
3888,209322,41282.0,https://youtu.be/ZVJrAA0CgTQ
3889,144964,12211.0,https://youtu.be/M7mqpGNx8FI
3893,171580,10480.0,https://youtu.be/hAmf7VKFM-Q
3894,190798,80713.0,
3895,204626,10685.0,https://youtu.be/4P6gwL3sV2U
3896,202677,1619.0,https://youtu.be/LFtd-9bvydI
3897,181875,786.0,https://youtu.be/PmojczkkQdU
3898,211938,14805.0,https://youtu.be/Oc9xF_DvzSw
3899,191037,51179.0,
3900,197384,46119.0,https://youtu.be/U1GgQED_vTw
3901,134630,18074.0,https://youtu.be/rdVzQatZEs4
3906,164212,10562.0,https://youtu.be/gyPkbZ_kmEg
3908,192731,12212.0,https://youtu.be/ZZigtR5VBAw
3909,206420,14629.0,
3910,168629,16.0,https://youtu.be/ddcCwLqtT8w
3911,218839,13785.0,https://youtu.be/w7H9fsREWdg
3912,210567,34299.0,https://youtu.be/m1IpRlg6DuM
3914,222850,22597.0,https://youtu.be/eEpC_GrvtiI
3915,210075,19348.0,https://youtu.be/an7-gDMOe4s
3916,210945,10637.0,https://youtu.be/nPhu9XsRl4M
3917,93177,9003.0,https://youtu.be/tOcth6-HjPg
3918,95294,9064.0,https://youtu.be/WdiWUPOYL-k
3919,104409,11569.0,https://youtu.be/TDbbVx2YYEw
3920,107209,10434.0,https://youtu.be/8-kAhp0pruM
3922,57887,39113.0,https://youtu.be/Ezlp6c6LDJg
3925,88184,469.0,https://youtu.be/0k4s4oEOZMo
3926,55608,2160.0,https://youtu.be/h4fOHsL9d2s
3927,60397,2161.0,https://youtu.be/dO5E4wkg0hA
3928,40068,3073.0,https://youtu.be/3NzfaLvm4Po
3929,32234,911.0,https://youtu.be/vpBRMlo9CH0
3930,46876,10973.0,https://youtu.be/svyPswixryM
3932,24184,10787.0,https://youtu.be/C4rEv7ArYwg
3933,52969,43109.0,https://youtu.be/CBd5MUQjX30
3937,88024,9507.0,https://youtu.be/zCZY9Z6WvSY
3938,84695,27475.0,https://youtu.be/8NzLJ0tDSm8
3939,93996,27764.0,https://youtu.be/zkKv4YqMVWg
3940,100639,27767.0,https://youtu.be/ne-88bVmbNI
3941,91990,40760.0,https://youtu.be/6YWHITPO1I4
3942,100663,40446.0,
3943,215545,24664.0,https://youtu.be/EMZ6zp-3oGY
3945,259974,20455.0,https://youtu.be/gFuNXUCG4Bs
3946,208988,10461.0,https://youtu.be/wAUlHeqkn7w
3947,67128,1485.0,https://youtu.be/0NtstlDW0Zo
3948,212338,1597.0,https://youtu.be/I18TOdCvvdM
3949,180093,641.0,https://youtu.be/20YzUO_RLS0
3950,170691,10687.0,https://youtu.be/LABt1rwmIgg
3951,202641,63956.0,https://youtu.be/qthfxaN4EFo
3952,208874,6521.0,https://youtu.be/c9bC0mg_nJY
3953,205271,10763.0,https://youtu.be/024wr51PRuM
3955,213790,16888.0,https://youtu.be/dYzAFvkOyDg
3957,66832,21142.0,https://youtu.be/Ymc8SUsOkFc
3958,75754,78140.0,https://youtu.be/oqBynKxAiiI
3959,54387,2134.0,https://youtu.be/2GZnAbgGFxg
3962,93091,28605.0,https://youtu.be/ElLwB-bWNpg
3963,58708,42797.0,https://youtu.be/oqe9jCZ-7mw
3964,41094,13465.0,https://youtu.be/Ju_BnpsfznA
3965,38988,27033.0,https://youtu.be/mBz2bLhtT1g
3966,37638,20367.0,https://youtu.be/Ne8zro4clBQ
3967,249462,71.0,https://youtu.be/glKDtUXNAZw
3968,230030,1636.0,https://youtu.be/tDEfT9q07Ig
3969,223897,10647.0,https://youtu.be/_pCtXRP1edo
3971,81376,13762.0,https://youtu.be/MCOQP_LaWtQ
3972,111512,12207.0,https://youtu.be/p4X2naY_2-k
3973,229260,11531.0,https://youtu.be/rxANWqgmsFc
3974,192255,24100.0,https://youtu.be/XQhvp1fpYOA
3977,160127,4327.0,https://youtu.be/GtB603KpU9g
3978,146984,4958.0,https://youtu.be/lpsF4MfeGlQ
3979,185431,9678.0,https://youtu.be/_e3FajuSgs0
3980,203019,11978.0,https://youtu.be/iC3pHZwdmGg
3981,199753,8870.0,https://youtu.be/g13ceurNcgI
3983,203230,14295.0,https://youtu.be/55MVAFsS7iM
3984,66995,681.0,https://youtu.be/9yOamj4mlnE
3985,74452,11372.0,https://youtu.be/6qCSTGAs1p0
3986,216216,8452.0,https://youtu.be/0VP44dGIi9c
3987,186894,10862.0,https://youtu.be/U_lR9dqgx7s
3988,170016,8871.0,https://youtu.be/myTaigPrbsg
3989,230591,34045.0,https://youtu.be/WUax6vEEdac
3990,213203,16340.0,https://youtu.be/hQkbeurqfQo
3991,211181,10481.0,https://youtu.be/VytB0HxR2eQ
3992,213847,10867.0,https://youtu.be/73FrJrCgJCI
3993,180073,10876.0,https://youtu.be/u--PYnIYewE
3994,217869,9741.0,https://youtu.be/faVXsGSC1AY
3996,190332,146.0,https://youtu.be/q-HrIQLdaNE
3997,190374,11849.0,https://youtu.be/BBA3BrDJnM0
3998,228750,11983.0,https://youtu.be/btRBnxFQvD0
3999,190865,11678.0,https://youtu.be/pRdFuZSW4-Y
4000,86993,2669.0,https://youtu.be/EP1t8lSp8Zc
4002,93748,2609.0,https://youtu.be/vHhG2MsGxGI
4003,96094,12714.0,https://youtu.be/YoVqSVg32_g
4005,93428,708.0,https://youtu.be/2m7VT6zXCmE
4006,92106,1857.0,https://youtu.be/z6d6brmcVDs
4007,94291,10673.0,https://youtu.be/2KqKHuPa2J8
4008,96969,2604.0,https://youtu.be/75sZjnTWur0
4009,96219,10132.0,https://youtu.be/M5E9RV9TyEo
4010,88850,11064.0,https://youtu.be/V7g0tqdNy7M
4011,208092,107.0,https://youtu.be/ni4tEtuTccc
4012,95927,40820.0,https://youtu.be/Fk6AHn48MCY
4014,241303,392.0,https://youtu.be/692hOJq1KJE
4015,242423,8859.0,https://youtu.be/d1wuijgeaaY
4016,120917,11688.0,https://youtu.be/Hjvy8vc39kw
4017,183659,12509.0,https://youtu.be/-EvqaHos7Oo
4018,207201,3981.0,https://youtu.be/VFwHs7fEUNs
4019,181536,711.0,https://youtu.be/8QGCBH_2Dck
4020,219699,2046.0,https://youtu.be/wz9-H7oTIJ0
4021,247196,5001.0,https://youtu.be/wEDGERJQiOE
4022,162222,8358.0,https://youtu.be/4tVklCz2jcI
4023,218967,5994.0,https://youtu.be/Hzw-p2PfBeU
4024,200720,25520.0,https://youtu.be/h3iuIfNS1kM
4025,212346,1493.0,https://youtu.be/MSXZJDuNwJE
4027,190590,134.0,https://youtu.be/pi-KDvtUaGQ
4029,120202,21991.0,https://youtu.be/oRhVOeyguLY
4030,219653,10577.0,https://youtu.be/py_sPdBmstA
4031,149624,21355.0,https://youtu.be/yygkQ8SjjQk
4032,218182,29122.0,https://youtu.be/IJEhiF2cXRQ
4033,146309,11973.0,https://youtu.be/PqM102xIbIs
4034,181865,1900.0,https://youtu.be/BNSSeq1_OB8
4035,218378,44853.0,https://youtu.be/m-GzueA4Ovc
4036,189998,10873.0,https://youtu.be/_B15iesNMa8
4037,93223,26719.0,https://youtu.be/iihr5J6Oky4
4039,83564,15739.0,https://youtu.be/I78xulb-l0s
4040,101757,15413.0,https://youtu.be/ofKeN70uCrY
4041,84434,2623.0,https://youtu.be/VEpu6TcmcJg
4042,53580,11209.0,https://youtu.be/_y36swJUDD4
4043,90670,13715.0,https://youtu.be/7xFJiylekCQ
4046,49233,43258.0,https://youtu.be/gZvExs15jMM
4047,107007,10655.0,https://youtu.be/9Vz5f9NOVuk
4051,56600,,
4052,218817,9989.0,https://youtu.be/uIdtkSMwnkQ
4053,238948,18828.0,https://youtu.be/3n8cJ6Kl8vc
4054,206275,9816.0,https://youtu.be/-xzdCd15gqE
4055,194218,20637.0,https://youtu.be/1YQ0Q64ro3o
4056,237572,5955.0,https://youtu.be/F0mHXlLnDzw
4061,102388,17474.0,https://youtu.be/NVCD5sfNigI
4062,95690,11191.0,https://youtu.be/phKgLzz15KQ
4063,105165,2613.0,https://youtu.be/4DmWLxGad8I
4064,69897,22021.0,https://youtu.be/dyz9XeQwggQ
4065,71517,22048.0,https://youtu.be/sMJCorShtSc
4066,95348,17006.0,https://youtu.be/BddDCZwWkw0
4067,108451,26333.0,https://youtu.be/OrHKg87fUCc
4068,186589,16723.0,https://youtu.be/wP60n7sCKUk
4069,209475,2018.0,https://youtu.be/KAuxlHrDZJ4
4074,234805,10499.0,https://youtu.be/Z1i131o-c7I
4077,216800,47943.0,
4078,92545,74340.0,
4079,92546,5709.0,https://youtu.be/d-xmbx56IkM
4080,92605,11215.0,https://youtu.be/28OSjGVqOrQ
4081,92608,26477.0,https://youtu.be/KyakKVH1zy4
4082,92618,10937.0,https://youtu.be/8USMIMdzaTA
4083,92641,4639.0,https://youtu.be/jWKyXlgcYoA
4084,92644,96.0,https://youtu.be/rcrM8c9uuwM
4085,86960,90.0,https://youtu.be/1UV-lUZIyQk
4086,92654,11028.0,https://youtu.be/Ic2AhqLWuI0
4089,92690,19324.0,https://youtu.be/-2gIwHq_d3w
4090,92695,19933.0,https://youtu.be/bpGLpD25dpU
4091,92718,12919.0,https://youtu.be/hiS42RHaKyg
4092,92746,15785.0,https://youtu.be/zKkdgnDu3MA
4093,92783,31701.0,https://youtu.be/nc8h9pJAUMI
4102,92948,17159.0,https://youtu.be/rZu7bYiXryg
4103,92965,10110.0,https://youtu.be/NsU11wxFMbY
4104,92974,18935.0,https://youtu.be/ZAhbeEaXs3k
4105,83907,764.0,https://youtu.be/0cQmKgV0cug
4109,93036,15658.0,https://youtu.be/YcigQrW8CMY
4110,93044,4918.0,https://youtu.be/cKHjlIL-9FQ
4111,93073,28368.0,https://youtu.be/nXbEHBE7DFc
4113,93093,52780.0,
4115,93186,26156.0,
4116,93200,34101.0,https://youtu.be/iUM9Hkvf0Co
4117,93209,32054.0,https://youtu.be/32wyLEBf60c
4121,93260,2614.0,https://youtu.be/SPs3e07OeO0
4123,93278,12704.0,https://youtu.be/z6_Odb-Bd1E
4124,93300,580.0,https://youtu.be/PMXarjDD86E
4125,93405,24828.0,https://youtu.be/WqnT4VmH2ek
4126,93407,13703.0,https://youtu.be/DEYe7h0ydio
4127,93418,36914.0,https://youtu.be/gdY-6oZqkVc
4128,93437,1547.0,https://youtu.be/Q786UsnOcsY
4129,93467,42010.0,https://youtu.be/JGLu15SJ1no
4130,93476,2608.0,https://youtu.be/OuPWK_antUI
4131,93477,32058.0,https://youtu.be/2_wMrMf9Gts
4132,93493,10019.0,https://youtu.be/gDoRcg42lQI
4133,93507,11649.0,https://youtu.be/vLq_LYUkZG0
4135,93560,13509.0,https://youtu.be/cbtFKZQUepw
4138,93589,51521.0,https://youtu.be/rCiwZzPcMXw
4139,93638,34379.0,https://youtu.be/_c0dj11dn98
4141,192111,24940.0,https://youtu.be/UH4MB9v4kaE
4142,190524,37302.0,https://youtu.be/7h2LtAG3Mkw
4143,242998,10984.0,https://youtu.be/9KYtyaXIXZQ
4144,118694,843.0,https://youtu.be/rc3QleuaQMw
4146,120753,318.0,https://youtu.be/S4Ft6C8LTKU
4147,250478,12806.0,
4148,212985,9740.0,https://youtu.be/20rd9VQ1Wx0
4149,239948,10878.0,https://youtu.be/pcUE7DtW7hw
4152,190861,7093.0,https://youtu.be/_AuOPnOboCE
4153,231775,16300.0,https://youtu.be/awcN8kofaDY
4154,265632,19405.0,https://youtu.be/9cRn-bV5vdc
4155,230838,1921.0,https://youtu.be/A7hkvdyG8x4
4156,177650,44412.0,https://youtu.be/BgOIYGutIx8
4157,249893,21620.0,https://youtu.be/9CCws3v_ptI
4158,166276,23685.0,https://youtu.be/KsUdm-GatOY
4159,233142,12138.0,https://youtu.be/C86-XGyVGns
4160,191636,48217.0,
4161,236493,6073.0,https://youtu.be/LyujCIHTiHc
4164,182000,25208.0,https://youtu.be/gRBWQYmsUFE
4166,251031,19513.0,https://youtu.be/oKM5Qq-ZuLM
4167,179626,2749.0,https://youtu.be/nWdh_-ZItS4
4168,192071,10050.0,https://youtu.be/bhbGq3fxm4s
4171,236447,95682.0,
4174,99073,2302.0,https://youtu.be/b37auo3dSuM
4175,116447,32686.0,https://youtu.be/UDzGh6Z2WxA
4178,31742,51802.0,https://youtu.be/t91ecmMnG18
4180,91836,29492.0,https://youtu.be/Ctz8Qjup1Rk
4181,96223,25447.0,
4184,39190,19490.0,https://youtu.be/bgb6ZRNQTv8
4187,57251,38805.0,https://youtu.be/l5G_dQZE01o
4189,59245,2428.0,https://youtu.be/7kTgYHlsa-s
4190,53793,22013.0,https://youtu.be/z73HAUbQNp4
4191,60086,15598.0,https://youtu.be/4i49XISKA48
4193,113026,62127.0,https://youtu.be/K9Da-XCJvYM
4194,37800,56137.0,https://youtu.be/EVXs_bUXQ_8
4195,66740,17965.0,https://youtu.be/0sBKGlY_uS8
4197,79781,33250.0,https://youtu.be/DOAihCRr1y4
4198,80421,14460.0,https://youtu.be/2t7z_44nGio
4200,101764,9594.0,https://youtu.be/txTgynA3iFo
4202,68617,4986.0,https://youtu.be/AvS5457kDYI
4203,102005,2453.0,https://youtu.be/D55_Ba3Ktls
4204,85868,33676.0,https://youtu.be/s3ZKyllapso
4205,100140,4587.0,https://youtu.be/t1ykJQ9ACp8
4207,100232,12773.0,
4210,91474,11454.0,https://youtu.be/zrwMd5snOk8
4211,100486,38718.0,https://youtu.be/P-BP4YV9Po4
4212,77413,4192.0,https://youtu.be/_zEfPyO14J4
4214,88000,14052.0,https://youtu.be/kIZH5TKnEeg
4215,93857,16889.0,https://youtu.be/h1XXfRwh66w
4217,118540,26580.0,https://youtu.be/qVw5RgZjBKs
4218,91860,21309.0,https://youtu.be/nHfATM4gYeM
4219,89208,16263.0,https://youtu.be/hF8xTBL3pGI
4220,71771,4985.0,https://youtu.be/2TGBbiYZzcw
4221,102517,20704.0,https://youtu.be/Z0zgO-bMeqc
4223,215750,853.0,https://youtu.be/xqwlIaOyBSA
4224,242445,10877.0,https://youtu.be/fx6Rbj5tbgE
4225,205873,5257.0,https://youtu.be/Tc4MSie-P0k
4226,209144,77.0,https://youtu.be/Rq9eM4ZXRgs
4228,125022,10833.0,https://youtu.be/xplT0169ACQ
4229,239949,20309.0,https://youtu.be/MUNSzbk8Duw
4231,244970,12658.0,https://youtu.be/3qFynd7Pa6A
4232,227538,10054.0,https://youtu.be/GE5aHKJp6HI
4233,246989,10646.0,https://youtu.be/40sg_DsrE5o
4234,236784,2575.0,https://youtu.be/if887QzvTiw
4235,245712,55.0,https://youtu.be/A5HTBYR7m0o
4236,206187,65075.0,https://youtu.be/Qfnxcvs39JM
4237,247380,44379.0,https://youtu.be/XZF3VRGgxTU
4238,164334,2043.0,https://youtu.be/kswRbwYqn3k
4239,221027,4133.0,https://youtu.be/otckBy8LdVg
4240,189192,56715.0,https://youtu.be/SNrj8-avYvU
4241,266860,10991.0,https://youtu.be/SEqstQn0sag
4242,221889,15940.0,https://youtu.be/JpmsgXcSwOw
4243,268200,26791.0,https://youtu.be/WLlqqHGgQbk
4246,243155,634.0,https://youtu.be/xjlKnDWZYzc
4247,245686,10956.0,https://youtu.be/l3Ng784FblQ
4248,236348,19366.0,https://youtu.be/XvVhTHJWFr0
4251,221073,9519.0,https://youtu.be/VSELr4Dk3eo
4252,255094,13898.0,https://youtu.be/M6FahWs_ctg
4254,231402,9290.0,https://youtu.be/4hlqCTxr1mE
4255,240515,13166.0,https://youtu.be/-b2j_JJ0Umk
4256,240402,32590.0,
4259,211492,52654.0,https://youtu.be/yIDgfR653aI
4260,199129,70282.0,
4262,86250,111.0,https://youtu.be/lZMIrD36MG8
4263,55895,32488.0,https://youtu.be/4cN3Rh7OY6k
4265,132245,10477.0,https://youtu.be/O2QrywxknaM
4267,203755,2144.0,https://youtu.be/BsIeU6lQHt8
4268,141907,24113.0,https://youtu.be/TddNSETGZ0Y
4270,209163,1734.0,https://youtu.be/ptmLrNpmcBo
4273,240913,4973.0,https://youtu.be/c3kxXChV8oE
4275,85811,849.0,https://youtu.be/JtJZ3exJ3Jk
4276,89504,27223.0,https://youtu.be/bW-m70vJU1o
4278,25913,39266.0,
4280,84917,11307.0,https://youtu.be/VmRPh1xwab8
4282,64940,11163.0,https://youtu.be/8i9Z7r8dAFo
4284,60429,18691.0,https://youtu.be/uU7vS3XbpVU
4285,101912,3784.0,https://youtu.be/DlY-Rs-cTzQ
4289,80539,11936.0,https://youtu.be/6UjQqbNXdDw
4290,101902,25221.0,https://youtu.be/cLkFzP0oFac
4291,80319,19494.0,https://youtu.be/ixNftk5qo6Y
4292,79638,40842.0,https://youtu.be/45CX8W9peTs
4293,90098,19357.0,https://youtu.be/KacBBqLb1DI
4294,45464,33743.0,https://youtu.be/dgpfMxYFSmE
4296,66011,9062.0,https://youtu.be/Z0F7YkdLkEQ
4297,93713,11174.0,https://youtu.be/wIoZ5OYc9RE
4298,48021,934.0,https://youtu.be/PVRiC5ysSLk
4299,183790,9476.0,https://youtu.be/k3CWOjNy61k
4300,212826,37691.0,https://youtu.be/IrDpd4sCswY
4304,256408,14268.0,https://youtu.be/bZ27rbJH6hI
4305,225071,5852.0,https://youtu.be/UoFcx-jO_UM
4306,126029,808.0,https://youtu.be/HobeWN9DnsY
4307,206742,49453.0,https://youtu.be/EYZC3DsJ5rc
4308,203009,824.0,https://youtu.be/2PpgPxjzbkA
4310,213149,676.0,https://youtu.be/zf3KAiimeUg
4312,210727,26813.0,https://youtu.be/1q8c6hzEyr0
4313,206917,29572.0,https://youtu.be/PGeh7gH7Ol0
4316,77716,50541.0,https://youtu.be/UqJswRe3Rp0
4317,102343,26255.0,https://youtu.be/uh6ir2m5SLw
4321,101587,1406.0,https://youtu.be/o4k7AK6oK9U
4322,95082,13554.0,https://youtu.be/A1NFDfHL-D8
4323,52902,17664.0,https://youtu.be/h6YCA-9F9ew
4325,54130,41050.0,https://youtu.be/yEEmVghrypo
4326,95647,1632.0,https://youtu.be/987lXKJqHbY
4327,54047,966.0,https://youtu.be/SEgfAuFwads
4329,53221,301.0,https://youtu.be/VD55fwjvJlw
4333,94142,11896.0,https://youtu.be/bU3QV7gsUZ8
4334,244316,25538.0,https://youtu.be/4SCs_jbdHwg
4337,60934,5923.0,https://youtu.be/fg_HzXTD0uM
4338,41996,15497.0,https://youtu.be/AGEekUoEQUM
4339,59885,21876.0,https://youtu.be/k-umWzR3Z3M
4340,255798,11090.0,https://youtu.be/pBwcksgKcFs
4342,212815,21056.0,https://youtu.be/WSxGRfZuGGc
4343,251075,9397.0,https://youtu.be/NCRrGp5bkjY
4344,244244,9705.0,https://youtu.be/MTWGd-63sIM
4345,254099,26475.0,https://youtu.be/sgxwpjaJwrU
4347,234288,29937.0,https://youtu.be/XAYjBHUIS7A
4349,65528,10364.0,https://youtu.be/Unn8fgs8fao
4350,116344,32458.0,https://youtu.be/tULVFTt3Fkg
4351,102685,1089.0,https://youtu.be/KywiWyPjrOg
4353,86508,9967.0,https://youtu.be/VHF9AoznACI
4354,105699,17494.0,https://youtu.be/I0_Z4lh-Rus
4355,92272,17465.0,https://youtu.be/PVdMWqVQrV4
4356,45810,759.0,https://youtu.be/TOqfJEPB8rI
4357,45891,10297.0,https://youtu.be/7Xdy2t0CfXU
4359,48605,10653.0,https://youtu.be/UObTt29qDlo
4361,84805,9576.0,https://youtu.be/IS-rkKwfuJU
4366,230011,10865.0,https://youtu.be/DIA1OxnY3s4
4367,146316,1995.0,https://youtu.be/-0enc2VSiKE
4368,240462,10808.0,https://youtu.be/EXpnizX4kMA
4369,232500,9799.0,https://youtu.be/m_jWcyfjFGw
4370,212720,644.0,https://youtu.be/vzviK8IibAY
4371,255819,16161.0,https://youtu.be/kgwOhuEft5Y
4372,250224,10691.0,https://youtu.be/NuUiO85Xva0
4373,258038,10615.0,https://youtu.be/dpV2ULCb6WU
4374,212517,47596.0,
4378,203119,11826.0,https://youtu.be/osexRaPM_Gc
4380,203632,9301.0,https://youtu.be/KxdKBPGp0h4
4381,243493,11444.0,https://youtu.be/ou9YG0fUztA
4383,228786,60670.0,https://youtu.be/dzSrbX8u9q0
4384,246765,55551.0,https://youtu.be/xRPYtkQon10
4386,239395,10992.0,https://youtu.be/PQ5RCk1iCY8
4387,271027,2140.0,https://youtu.be/pZUCr_vlO8Q
4388,257106,4248.0,https://youtu.be/wsHCoKGxjLk
4389,245238,17612.0,https://youtu.be/c-My_lTpAgM
4390,249380,3134.0,https://youtu.be/QrNhnhDN_gA
4392,99012,8217.0,https://youtu.be/oFOsWXU06c8
4393,94663,22478.0,https://youtu.be/6xywx45nA_8
4394,58953,26483.0,https://youtu.be/C2SBi5BUeXo
4395,52216,24382.0,https://youtu.be/hP8HX5bnQyo
4396,82136,11286.0,https://youtu.be/VL-FJjJRg18
4397,87032,11950.0,https://youtu.be/-vT8_gg7VU8
4399,58249,36245.0,
4402,59124,26573.0,https://youtu.be/jCMeEEm4dIA
4403,53925,23439.0,https://youtu.be/f0JK8RYmWt8
4404,16847,10728.0,https://youtu.be/Luuw4yTTtRU
4406,56217,11697.0,https://youtu.be/GqhRXr2Mhn0
4407,91886,6106.0,https://youtu.be/JyRHCEt4JHs
4408,93940,22477.0,https://youtu.be/dhY09NEEyP4
4409,105378,19200.0,https://youtu.be/gIOkamBic4A
4410,91983,11300.0,https://youtu.be/r_B6fLIdhgo
4412,69372,28650.0,https://youtu.be/gWHNA_j7h5A
4419,47811,43316.0,https://youtu.be/3H8yXanHW1I
4420,46754,34689.0,https://youtu.be/GPqq6UZy4B8
4422,69467,10238.0,https://youtu.be/zc8f9ZlMnTU
4424,65777,4789.0,
4426,48261,18030.0,https://youtu.be/ss4AF91KOFw
4427,63227,18988.0,https://youtu.be/Pqz3gkrmBbo
4428,55184,11536.0,https://youtu.be/m_nT4r4-vkQ
4429,49513,10339.0,https://youtu.be/8HXVJA2XqPo
4432,51036,976.0,https://youtu.be/gBbPlyHxj8c
4433,49966,69605.0,https://youtu.be/WHdworuKmwQ
4434,59095,65632.0,https://youtu.be/tp8wRHNmniQ
4436,74991,4780.0,https://youtu.be/oYkV1s9hM-Q
4437,76786,11906.0,https://youtu.be/x_FfT98QJks
4438,68767,11713.0,https://youtu.be/oO9PVJdgu4M
4439,82176,9589.0,https://youtu.be/qQytv4hYVks
4440,67824,12481.0,https://youtu.be/eFJmVD0qHHg
4441,77594,13333.0,https://youtu.be/Wt6-3Sim6Gs
4442,89461,13938.0,https://youtu.be/10qwLUnm4qE
4443,82869,10540.0,https://youtu.be/OlQ04nscOKo
4444,68935,9462.0,https://youtu.be/72giNDkKhSE
4445,163862,82623.0,
4446,173840,2114.0,https://youtu.be/qUXVOfdGE4o
4447,250494,8835.0,https://youtu.be/vWOHwI_FgAo
4448,227445,11371.0,https://youtu.be/8W1D_D7ZG8o
4449,262210,78248.0,https://youtu.be/q-JvyUdd13E
4450,242193,9517.0,https://youtu.be/uKSIMkKIEek
4451,273300,25985.0,https://youtu.be/3lOKZ3InRqk
4452,227005,15745.0,https://youtu.be/jMl_uE9rRuc
4453,245280,24977.0,https://youtu.be/TaAFmO3XA-Y
4454,188913,36107.0,https://youtu.be/A9MHwIN_07E
4458,109049,13794.0,https://youtu.be/5eggy0MYuDo
4459,130445,13795.0,https://youtu.be/Qyt0Ez2ETzg
4462,94593,38965.0,https://youtu.be/_CPxn0HqWAY
4463,94594,47817.0,https://youtu.be/cJ8Db-VHnpk
4464,94606,31052.0,https://youtu.be/lRENOT13vBM
4465,94608,10868.0,https://youtu.be/zDujtATPuBk
4466,94602,9395.0,
4467,96764,14506.0,https://youtu.be/vuqBKiKycbA
4470,94675,2.0,
4471,94678,26044.0,https://youtu.be/S9j4GzzGKiI
4473,94712,14911.0,https://youtu.be/wYATgINGVlM
4474,94715,15592.0,https://youtu.be/G59ivoXtmW4
4475,94716,15267.0,https://youtu.be/PxS3CL-IewY
4476,94739,12710.0,https://youtu.be/58yY53mjDxQ
4477,94744,30502.0,https://youtu.be/9fk8FRzsQkg
4478,94746,19382.0,https://youtu.be/EeRcr3gt0mw
4480,94761,9599.0,https://youtu.be/vq0our4mceQ
4482,94799,17170.0,https://youtu.be/zmeTsRQ6STE
4483,94824,18509.0,https://youtu.be/rz3bXZan474
4484,94828,110428.0,
4487,94889,7520.0,https://youtu.be/Tyd6Dh_6v74
4488,94894,10126.0,https://youtu.be/WZvatzKVM2g
4489,94898,9602.0,https://youtu.be/ZDme5Y5E-bI
4490,94910,23752.0,https://youtu.be/9yxeoyC4tn0
4492,90887,3980.0,https://youtu.be/CRGyKnW3zW4
4495,94921,27397.0,https://youtu.be/EZZalVKauEM
4496,94933,9748.0,https://youtu.be/G5rtVBgOJVI
4497,94961,40095.0,https://youtu.be/bdgr1m0kzjI
4498,94963,10651.0,https://youtu.be/n41u5nOsuBM
4499,95031,10141.0,https://youtu.be/jb8ialk-J4c
4500,92929,27362.0,https://youtu.be/5tBxhzpFO1M
4502,95107,26386.0,https://youtu.be/vFZeIJgoLDU
4504,95145,25884.0,https://youtu.be/kR5gwO31Qw0
4505,95169,26355.0,https://youtu.be/QletIGfOPuc
4506,95174,10675.0,https://youtu.be/lZ397XS9r1c
4508,95243,10130.0,https://youtu.be/teHNaI8houQ
4509,95253,2617.0,https://youtu.be/gpP_l-atlT4
4511,95304,21362.0,https://youtu.be/2RIHuK89xEw
4516,95409,20443.0,
4517,95484,49365.0,https://youtu.be/3QrRxZUQzTo
4518,95488,11347.0,https://youtu.be/H9QSDuew2eo
4519,95489,12144.0,https://youtu.be/4BInhb4GkG8
4520,95519,13704.0,https://youtu.be/a4KJtDxTqWQ
4521,95532,12505.0,https://youtu.be/jWsrjotWzEc
4522,95599,41963.0,https://youtu.be/EW_vDV8g1JE
4523,95638,13482.0,https://youtu.be/uuaKVk4hNAY
4524,95654,34014.0,
4526,95687,12120.0,https://youtu.be/qfX8yIgpgaI
4527,95736,47818.0,https://youtu.be/kpHuW1POfDo
4529,95801,3543.0,https://youtu.be/et3JU_5DY0c
4531,95963,9604.0,https://youtu.be/wX_UeU9loXk
4533,89907,10925.0,https://youtu.be/KeSAFGWzft8
4534,95993,13965.0,https://youtu.be/i9IHwlcKMBE
4535,84296,24266.0,https://youtu.be/08rdCBgP-GY
4537,96018,18197.0,https://youtu.be/06sU0RVSl-w
4541,96071,11503.0,https://youtu.be/LNRnOcW5yqs
4544,96101,11966.0,https://youtu.be/z6VVELKyhOg
4545,91949,2605.0,https://youtu.be/savkuEQKz8Q
4546,96163,8740.0,https://youtu.be/KlO2oIieI44
4552,96251,41428.0,https://youtu.be/LP8xB94Epd4
4553,96256,8337.0,https://youtu.be/vSVQ975eTBI
4557,96316,28176.0,
4558,96320,9493.0,https://youtu.be/eRdcL2qKt6k
4562,96454,12582.0,https://youtu.be/lWXw-QZDdNo
4563,96486,10001.0,https://youtu.be/dEL_BT_Z6Yg
4564,96794,11352.0,https://youtu.be/4RmC8mVFwMc
4565,88708,12500.0,https://youtu.be/6xrzqPLwOio
4568,96913,17882.0,
4571,96928,1648.0,https://youtu.be/gxFxklxvE_w
4572,96933,4105.0,https://youtu.be/70Gv1C8dPGs
4573,96943,22711.0,
4574,96945,19124.0,https://youtu.be/FU169GhEa9Q
4577,97027,10142.0,https://youtu.be/2S5uKG0uCLo
4578,97044,3064.0,https://youtu.be/T2G2tMG6vMs
4580,97138,10134.0,https://youtu.be/-dv3bpt8_s8
4581,97142,21291.0,https://youtu.be/5_kuWCNT258
4583,97211,30352.0,https://youtu.be/mAbceeQ9a0E
4584,97236,15142.0,https://youtu.be/RWIlihA-DBo
4585,97235,14550.0,https://youtu.be/BNjSr8QIFIE
4587,97257,2210.0,https://youtu.be/UYelLENqNzA
4589,85475,21721.0,https://youtu.be/1nXj8RkP7xQ
4591,97289,11828.0,https://youtu.be/Gdq8u9lTdlA
4593,97328,10551.0,https://youtu.be/v_M1fSXfDyg
4594,97334,20713.0,https://youtu.be/iXwdnHQ86qk
4595,97336,27461.0,https://youtu.be/IgdiGI2RbNA
4597,97438,1380.0,https://youtu.be/PnA7p1LXtUc
4599,97457,11465.0,https://youtu.be/ueSrpfNoIwk
4600,97458,17190.0,https://youtu.be/fIiOpQrvbxU
4602,97481,9085.0,https://youtu.be/tshPOSIouEw
4603,97500,17819.0,https://youtu.be/VVszRIBAT8A
4605,97531,14776.0,https://youtu.be/OpfQ_6iL1rg
4608,97579,29185.0,https://youtu.be/MFqQ42aiMuo
4610,97613,32059.0,https://youtu.be/OM_gar5LzNA
4611,97626,505.0,https://youtu.be/8Nq5er9hq9g
4612,97635,4486.0,
4613,97637,10345.0,https://youtu.be/m8lk5PWFUKQ
4614,97659,10222.0,https://youtu.be/H6Yxw4gxfpI
4615,97714,12774.0,https://youtu.be/tYZxzZ-25wo
4616,97722,14621.0,https://youtu.be/evA9nkdOhKU
4617,97731,19118.0,https://youtu.be/qQetzM5zJus
4619,97758,15138.0,https://youtu.be/t_J3AIv39pI
4621,97778,9494.0,
4622,97790,17362.0,https://youtu.be/3WL36Bmvu4A
4623,97815,9942.0,https://youtu.be/E7ESB7xkJYU
4624,97858,8216.0,https://youtu.be/FON5KnEKReA
4625,97883,4296.0,https://youtu.be/S0k8xDtHnNM
4626,97889,24739.0,https://youtu.be/PtaM2hFve_o
4628,97965,9686.0,https://youtu.be/r0MtQ1s_A_4
4629,97967,27418.0,https://youtu.be/hHWC5Kvl3-c
4630,97987,39002.0,https://youtu.be/H7vx5iVDnYY
4632,98051,31606.0,https://youtu.be/MX5nUmkY-eg
4634,98073,37146.0,https://youtu.be/2Kx5Ex3848k
4635,98097,20006.0,https://youtu.be/I5P2UWe-c1I
4636,98141,8867.0,https://youtu.be/WvcieGlrp68
4638,163025,331.0,https://youtu.be/FBRWNdXpG1g
4639,265029,11467.0,https://youtu.be/nE1ONQjgqqg
4640,222851,327.0,https://youtu.be/NIGH6d5VVi8
4641,162346,1548.0,https://youtu.be/rq6AOc0ATnU
4642,248845,13403.0,https://youtu.be/j9LxKv7ZkRo
4643,133152,869.0,https://youtu.be/h2yzzzfLSeE
4644,237539,552.0,https://youtu.be/JVWLl6TBS1Q
4645,123948,36095.0,https://youtu.be/pv91E5L6_Tw
4646,203540,33379.0,https://youtu.be/lzvwH5EhNTI
4649,243655,2171.0,https://youtu.be/RByrRpURS5s
4653,98194,41946.0,https://youtu.be/4QBKBEKMzAw
4654,98206,10135.0,https://youtu.be/xbN9m-1vIZc
4658,98253,19236.0,https://youtu.be/y5o_KX7v5Sc
4660,98261,60276.0,https://youtu.be/8DBH2aRrNYQ
4661,98273,12150.0,https://youtu.be/RQNyQ_MdP74
4662,98282,11185.0,https://youtu.be/KzzvoOfXG9E
4663,98308,47045.0,https://youtu.be/w78WXzG8lug
4666,98343,12478.0,https://youtu.be/TBTMP1s32E0
4670,94035,25155.0,https://youtu.be/Gg2YlWCZtLI
4671,98725,65015.0,https://youtu.be/o8JJdI-Yziw
4672,98436,24077.0,https://youtu.be/NvTWeC6paas
4673,98439,9618.0,https://youtu.be/DoacpCpBptU
4675,98471,31608.0,https://youtu.be/xnfkn6_bR7g
4676,98519,22102.0,https://youtu.be/rWn0IWPTOHs
4677,98536,6951.0,https://youtu.be/kwUgKPZvuMw
4678,98546,11959.0,https://youtu.be/3M8m6GllnG8
4679,98554,2616.0,https://youtu.be/W3nHaXSGfKA
4681,98621,249.0,https://youtu.be/CU-kRUErQdQ
4683,98663,183.0,https://youtu.be/UL39WARA8lQ
4686,108539,8494.0,https://youtu.be/ZlCADShkhjk
4687,56868,26535.0,https://youtu.be/Wz3mBlGrblA
4688,101465,41784.0,https://youtu.be/a6MxdjqPfM8
4689,65761,27431.0,https://youtu.be/0-DW3saLTSI
4690,87089,2148.0,https://youtu.be/UNI2e07-aD4
4695,78490,31941.0,https://youtu.be/BNUWm7DSFWI
4697,83624,27813.0,https://youtu.be/xvutcosVML0
4699,218922,2057.0,https://youtu.be/HF0eg5YAFIs
4700,247638,9880.0,https://youtu.be/2CkcwPi20ms
4701,266915,5175.0,https://youtu.be/SCTzYY95Aw4
4703,94868,41951.0,https://youtu.be/K2y-h4fUR4c
4704,56059,11385.0,https://youtu.be/twlWGH9jmjc
4705,77288,4484.0,https://youtu.be/MKZkZr_ke_o
4708,60668,44258.0,https://youtu.be/Sdeg5j8UMxA
4709,64782,20391.0,https://youtu.be/B0idoJnBAvk
4710,75213,12584.0,https://youtu.be/kIRKnR5xvHo
4711,108323,70042.0,https://youtu.be/fAOpVAHwLic
4713,80360,11542.0,https://youtu.be/gVlLoHRsdkY
4714,80377,17169.0,https://youtu.be/-ukQ1Ov0PlM
4715,80402,39176.0,https://youtu.be/xu6SSKqK3Pw
4717,80436,19267.0,https://youtu.be/4wohGrgSCes
4718,252866,2770.0,https://youtu.be/ntxIBzJ0tU8
4719,181739,12610.0,https://youtu.be/iI6nzmvDBfE
4720,230600,1933.0,https://youtu.be/GekkoBitLvM
4721,244000,13496.0,https://youtu.be/tJMUjVG6ZRg
4722,250202,21055.0,https://youtu.be/WqmooUqgJ9M
4723,250323,24936.0,https://youtu.be/1BgxNWvx36c
4725,261983,10972.0,https://youtu.be/4s-5eJq47bY
4727,238112,1722.0,https://youtu.be/M3lLNzTSRPo
4728,250687,9896.0,
4732,258470,9683.0,https://youtu.be/O1_W2zfCSXo
4733,256524,2779.0,https://youtu.be/_XQ_jlkWP7Y
4734,261392,2294.0,https://youtu.be/HjDSFna_LXQ
4735,228333,10016.0,https://youtu.be/XbmFwk8n0f0
4736,234829,26602.0,https://youtu.be/xRP55WJQ4CI
4738,208196,22230.0,https://youtu.be/Ew0ALiiBmlg
4740,206926,13966.0,https://youtu.be/fZbBbHXbYdQ
4741,203166,742.0,https://youtu.be/_Jab2Cjst-k
4743,255653,15104.0,
4744,263488,8922.0,https://youtu.be/ACMqG1WdPQk
4745,184791,11065.0,
4748,103596,16314.0,https://youtu.be/jF_9prQFtik
4749,109015,18885.0,
4750,112255,40508.0,https://youtu.be/MggyCCD1HFg
4754,70917,16307.0,https://youtu.be/MXq-NuS24fg
4756,246544,11370.0,https://youtu.be/gFnSmS-SUXQ
4757,202470,12508.0,https://youtu.be/ZpSUqTJ7X6g
4759,269341,25462.0,https://youtu.be/3sV3omf67jY
4765,242587,18734.0,https://youtu.be/XeiQT_7x4YQ
4766,250809,44321.0,https://youtu.be/FO7bAqsJnKc
4769,248912,58062.0,https://youtu.be/J6asjV9r41s
4770,221218,2176.0,https://youtu.be/6wknrgJlv_Y
4771,180734,20857.0,https://youtu.be/63OFSv2LGlU
4772,229340,22617.0,https://youtu.be/NqBJRojUUMo
4773,273253,75386.0,
4774,246464,2185.0,https://youtu.be/os-iPdjKgMs
4775,118589,10696.0,https://youtu.be/wuMC6zPp8HQ
4776,139654,2034.0,https://youtu.be/VQ-SCoyUwfg
4777,243759,21538.0,https://youtu.be/5D1o69RFsfc
4780,255321,48834.0,https://youtu.be/v2xN_6VOMNA
4782,239986,31016.0,https://youtu.be/FHVpgT0UuDg
4783,264578,32567.0,https://youtu.be/2QrNlbcz7XE
4784,82416,12537.0,https://youtu.be/y4vXZPATrOA
4785,63032,9028.0,https://youtu.be/nMrhQp35uUo
4786,70294,16180.0,https://youtu.be/ySuvaB3h2G4
4787,102316,11521.0,https://youtu.be/k4CSE7hsNC4
4788,79579,21028.0,
4789,71994,27327.0,https://youtu.be/ULldW6fU7Vw
4792,53559,29756.0,https://youtu.be/XokuP7uN4kU
4794,93677,20115.0,https://youtu.be/a_SdnuMT4dI
4795,58092,30295.0,https://youtu.be/4OGjiL7dDio
4796,53877,25767.0,https://youtu.be/KIRHjiBCut4
4798,51773,22874.0,https://youtu.be/USltTQ_WHRY
4799,57193,11576.0,https://youtu.be/Oly0EY47Ht4
4800,29081,43860.0,
4801,33836,43802.0,https://youtu.be/d_Lfa4jyTCI
4802,53143,9660.0,https://youtu.be/oBlytcK7GbQ
4803,67588,15393.0,https://youtu.be/6Y9J7QjN1gg
4804,55312,248.0,https://youtu.be/TL9cIQhEJqU
4808,108473,1644.0,https://youtu.be/GS_s9bYYM0k
4809,86312,12502.0,https://youtu.be/iNyrSR5JGh8
4810,76172,66092.0,https://youtu.be/yIWJrd4Ybcs
4811,79766,10373.0,https://youtu.be/7bIYnHj-OKA
4812,91993,13766.0,https://youtu.be/ISPHII9F1nQ
4813,44207,16380.0,https://youtu.be/7jP2l9Ya3RY
4814,260866,12103.0,https://youtu.be/aHASWXlET04
4815,252501,11313.0,https://youtu.be/l8yfW7LHYbk
4816,196229,9398.0,https://youtu.be/YtQq0T3ExLs
4818,245891,45864.0,
4821,206314,10866.0,https://youtu.be/udKUOQ2czWg
4822,273799,34549.0,https://youtu.be/mlqumn2XTYQ
4823,240890,9778.0,https://youtu.be/xgwn8UqU2aY
4825,240419,58429.0,https://youtu.be/iHikpCDL2_I
4826,80437,16121.0,https://youtu.be/D911lxh4tm0
4827,80464,40220.0,https://youtu.be/ouwyN4NSGJI
4828,82100,166.0,https://youtu.be/gKCCz59QtVE
4830,80474,1623.0,https://youtu.be/-eVzHtmJR7g
4831,80492,40932.0,https://youtu.be/fU21LKlfrmA
4833,80516,13550.0,https://youtu.be/UwUI7d5TgGA
4835,80549,16769.0,https://youtu.be/UFPqPSQoZFE
4836,80556,42158.0,https://youtu.be/xRo17th3osE
4840,80610,1716.0,https://youtu.be/0N2BfFD1QTo
4844,219965,3172.0,https://youtu.be/JuyNQxwWI7Y
4845,250310,17708.0,https://youtu.be/-LlHmJ3xqHM
4846,108148,12780.0,https://youtu.be/B9-OQqbVkU8
4847,243255,570.0,https://youtu.be/S7K2ZRuwBgg
4848,166924,1018.0,https://youtu.be/3oa64ktrwKY
4849,206963,25641.0,https://youtu.be/E24SGpVrs-s
4850,164917,16767.0,https://youtu.be/VKx5woiP6-4
4852,166110,11380.0,https://youtu.be/8Z8Srxaoi48
4855,66999,984.0,https://youtu.be/K6Vi1VurN9s
4857,67093,14811.0,https://youtu.be/2EIHYqVFguw
4860,87666,55727.0,https://youtu.be/-4hdQUQ5VrA
4862,102555,9585.0,https://youtu.be/5rEuC5Mx_gY
4863,72979,14267.0,https://youtu.be/jlNnzoOiFq8
4864,105601,45929.0,https://youtu.be/RGL90ugOBTk
4865,120681,768.0,https://youtu.be/7gJQRKQjvrU
4866,272020,2100.0,https://youtu.be/THWd2Qtp_mo
4867,200027,11091.0,https://youtu.be/hZM1qKzOod8
4871,246628,18192.0,https://youtu.be/hNqrjzUhibc
4873,243017,9081.0,https://youtu.be/edrGozs6W_I
4874,272152,167.0,https://youtu.be/YV5s07zI-Bg
4876,245674,9378.0,https://youtu.be/Xj1LWNgG0Ng
4877,236019,27444.0,https://youtu.be/0xLxgJ5uErI
4878,246578,141.0,https://youtu.be/71RaE7JYTUU
4879,253126,10034.0,https://youtu.be/-xQSEm5KUIk
4880,264796,11457.0,https://youtu.be/QlAXZclowmI
4881,243133,10778.0,https://youtu.be/vjO8u_9CqXI
4883,234988,67385.0,
4885,249478,11456.0,https://youtu.be/NZo72VgUAik
4886,198781,585.0,https://youtu.be/6tCxnHCqqxg
4887,267804,10796.0,https://youtu.be/LfeIezSuRj4
4888,275719,23949.0,https://youtu.be/JVSUQLGoYZ0
4889,252503,11088.0,https://youtu.be/Yjmy0TcpDtA
4890,256380,9889.0,https://youtu.be/YGaqlO9bClk
4893,80130,45964.0,https://youtu.be/2oC4QJtPMH0
4896,241527,671.0,https://youtu.be/l91Km49W9qI
4898,234354,20794.0,https://youtu.be/R3nyKA7N6to
4899,265087,11469.0,https://youtu.be/lw7dzS8UJ4Q
4900,253798,14369.0,https://youtu.be/NuUFpOyqj_E
4901,266987,1535.0,https://youtu.be/S7m6SWDODMA
4902,256009,1433.0,https://youtu.be/RZi4geYuSNE
4903,247425,1999.0,https://youtu.be/BaLtKJiBOrg
4909,82558,12472.0,https://youtu.be/YeOsjN5cZWo
4911,76221,11834.0,https://youtu.be/9CLlFk97FBk
4912,62994,16085.0,https://youtu.be/qzOFC4XiqL0
4914,53472,269.0,https://youtu.be/UoICuMPOWrk
4915,83630,16441.0,https://youtu.be/26Xa7S-9tu0
4916,74899,11422.0,https://youtu.be/WjofsqGsDvY
4917,76342,31037.0,https://youtu.be/JVPxkMnQ-lM
4919,90095,10656.0,https://youtu.be/UdpLg2NHIco
4920,35140,32847.0,https://youtu.be/0cr2sS2WN7w
4921,24264,39938.0,https://youtu.be/LQLLijJevd8
4925,77321,14584.0,https://youtu.be/6OKbUnfU6Zs
4926,209037,58886.0,
4927,76299,72277.0,https://youtu.be/XKvuUDBHipE
4928,75824,5781.0,https://youtu.be/3-6OUqQk-SM
4929,84809,23805.0,https://youtu.be/4mjqWFB_tBI
4932,80661,11033.0,https://youtu.be/aR8tpdj5WL8
4936,80716,3537.0,https://youtu.be/gUepLHaY760
4939,80736,8738.0,https://youtu.be/Mj7__CKqF7k
4941,80745,3604.0,https://youtu.be/f31Je2x4gjE
4942,52564,6974.0,https://youtu.be/g4KueAXMQIk
4945,74483,10649.0,https://youtu.be/ocz7A2B9H-c
4946,82350,42566.0,https://youtu.be/pN75wRRkT4s
4947,76070,17689.0,https://youtu.be/Ws3mkfSkvYo
4951,100054,10847.0,https://youtu.be/1nqycSp77MY
4952,89622,33525.0,https://youtu.be/kZy6jOBqY84
4953,76535,27591.0,https://youtu.be/L3buYepzl5o
4954,54135,299.0,https://youtu.be/3jmPXPBzmBo
4956,81568,42160.0,https://youtu.be/Xov9tGwLgJM
4957,86383,10650.0,https://youtu.be/8AnAgwxJk0Y
4958,159273,8007.0,https://youtu.be/PUeWBp_kmuo
4959,242252,19076.0,https://youtu.be/g45P9vNp5Mc
4961,282856,50562.0,https://youtu.be/CGa5ZOqvjNQ
4962,193560,13503.0,https://youtu.be/BTwLLnBbot0
4963,240772,161.0,https://youtu.be/n3epi9hPbqQ
4964,233841,43774.0,https://youtu.be/T5UGItdsqUI
4965,270259,31064.0,https://youtu.be/E9l6-x9o36w
4966,50539,31682.0,https://youtu.be/e5RsQ6qsaZU
4967,283509,8342.0,https://youtu.be/Ypsnv50Af_I
4969,37515,4886.0,https://youtu.be/l7W5i1KstHw
4970,20697,228.0,https://youtu.be/Lw6GJiGNO74
4971,87747,23111.0,https://youtu.be/FMhEwdbhrYc
4973,211915,194.0,https://youtu.be/Py7cDXQae2U
4974,277371,11397.0,https://youtu.be/f1sbQf58B50
4975,259711,1903.0,https://youtu.be/rRUnUbVB-eU
4976,280778,11889.0,https://youtu.be/9NUbiDJiglA
4977,283431,28171.0,
4978,259393,9523.0,https://youtu.be/8ayPrLsBs_w
4979,265666,9428.0,https://youtu.be/-DNAI9bhBFU
4980,101452,1649.0,https://youtu.be/4JByLawP4tw
4981,90852,11938.0,
4985,88103,24264.0,https://youtu.be/9Vroml-GvR8
4987,86346,26978.0,https://youtu.be/z351Gqxiv8E
4988,94318,19209.0,https://youtu.be/_QBmRr7h7Fw
4989,278488,8386.0,https://youtu.be/B5h2xRYmANk
4990,268397,12589.0,https://youtu.be/Njf8U5SnM4w
4991,279889,12312.0,https://youtu.be/dBV0ceh2ON0
4992,35423,11232.0,https://youtu.be/lFJywpD2PU4
4993,120737,120.0,https://youtu.be/_nZdmwHrcnw
4994,268995,11086.0,https://youtu.be/nL8Hz_I9AGI
4995,268978,453.0,https://youtu.be/WFJgUm7iOKw
4998,51525,11414.0,https://youtu.be/wRWvcpX4xag
5004,63415,10794.0,https://youtu.be/VvgkolEbjeI
5007,58672,5052.0,https://youtu.be/WFiAWWwh168
5008,51201,37257.0,https://youtu.be/CgjVcXRDU0I
5009,248667,8489.0,https://youtu.be/Gej0ngCyHf4
5010,265086,855.0,https://youtu.be/V1UV3Vj4z0w
5011,245046,12660.0,https://youtu.be/dGrZhlkfA2w
5012,86619,10269.0,https://youtu.be/v3OeBLaKYnI
5013,280707,5279.0,https://youtu.be/o0m00hg1PKY
5014,277027,10950.0,https://youtu.be/z_AguDqCBvo
5015,285742,1365.0,https://youtu.be/s7W-zEsFjMM
5016,120824,6440.0,https://youtu.be/8x1z8IK-L0U
5021,74937,6037.0,https://youtu.be/mXn8CsQU1-U
5023,105789,61418.0,https://youtu.be/SZL7L26F66Q
5025,273923,11857.0,https://youtu.be/DigaxGStjC8
5026,237534,6312.0,https://youtu.be/xGINKIKO0nc
5027,99044,11595.0,https://youtu.be/iKMpn9mTV_w
5028,269746,24166.0,https://youtu.be/zoQCaJf5W-c
5033,100530,10170.0,https://youtu.be/jjc45BEvnHY
5034,103129,18317.0,https://youtu.be/OU1dRWJmBRs
5039,82288,848.0,https://youtu.be/vWVJr7JbJZc
5040,87078,9610.0,https://youtu.be/wdG_m4ynic0
5041,85542,15035.0,https://youtu.be/Q7wjqtTnegE
5046,160399,4965.0,https://youtu.be/Vh6xFG7l8ss
5047,240468,11891.0,https://youtu.be/GXrAYdSeWY8
5048,281373,11888.0,https://youtu.be/g8OgyRrNL1A
5049,83511,150.0,https://youtu.be/24XiqMIC6q8
5051,243862,112.0,https://youtu.be/S0I4l3J9ljA
5053,109288,20678.0,
5054,85271,15050.0,https://youtu.be/NNiZP2G-nEM
5055,106770,10423.0,https://youtu.be/64Fi-X_74gQ
5059,145046,57976.0,https://youtu.be/edxvznzklCA
5060,66026,651.0,https://youtu.be/NJ6quIFtbXs
5062,60955,20620.0,https://youtu.be/wHHhJ96646M
5063,55257,18647.0,https://youtu.be/R41AHe59UiU
5064,245844,11362.0,https://youtu.be/TsQnK5_5VSk
5065,265349,2637.0,https://youtu.be/Yt42df3AscE
5066,281358,10229.0,https://youtu.be/Kq02sBe5xko
5068,276501,12659.0,https://youtu.be/wpHgZgFBfJ0
5069,270933,68149.0,
5071,220627,35650.0,https://youtu.be/xX153pGDQYw
5072,293416,9606.0,https://youtu.be/2k784lKDOTE
5073,208990,11447.0,https://youtu.be/9WZQ5641lFs
5074,250081,16550.0,https://youtu.be/eJGhPooHcfg
5075,219405,13915.0,
5076,106223,34723.0,https://youtu.be/cS9-HeIUa-M
5077,97116,31674.0,https://youtu.be/XV2__mru5g0
5080,240900,20009.0,
5081,188453,2084.0,https://youtu.be/QZsi-SQmljI
5083,295552,74692.0,https://youtu.be/Wlxkqa66dXA
5088,72353,4031.0,https://youtu.be/E9RA83poDVI
5092,265298,11870.0,https://youtu.be/bpc2wgc_b3E
5093,233469,9884.0,https://youtu.be/YywOMlbqLPo
5094,246894,11535.0,https://youtu.be/uFWFEoK9Yz8
5095,265713,27593.0,https://youtu.be/hiF-ftELdv0
5096,109190,11212.0,https://youtu.be/pzow5wUp7hY
5099,28988,28345.0,
5102,107985,21845.0,https://youtu.be/8XyXypaFO4c
5103,108037,11528.0,https://youtu.be/52yV9dSzV1E
5105,69995,931.0,https://youtu.be/xXP8OaJGxrM
5106,275022,17130.0,https://youtu.be/7bdelecH5cw
5107,251114,10592.0,https://youtu.be/TcRuFgqFLrA
5108,251160,8470.0,https://youtu.be/-29JK-UA4E0
5109,280030,16690.0,https://youtu.be/e44-lodp6vY
5110,247745,39939.0,https://youtu.be/KgHziCX4Kjc
5111,107034,9272.0,https://youtu.be/_gHxeAadqOs
5112,253200,14778.0,https://youtu.be/wut-VoNdzgs
5113,60200,19137.0,https://youtu.be/MrQl0VsQYtw
5114,44391,32499.0,https://youtu.be/T4mG-4HBn1w
5116,50306,33668.0,https://youtu.be/xs3V6kqaNHo
5120,69281,993.0,https://youtu.be/XBRMaieaLdU
5121,75276,11698.0,https://youtu.be/4fM4fL5KK5k
5127,259288,10052.0,https://youtu.be/_fglzCnPlec
5128,238546,11979.0,https://youtu.be/2Gu9HtN05sc
5131,207524,13791.0,
5134,291341,9991.0,https://youtu.be/NNXrZCPU5uc
5135,265343,480.0,https://youtu.be/sjQjw-UyAX0
5136,275067,44340.0,https://youtu.be/43G7rai6rVk
5137,143861,18984.0,https://youtu.be/G_u7s8NDz9o
5139,74174,23479.0,https://youtu.be/rdqJs5-N1-A
5146,216651,15999.0,https://youtu.be/44xT9LSrgJ4
5147,50986,614.0,https://youtu.be/EwMgTyVbCS0
5151,243736,2752.0,https://youtu.be/Asl625hZzoM
5152,277434,10590.0,https://youtu.be/HnLHmGzByPA
5155,68273,22910.0,https://youtu.be/F10ZbOa-B0k
5156,66830,42517.0,https://youtu.be/vFlEUyZh0d4
5159,104254,13225.0,https://youtu.be/Dzqyc95zcxo
5165,80057,7219.0,https://youtu.be/JnDFVqNl2Mw
5168,43983,18646.0,https://youtu.be/vApZ6LWuTc4
5170,278295,13950.0,https://youtu.be/9Y1DkQr2EHU
5171,268695,2135.0,https://youtu.be/pC6Z6MGQr14
5177,35015,965.0,https://youtu.be/ylPT4SV8WDE
5178,109855,33135.0,
5181,80836,54287.0,https://youtu.be/FZcKECFYAw4
5187,80889,32030.0,https://youtu.be/NX-TqWefqRQ
5189,80904,29343.0,https://youtu.be/agKmgOf_HMQ
5197,81060,27458.0,https://youtu.be/CZgwXFJSQ90
5198,81070,14807.0,https://youtu.be/3yBEIgZq_6U
5202,81176,39543.0,
5205,81184,30924.0,https://youtu.be/e2aFGvT658k
5209,81809,24549.0,
5212,81259,24825.0,https://youtu.be/yfY1wa8oVN0
5213,81268,38147.0,https://youtu.be/3xi85-hb_J0
5214,76489,24032.0,https://youtu.be/rEbM3tjV-3Y
5218,268380,425.0,https://youtu.be/Wc7EpI4Y4fw
5219,120804,1576.0,https://youtu.be/HhBAIDHvRTc
5220,284490,5851.0,https://youtu.be/DcZl_yj3f3g
5221,216799,25014.0,
5222,264761,15647.0,https://youtu.be/NaPqnezhXT8
5224,282864,38880.0,https://youtu.be/9Ryzl0CE5fc
5225,245574,1391.0,https://youtu.be/inc0vS58ZKg
5226,85154,18172.0,https://youtu.be/iOKk79bzSdM
5231,35262,31805.0,https://youtu.be/pV4d0aLVFKc
5237,83169,10627.0,https://youtu.be/Ob2DIURBXts
5238,81420,42750.0,
5239,81441,27930.0,
5240,81445,259557.0,
5241,81480,28124.0,https://youtu.be/kw9TPR93kPk
5244,81506,15119.0,https://youtu.be/ZxAPEyzcCtU
5246,81529,12705.0,https://youtu.be/RdCUque5H2M
5247,76729,11006.0,https://youtu.be/3U7j296Nxcs
5248,86325,15120.0,https://youtu.be/Tu4Ht2opvqY
5250,81562,21629.0,https://youtu.be/1U1h0aYcXyQ
5254,187738,36586.0,https://youtu.be/fcCQ7xk8zzM
5255,279781,6020.0,https://youtu.be/1EX1nLDlBJM
5256,286162,39541.0,
5258,262432,18292.0,https://youtu.be/hagQfr1ZZpk
5264,250305,15028.0,https://youtu.be/WuDCVKAoslY
5265,266452,9275.0,https://youtu.be/tX81TTs2poI
5266,258000,4547.0,https://youtu.be/yCMKOqL94BQ
5267,265662,14635.0,https://youtu.be/T2T9jvi9Tl0
5268,248190,29135.0,https://youtu.be/SB-Qk7pVMsM
5269,254686,1791.0,https://youtu.be/Z-frdy3mYHo
5272,279065,35651.0,https://youtu.be/DD92g1aierE
5275,68309,22784.0,https://youtu.be/vmiBDWYFyCk
5278,89167,24585.0,https://youtu.be/kQ5hMDWDVtU
5279,102103,17990.0,https://youtu.be/b4rUHTrewuY
5282,257756,11560.0,https://youtu.be/FD51I774-TQ
5283,283111,11452.0,https://youtu.be/qShNioFXXwM
5284,245407,18435.0,https://youtu.be/rKcMHPbHbTE
5285,246134,35944.0,https://youtu.be/NStGkCjDOBY
5288,83590,26851.0,https://youtu.be/AymBFIo2-sM
5291,42876,548.0,https://youtu.be/L2E_DfExUmU
5292,76723,11590.0,https://youtu.be/vW67agGgWAM
5293,264472,1537.0,https://youtu.be/_9K-uuQJKmQ
5294,264616,12149.0,https://youtu.be/HUfNR_7YxQE
5296,253867,11812.0,https://youtu.be/5sA8dpA3gig
5297,266391,35080.0,https://youtu.be/jy9SS59oQFQ
5298,219822,441.0,https://youtu.be/WM7cm69eZNE
5299,259446,8346.0,https://youtu.be/O2mecmDFE-Q
5300,50086,14168.0,https://youtu.be/G1St5Q6G2qM
5303,99892,2565.0,https://youtu.be/Rqwz4LA_asM
5304,38890,307.0,https://youtu.be/JM_KpDmdF98
5307,103035,6393.0,https://youtu.be/WPxDbbHw6lw
5308,94137,12154.0,https://youtu.be/ki1tNXq9vIU
5309,98966,11630.0,https://youtu.be/tzwQWUYtiUE
5311,81738,21970.0,https://youtu.be/zeyAxd9A2og
5312,264935,11892.0,https://youtu.be/RDEAL9vbpM0
5313,277296,9334.0,https://youtu.be/LVhw9EAAP-8
5316,157583,10491.0,https://youtu.be/4bIBaf2MF18
5319,247586,18079.0,https://youtu.be/M9Les56e22c
5321,253840,35337.0,https://youtu.be/wjsJnLjbxYs
5322,262911,59199.0,https://youtu.be/APjGo3jlESo
5323,211443,11470.0,https://youtu.be/RDwYC3W-Fmc
5324,282687,16643.0,https://youtu.be/oSlLBjwauQE
5325,275309,1282.0,https://youtu.be/0yrEHjl1vFo
5328,287645,69324.0,https://youtu.be/efUN6kXgNJk
5329,235737,11468.0,https://youtu.be/hvkGhYkF2nw
5333,47892,26030.0,https://youtu.be/1NJBRyUDeA4
5334,99204,10164.0,https://youtu.be/n6cVm9wkmUA
5337,101701,28117.0,https://youtu.be/ffZdSTJ7Xy4
5338,95186,40555.0,
5339,104466,28384.0,https://youtu.be/WKg1Bq7BCHI
5341,71746,27094.0,https://youtu.be/0EP_sAGnkGo
5345,98513,56179.0,
5346,100934,5203.0,https://youtu.be/SPh-q9vqGgc
5347,231448,13201.0,https://youtu.be/EcL4cGORh7U
5348,278823,9689.0,https://youtu.be/QKo30S3T6vI
5349,145487,557.0,https://youtu.be/t06RUxPbp_c
5353,68326,55106.0,https://youtu.be/w_Kfq1tlRE8
5356,73043,39154.0,https://youtu.be/o3Mc0mgorZc
5357,110157,24767.0,https://youtu.be/giLeHfkJeXU
5358,100196,33796.0,https://youtu.be/9ETq5HUeG1A
5361,103247,12227.0,
5363,241760,10985.0,https://youtu.be/TcAX0e5s2d0
5364,250797,2251.0,https://youtu.be/EfptM8xKyUI
5365,239234,2894.0,
5372,45591,14117.0,https://youtu.be/wKxH7aFoJn4
5373,50634,38360.0,
5375,38589,28907.0,https://youtu.be/OcH52XSiAsA
5377,276751,245.0,https://youtu.be/xC7REp40_uc
5378,121765,1894.0,https://youtu.be/gYbW1F_c9eM
5379,247199,4012.0,https://youtu.be/Zb--eD_XeBY
5380,278500,9026.0,https://youtu.be/ssBUir2LG-U
5382,77523,15417.0,https://youtu.be/pKEP4yQxvOA
5384,51758,28577.0,https://youtu.be/TbM8CZeAR_s
5385,77838,13963.0,https://youtu.be/jvDx5mCzkYg
5387,278435,1957.0,https://youtu.be/0tahxDOAzT4
5388,278504,320.0,https://youtu.be/Eby9E9TBYOc
5389,166813,9023.0,https://youtu.be/RPJ4EQ2Eh9I
5390,254199,27834.0,https://youtu.be/So43ZihnWPU
5391,268690,17734.0,https://youtu.be/WBXcpxEdeE0
5397,44916,24008.0,https://youtu.be/h0u2pOqUXFk
5398,56406,53229.0,
5400,164184,4614.0,https://youtu.be/u-CWOk1fn-Y
5401,279493,12277.0,https://youtu.be/lFn1SZj59x8
5404,90570,15677.0,https://youtu.be/s7vOZTosT_w
5409,105219,13153.0,https://youtu.be/iTfrzTyGqdM
5410,67756,811.0,https://youtu.be/p69lEMn0I8k
5414,280486,3132.0,https://youtu.be/-h8wWFqwmcA
5415,279778,9583.0,https://youtu.be/TEgMH16DYN8
5416,298798,18408.0,https://youtu.be/m_1qRpBF7KM
5417,285441,13245.0,https://youtu.be/Z9mrR0hu-Eo
5418,258463,2501.0,https://youtu.be/PGKK5wACwrU
5419,267913,9637.0,https://youtu.be/lh6v23z6iek
5420,245562,12100.0,https://youtu.be/BfI-vfxEN3U
5421,238924,16857.0,https://youtu.be/kWtJpUCxU4Y
5422,282768,52258.0,https://youtu.be/EbTw5pNyudQ
5423,210065,10394.0,https://youtu.be/NEXQkWlG8b8
5424,242508,27451.0,https://youtu.be/CidMaD84sjc
5425,244479,15813.0,https://youtu.be/AJTz9VozSYI
5427,82146,18905.0,https://youtu.be/82tGAgBUsUU
5428,87042,14774.0,https://youtu.be/oF5LKRNVzOQ
5433,90021,17898.0,https://youtu.be/n1dClCykQys
5434,40823,21635.0,https://youtu.be/dj3-yqaXY_c
5435,61770,27945.0,https://youtu.be/24ZKMRSutuM
5437,91472,30194.0,https://youtu.be/fEcwt0U6BYM
5438,100135,10169.0,https://youtu.be/uNuMbGYPVXA
5440,41866,13909.0,https://youtu.be/JJikQeKBfnQ
5442,103184,41805.0,https://youtu.be/Qh2OhB_DXXI
5443,247444,35696.0,https://youtu.be/2_69TQPNIac
5444,275847,11544.0,https://youtu.be/wAtaSKQ4-T0
5445,181689,180.0,https://youtu.be/3JNsNp2DVSE
5446,252444,9555.0,https://youtu.be/n58yQzd6QlY
5447,286179,57022.0,https://youtu.be/6jvyCKitGB4
5448,314166,17710.0,https://youtu.be/COSIdSl9mrU
5449,280590,2022.0,https://youtu.be/ASw47FiEhes
5450,258273,50035.0,
5451,265591,9719.0,https://youtu.be/NvhzaFRYO2w
5452,107438,11982.0,https://youtu.be/S-oJ1D5aZcM
5454,104897,12251.0,https://youtu.be/WNOOafALs_w
5455,102573,88818.0,https://youtu.be/SzHOBTbU1Xg
5456,111653,30114.0,https://youtu.be/PfabKcoGFmE
5458,308506,21972.0,https://youtu.be/HTHJyw1UsLM
5459,120912,608.0,https://youtu.be/DMHlNR6x2Sw
5460,289408,59387.0,https://youtu.be/7ijeZK9NIOE
5461,263725,26290.0,https://youtu.be/Jk14XBjbiLg
5462,305396,17043.0,https://youtu.be/GxNfZO--bko
5463,253556,6278.0,https://youtu.be/NFZoDnP-1eE
5464,257044,4147.0,https://youtu.be/LFe6arz3NcY
5465,297721,16664.0,https://youtu.be/Kwlh-z2R8QE
5466,269499,14651.0,https://youtu.be/PLeaPDSQG1s
5468,50084,15096.0,https://youtu.be/vg0huIZxYso
5470,44744,20324.0,https://youtu.be/QNi9o5HUcuU
5471,89798,49370.0,https://youtu.be/Sd7tVAIOWjI
5472,68156,14902.0,https://youtu.be/7-u8v8nxeOI
5475,65234,2721.0,https://youtu.be/7E3QUHUMe5I
5476,220506,11442.0,https://youtu.be/FyvbHlMcuyA
5477,254455,1364.0,https://youtu.be/PO9MSeqrfhY
5478,271367,8869.0,https://youtu.be/yIO5x1CQ9ZQ
5479,267626,8665.0,https://youtu.be/BvHWH8xg0Rw
5480,243585,10996.0,https://youtu.be/k--OdtbKyqE
5481,295178,818.0,https://youtu.be/JuOVbayBr0I
5483,303353,29047.0,https://youtu.be/uLatU-2Hu_E
5485,271219,39141.0,
5486,246500,33152.0,https://youtu.be/BfJse31_6cg
5489,79641,6404.0,https://youtu.be/fnJqLNGBAPc
5490,74205,19133.0,https://youtu.be/68dTwJNvE1E
5493,61810,24130.0,https://youtu.be/y1Bxoar17FY
5497,59557,23728.0,https://youtu.be/Auhb6JS6wxs
5498,58888,3780.0,https://youtu.be/DM-0fWdlx1o
5499,75147,10786.0,https://youtu.be/-GTXXfZR8IE
5500,88286,8764.0,https://youtu.be/Q5zen7sHQFI
5501,295427,13908.0,https://youtu.be/e7sfYC2o3-U
5502,286106,2675.0,https://youtu.be/T-wgoJv9UAI
5503,265930,12308.0,https://youtu.be/fCTZZ0gpnWU
5504,287717,9488.0,https://youtu.be/RLkRbj8sv8E
5505,279113,9962.0,https://youtu.be/55u2eXwbkM4
5506,309377,9573.0,https://youtu.be/vMg7LZ-JF6I
5507,295701,7451.0,https://youtu.be/NgPdDDzVhkA
5508,274309,2750.0,https://youtu.be/A1Qz2x94q6A
5512,290823,43772.0,
5513,327036,20337.0,https://youtu.be/-Cn2F5TVaaA
5515,120263,34070.0,https://youtu.be/X05M_G5mR_M
5521,93780,10081.0,https://youtu.be/kGu4TUB39lU
5522,73631,11484.0,https://youtu.be/yku2CXuKKiU
5523,180052,11692.0,https://youtu.be/J-IeOg5-jGs
5524,300532,9266.0,https://youtu.be/ljN7SEEwhmM
5525,246772,3640.0,https://youtu.be/q-jlmaYX2n0
5527,256276,30072.0,https://youtu.be/UP6jeq2MeUo
5528,265459,9357.0,https://youtu.be/eWzILZ6wE9Y
5529,261289,12771.0,https://youtu.be/yH5LUdNfKb0
5530,258153,9296.0,https://youtu.be/HuAjeuKXX7c
5531,281322,15070.0,https://youtu.be/Diy3fuwhxQw
5532,280424,26942.0,
5537,300453,97447.0,
5538,88885,11243.0,https://youtu.be/WHkqRE0eiW8
5539,90799,19975.0,https://youtu.be/0KSMd_DYDvc
5540,82186,10323.0,https://youtu.be/IopYAEDa6uU
5541,102059,9595.0,https://youtu.be/sWjXE3fljtk
5543,78350,46878.0,https://youtu.be/Q1UjsSY0BFI
5544,80025,24750.0,https://youtu.be/GyM_8Al0_yw
5548,90966,9941.0,https://youtu.be/q3OHpuHpl9c
5550,49452,39833.0,https://youtu.be/KeJrX8wG51I
5553,94025,10859.0,https://youtu.be/EJTsQLUmvvQ
5556,295254,9544.0,https://youtu.be/gZDIWcAV93k
5560,22599,31514.0,
5562,275688,26056.0,
5563,269095,13536.0,https://youtu.be/ssQu16utnR8
5564,283026,20616.0,https://youtu.be/W-RGVruG7Y0
5568,87507,16806.0,https://youtu.be/BMVW8y8o11g
5569,68833,15516.0,https://youtu.be/nIJwP5DsUsA
5570,117883,9299.0,https://youtu.be/DIrrXbhIuzI
5572,303714,10611.0,https://youtu.be/pECEp1iOh-k
5573,265808,12770.0,https://youtu.be/mmJD7_ueDLc
5574,293662,4108.0,https://youtu.be/0poXFSvX0_4
5575,269329,55903.0,https://youtu.be/YO_gZvGMwqs
5577,280760,9685.0,https://youtu.be/TiixYclELs8
5580,106315,16370.0,https://youtu.be/aMZ0f1hywBg
5581,99128,18913.0,https://youtu.be/umn4udQPlw4
5582,103924,14361.0,https://youtu.be/VaTCVWnjcK8
5584,99512,18943.0,https://youtu.be/z4zNSx42aEo
5585,101821,32685.0,https://youtu.be/daxX6NY1tVM
5588,77681,12262.0,https://youtu.be/zFVpBiVymTU
5589,107212,33506.0,https://youtu.be/lqxylqQXsh4
5590,70350,29515.0,https://youtu.be/Z1rmTT-4vzs
5591,110557,41582.0,https://youtu.be/7z9ERLpWD2w
5596,100666,34086.0,https://youtu.be/pK9hWU_7DNk
5597,103003,11504.0,https://youtu.be/CwwXrgvzIc4
5601,39111,19049.0,https://youtu.be/dwcGbxikkiw
5602,48281,5506.0,https://youtu.be/TdJGho9p-wA
5603,44829,32961.0,https://youtu.be/5jlyDZvCpCQ
5604,44876,32568.0,https://youtu.be/NZwZ_TPR-20
5607,292542,19460.0,https://youtu.be/bM2B6dUtzRc
5608,250258,575.0,https://youtu.be/MG_xQs9_MGQ
5609,308208,10550.0,https://youtu.be/Tme_SdRv2gk
5610,280460,9034.0,https://youtu.be/N_mVkZ426vs
5611,240510,9093.0,https://youtu.be/tQ_MrNPOzG4
5612,280380,9039.0,https://youtu.be/lv6tJGK3kPE
5613,283832,1958.0,https://youtu.be/N3PXi6m0UTw
5614,274497,23550.0,https://youtu.be/k1wpI9YMmeY
5615,245171,68569.0,https://youtu.be/QGPOFJg-t1Q
5617,274812,11013.0,https://youtu.be/00zGV6p-dKc
5618,245429,129.0,https://youtu.be/GAp2_0JJskk
5619,326306,54714.0,https://youtu.be/Qxe4XomNEpc
5620,256415,11529.0,https://youtu.be/E2ySMc4iT04
5621,290095,10771.0,https://youtu.be/5FeOoZrWSKI
5625,179098,31005.0,
5628,281364,2110.0,https://youtu.be/l0BtQUa4EYI
5629,298388,15173.0,https://youtu.be/py6CtMzy28M
5630,289765,9533.0,https://youtu.be/1zXN6_QuU48
5632,280491,4107.0,https://youtu.be/ytwlJ9zJuaw
5633,246677,10575.0,https://youtu.be/iwx-RkHjHbU
5635,265307,15720.0,https://youtu.be/UKD-eNyW7Ao
5636,271259,9260.0,https://youtu.be/87ry5noogGs
5637,101898,21828.0,https://youtu.be/NDwVFQkOeLc
5638,58379,1682.0,
5640,197521,18983.0,https://youtu.be/Kl4UDPqe3Kc
5643,95895,24348.0,https://youtu.be/be3-6V8VGrY
5644,35211,19140.0,https://youtu.be/oT2Gs2KbI_k
5646,98575,37606.0,https://youtu.be/JTFoI2azZ7Q
5649,51554,11868.0,https://youtu.be/BjYNUed4M00
5650,86373,12921.0,https://youtu.be/JfUyZ6bEYGo
5651,58230,19953.0,https://youtu.be/xDkt79gV6xQ
5657,99581,12719.0,https://youtu.be/Y_z0FPNBeio
5663,276816,12590.0,https://youtu.be/jPi19Vzr9vk
5664,297037,37964.0,https://youtu.be/1cMkcfL8w5k
5665,211465,7501.0,https://youtu.be/Am3rYXFhvV8
5666,292644,1809.0,https://youtu.be/Pl3lL4RDscY
5667,283084,13768.0,https://youtu.be/rXbbAbDvifw
5668,283139,10994.0,https://youtu.be/Qxq5P_t4uF8
5669,310793,1430.0,https://youtu.be/AElSP38H8OE
5670,328962,19973.0,https://youtu.be/zGjwZ3XMDes
5672,313487,12600.0,https://youtu.be/JRDRRhRQc0M
5673,272338,8051.0,https://youtu.be/Nqv_gYTVSUo
5675,291502,12779.0,https://youtu.be/b6nSGbvxucE
5678,227984,1613.0,https://youtu.be/CaGy5JkZiis
5679,298130,565.0,https://youtu.be/CG7BAY6_hsw
5680,298744,14112.0,https://youtu.be/v6Sgoq-VVV8
5682,252480,15192.0,https://youtu.be/uGlfF3tDtaQ
5684,145937,21925.0,https://youtu.be/4xe2a3eWuZ0
5685,296166,30309.0,https://youtu.be/vKpDifyDIp0
5688,212604,20861.0,https://youtu.be/NyUWgvnkLZU
5689,101453,12647.0,https://youtu.be/3BSOLW7gDRk
5690,95327,12477.0,https://youtu.be/lhlh7JVcTt8
5693,76666,11009.0,https://youtu.be/lX2FffaLdks
5694,86361,10805.0,https://youtu.be/wfCaqIudqbE
5696,81696,17496.0,https://youtu.be/h3tEUBsJGPs
5699,80031,5917.0,https://youtu.be/4HnhdJ2Fx_4
5700,81693,31278.0,https://youtu.be/MH9uUBAQw8M
5704,81764,44932.0,https://youtu.be/JLkhKBEO1B4
5706,81964,30709.0,https://youtu.be/pLwjP0SRceY
5707,81974,19429.0,https://youtu.be/bLeWVq7tQgQ
5710,82045,11340.0,https://youtu.be/pE3gD4ihsWA
5712,82085,11644.0,https://youtu.be/rDve1A5EAvk
5720,85327,6399.0,https://youtu.be/FS_sEBdUuNo
5721,82175,25773.0,https://youtu.be/RAMz8_MoqrM
5723,82200,26560.0,https://youtu.be/V-8tEye8evg
5733,82353,31679.0,https://youtu.be/TByM-VfPOYk
5735,77533,12237.0,https://youtu.be/WZpVAbT3tT4
5736,121261,15901.0,
5741,82370,12579.0,https://youtu.be/awkemUBoswM
5742,82382,85058.0,
5745,82405,25113.0,https://youtu.be/l-LdyHyH4MA
5746,82431,28893.0,https://youtu.be/IQIoOjhdW0g
5747,82432,11646.0,https://youtu.be/CT1JHKpSHXA
5749,82449,24634.0,https://youtu.be/p2UlwI-7etc
5752,82477,21764.0,https://youtu.be/XK5aZQ9lbvE
5755,82498,37936.0,https://youtu.be/GNZE2-bO96A
5764,82677,21874.0,https://youtu.be/1tiDwnwZjlg
5767,82755,31407.0,
5768,82763,16471.0,https://youtu.be/YeK3jIoPuhY
5771,82782,39874.0,https://youtu.be/3TqauDE3Z2A
5772,82783,25468.0,https://youtu.be/n7hSY0QOkII
5773,82801,19507.0,https://youtu.be/HUO1OugYbRk
5779,82910,31646.0,https://youtu.be/mLmnR-hHMj4
5780,82926,14269.0,https://youtu.be/0lNlEp5qH3E
5782,82949,1672.0,https://youtu.be/kNBcTM9so8k
5784,288477,9645.0,https://youtu.be/_RlzNBlMQpY
5785,322802,9012.0,https://youtu.be/dCp40n0T11Y
5786,259484,13098.0,https://youtu.be/d9vC9gUnTTc
5787,270707,13440.0,https://youtu.be/mkLF6Xh21G8
5788,286261,12454.0,https://youtu.be/ALLqa_cgCFA
5791,120679,1360.0,https://youtu.be/-CTM7FcY1LE
5792,299117,13441.0,https://youtu.be/cpoXKczjOgQ
5796,61452,12208.0,https://youtu.be/e_YndB3k170
5797,87075,11905.0,https://youtu.be/Ir34SoEgik0
5799,53804,1941.0,https://youtu.be/JMZ9bjInqwI
5801,60921,31918.0,https://youtu.be/0ACDoxjj9WQ
5802,58756,19662.0,https://youtu.be/V_FxV38CsEM
5803,297181,8427.0,https://youtu.be/Z-aZceoVnWw
5804,304669,9021.0,https://youtu.be/NML7Y1APyZs
5809,280665,9280.0,https://youtu.be/I9xLOMw-jb8
5810,298203,65.0,https://youtu.be/axGVrfwm9L4
5812,297884,10712.0,https://youtu.be/TmMEG0OdKwQ
5816,295297,672.0,https://youtu.be/nE11U5iBnH0
5817,273435,16351.0,https://youtu.be/tne7D73Zmqg
5818,313196,542.0,https://youtu.be/4XSnLQyX5qE
5820,314725,30192.0,https://youtu.be/2tqQBh2Ra_o
5826,42895,11617.0,https://youtu.be/vDLoMsAhY-8
5828,118735,81530.0,
5829,263734,34341.0,https://youtu.be/KHOZHAb7VpM
5833,280609,11880.0,https://youtu.be/PQ6nNs0Wl7s
5836,51745,1377.0,https://youtu.be/OeDHYXqHdng
5838,102368,2528.0,
5839,99669,12716.0,
5840,99266,12717.0,https://youtu.be/B7RSYfXIjj8
5841,102782,13888.0,https://youtu.be/_qDaxkLUcTM
5843,103112,10750.0,https://youtu.be/x1b7Q0gmR-Y
5847,82970,25566.0,https://youtu.be/NnZqsdIBSSw
5849,81427,13386.0,
5853,81455,9538.0,https://youtu.be/UveLSA7Hoj8
5856,83089,49934.0,
5863,83163,42371.0,https://youtu.be/0-p9SIKs1K8
5867,83190,11524.0,https://youtu.be/PQdgQs7ozdw
5872,246460,36669.0,https://youtu.be/GTznf1x4khc
5873,283530,17187.0,https://youtu.be/k0gHibeHfdA
5874,293815,10426.0,https://youtu.be/H3g5QQynaJk
5875,295238,32625.0,
5876,258068,8198.0,https://youtu.be/UrI9gS6O-p8
5878,287467,64.0,https://youtu.be/XwJGTuxj1t0
5879,271263,13376.0,https://youtu.be/VoFIpnSGnZk
5880,283160,15074.0,https://youtu.be/2ZoACTYqwbg
5881,307479,2103.0,https://youtu.be/mIvv1ZLqd6g
5882,133240,9016.0,https://youtu.be/ajhZRL1j7a0
5883,283632,16028.0,https://youtu.be/3PDCl06vop0
5884,103959,27070.0,https://youtu.be/7KpRrB4fgk0
5888,118767,20992.0,
5889,90368,66091.0,
5890,279064,6007.0,https://youtu.be/lbi85w2X1mo
5891,77713,25239.0,https://youtu.be/CYtIfQU0gzw
5893,110308,25284.0,https://youtu.be/wBAZQ029TBQ
5896,213121,35612.0,https://youtu.be/AVYqHrnJIyc
5899,58777,14433.0,https://youtu.be/6WuoiR0I8Es
5900,289848,9932.0,https://youtu.be/vF-lF7slKV4
5901,262396,13369.0,https://youtu.be/SV_03kdGfGE
5902,268126,2757.0,https://youtu.be/pK5jYt9QNIY
5903,238380,7299.0,https://youtu.be/raleKODYeg0
5909,290329,4241.0,https://youtu.be/CRc6dN7s1w4
5912,83271,22257.0,
5915,83284,17360.0,https://youtu.be/mfn5jjFIZJg
5919,83557,38849.0,
5922,80393,29743.0,
5925,83629,40219.0,
5927,83642,16363.0,https://youtu.be/L3a_V6YntQw
5929,83686,171.0,
5932,83702,42124.0,https://youtu.be/IbAk8IZrWmc
5938,83806,17590.0,https://youtu.be/CrhvnkNjyjg
5941,303933,13497.0,
5942,302640,11852.0,https://youtu.be/6z5zbY-0QCA
5943,252076,7303.0,https://youtu.be/7r_1rDfQfrg
5944,253754,201.0,https://youtu.be/TXvCIWWCiFo
5945,257360,2755.0,https://youtu.be/G-dafG40eGU
5947,298856,21868.0,https://youtu.be/5a5vdukt_4A
5949,220580,10856.0,https://youtu.be/0x2H2a7tP5w
5951,300214,18602.0,https://youtu.be/wg3HsQBFyKQ
5952,167261,121.0,https://youtu.be/nuTU5XcZTLA
5953,245929,25838.0,https://youtu.be/zA2xGrL_Y2s
5954,307901,1429.0,https://youtu.be/-GL6VFadJ9k
5955,168786,13435.0,https://youtu.be/RcwE7ArDf-U
5956,217505,3131.0,https://youtu.be/1bjh979vVG0
5957,313737,2642.0,https://youtu.be/_guQ-_EFmHU
5959,272207,11022.0,https://youtu.be/f3sk4PIBfbk
5961,99160,9491.0,https://youtu.be/_G6tZC-qy5E
5962,106453,2149.0,https://youtu.be/51xEHzC-rjQ
5963,54743,20139.0,https://youtu.be/64T9YaMb_wU
5965,75968,19067.0,https://youtu.be/-yjl7u0Afqg
5968,100143,14931.0,https://youtu.be/iuJMsULvnGY
5969,110613,11317.0,https://youtu.be/w3gVq6WXMpg
5970,102492,4032.0,https://youtu.be/KSyKO0Lklmo
5971,96283,8392.0,https://youtu.be/_nv94fL_IA8
5974,33152,12232.0,https://youtu.be/7F_FNm5GABw
5975,49934,11706.0,https://youtu.be/k5oUyH7NmKg
5979,50147,26946.0,https://youtu.be/YlB5mj-3XdU
5980,71222,16938.0,https://youtu.be/l2mt1Sv6Rc8
5984,73115,4561.0,https://youtu.be/Gdrh0ZPAtqE
5986,68575,16993.0,https://youtu.be/sVXhoiS0BPA
5988,91814,21332.0,https://youtu.be/gPTu2F450sk
5989,264464,640.0,https://youtu.be/71rDQ7z4eFg
5990,255477,10599.0,https://youtu.be/3-9WCVRqKKU
5991,299658,1574.0,https://youtu.be/YwXWryx-oJ0
5992,274558,590.0,https://youtu.be/CkPWXUxIiXs
5993,290210,13560.0,https://youtu.be/pNcUEraG5sA
5994,309912,29339.0,https://youtu.be/lYcmxq1BjAo
5995,253474,423.0,https://youtu.be/og9hFxxdSOg
5999,119273,16225.0,https://youtu.be/HLXlHwwDN_4
6001,85794,262.0,https://youtu.be/0wVhCCo02P4
6002,282698,15395.0,https://youtu.be/M1NQiUoPJZo
6003,290538,4912.0,https://youtu.be/mWyLE7kjGrw
6005,330069,23626.0,
6006,305711,12090.0,https://youtu.be/UhzaFn02IA0
6009,246498,36273.0,https://youtu.be/XttcmwItG-s
6012,295289,9582.0,https://youtu.be/HVHDev-T5iQ
6013,257568,10628.0,https://youtu.be/QxAI1vg_YVU
6014,271668,11078.0,https://youtu.be/pra0Mwr0ao8
6016,317248,598.0,https://youtu.be/dcUOO4Itgmw
6020,26056,43886.0,
6021,75675,11222.0,https://youtu.be/Pd-GKlF7eLs
6022,103671,13199.0,https://youtu.be/uS-kGp0Fjho
6023,57869,8073.0,https://youtu.be/TM0lC2QCiSU
6025,106500,15278.0,https://youtu.be/tL0wunQtbco
6027,101748,14667.0,https://youtu.be/b2aQbrQu1IM
6030,56023,15734.0,https://youtu.be/e75ncIrK4BA
6031,52918,34148.0,https://youtu.be/VIn7L0Mt-8M
6033,102500,53027.0,
6035,29453,26252.0,https://youtu.be/8Lh-1-G9tzQ
6036,89981,24742.0,https://youtu.be/CDouD5E7H90
6039,88414,5968.0,https://youtu.be/45ofiq9cWiY
6040,282209,10727.0,https://youtu.be/ofpBwmIPX7Y
6041,280653,9045.0,https://youtu.be/9vrlk4ZBGOg
6042,311320,9082.0,
6044,86978,80965.0,https://youtu.be/QpX3XM6yZSY
6049,106833,61807.0,
6051,70155,7514.0,https://youtu.be/imGkQdE7N2s
6055,107079,39349.0,https://youtu.be/D6oxEZ6yblA
6057,326769,12253.0,https://youtu.be/rUVfKb_emfk
6058,309593,9358.0,https://youtu.be/MNXpuPu4URk
6059,292506,1647.0,https://youtu.be/TYvVJRtN0vg
6060,280720,9027.0,https://youtu.be/lEIEb5jPhhA
6062,308514,21189.0,https://youtu.be/YwMh1N0GxFM
6063,303361,10894.0,https://youtu.be/YbN_uoGQysc
6064,49291,28528.0,
6067,160611,12490.0,https://youtu.be/-AfXL5PZt10
6070,105622,15802.0,https://youtu.be/UPqHQclvEns
6078,83943,10724.0,https://youtu.be/T5W4MiBuEnY
6086,84112,37191.0,https://youtu.be/p5G-m6lLBLI
6090,84210,81001.0,https://youtu.be/xPiF36HxBfU
6093,84237,10150.0,https://youtu.be/t-UpwWauZ50
6095,84266,16407.0,https://youtu.be/7jGg3TzP_cA
6100,84329,8288.0,https://youtu.be/MsW2EFm3nSY
6101,84335,15600.0,https://youtu.be/HILCFL3-2ys
6104,84352,11949.0,https://youtu.be/bpWlcIlb-Q4
6107,84422,42130.0,https://youtu.be/ADIph1-og3o
6111,84469,23942.0,https://youtu.be/YiOwfKrKRCQ
6116,84504,25872.0,https://youtu.be/E9jhc5SHkPo
6119,84555,14645.0,
6122,84597,21923.0,https://youtu.be/Ta3HlhFICcg
6123,84628,1563.0,https://youtu.be/WbvAe3vmQs8
6124,84633,17132.0,https://youtu.be/PNKciVl_rS0
6125,84648,59533.0,
6140,84777,29702.0,https://youtu.be/0KwE5u-B3Cw
6141,84786,24830.0,https://youtu.be/TDIhTRKKkUs
6143,84814,9699.0,https://youtu.be/rFHmRFe7Bs0
6145,84854,30789.0,https://youtu.be/SvFsvtz8j3c
6148,84899,47955.0,https://youtu.be/IhkrvBNnAcw
6153,84945,23943.0,https://youtu.be/y1kacStIMH0
6155,251127,9919.0,https://youtu.be/2ZMGk_Ml1fc
6156,300471,6038.0,https://youtu.be/1QUHogxpXp8
6157,287978,9480.0,https://youtu.be/t3Xc6FjRfoA
6158,283426,14873.0,https://youtu.be/3GebHaOcjjQ
6159,299458,13132.0,https://youtu.be/FTrjVYno6Xk
6162,302674,1956.0,https://youtu.be/L6Gfr0OJODI
6163,291579,12112.0,https://youtu.be/Hrwigz5mDf8
6166,106701,12139.0,https://youtu.be/63XgkkkEPMo
6169,85248,24883.0,https://youtu.be/uftJNUrgOZc
6170,78872,17264.0,https://youtu.be/kGp9u56FJKs
6178,59573,33364.0,https://youtu.be/2f64hh6k8jc
6181,43961,59401.0,https://youtu.be/XLdXhaW8bLs
6182,57581,22233.0,
6183,53172,4952.0,https://youtu.be/aXakDxLdN2s
6184,74851,991.0,https://youtu.be/jyEV4Y2NnxM
6185,279331,4911.0,https://youtu.be/89j9oQgbom0
6186,279111,16072.0,https://youtu.be/VxPXrrZ8bJU
6187,289992,11615.0,https://youtu.be/wRj9IFgs9_g
6188,302886,11635.0,https://youtu.be/VqtymOtKr48
6192,315543,102.0,
6193,273982,14293.0,
6195,324080,105024.0,
6196,306685,10623.0,https://youtu.be/bzV6WtYbffs
6197,278731,9613.0,https://youtu.be/JJwNpld762E
6201,91374,21867.0,https://youtu.be/D7X0Wm_Cc5k
6202,287471,49680.0,https://youtu.be/Hq2lyuWmjCE
6203,102303,6524.0,https://youtu.be/G0MVdcNKhZc
6204,107563,11244.0,https://youtu.be/61iSBGGESxY
6210,301429,23834.0,https://youtu.be/V5W351aUYJM
6212,305669,10678.0,https://youtu.be/5YN1HoijXbg
6213,314353,9567.0,https://youtu.be/DuTlpSfptO0
6214,290673,979.0,https://youtu.be/e9D7hvIwgj4
6215,298408,13819.0,https://youtu.be/xOBzSFozkwY
6216,161860,1591.0,https://youtu.be/Hep5_o--OEE
6217,256359,24186.0,https://youtu.be/wNbZB9zpSlE
6218,286499,455.0,https://youtu.be/oQb8ShgVjJA
6219,269347,10632.0,https://youtu.be/53AH-k3go7U
6220,310357,10929.0,https://youtu.be/rV0NN2eFVqE
6222,236640,16229.0,https://youtu.be/0QWM_Kni6l0
6223,283003,12079.0,https://youtu.be/CQWW_2mOqi8
6225,55047,36362.0,https://youtu.be/iHEPRuWNF1A
6228,35417,23159.0,https://youtu.be/LBe02Omuyz0
6232,60182,15347.0,https://youtu.be/77C6wRRfzgA
6234,75995,37258.0,https://youtu.be/ojNIzmwIIW0
6235,99776,8996.0,https://youtu.be/JqMBNCo7LPE
6237,47030,17729.0,https://youtu.be/Tn-WKsv_oDM
6238,99699,12157.0,https://youtu.be/JkB9NBoHrLw
6239,52948,11571.0,https://youtu.be/Mytf_8pr4Aw
6241,86087,10293.0,
6242,178868,2671.0,https://youtu.be/yAmO3vanfDQ
6244,96028,45129.0,https://youtu.be/1EwzP71pDVQ
6245,65054,42618.0,https://youtu.be/i2SZpEDYnJA
6246,103036,41164.0,https://youtu.be/RL9rSpaYn04
6249,285462,9557.0,https://youtu.be/KyOAP2UIgz4
6250,285531,6171.0,https://youtu.be/J_lC07NtrnI
6251,323642,13691.0,https://youtu.be/wgbU7gfpxTw
6252,264150,11523.0,https://youtu.be/elF04ebuXHI
6254,28597,14675.0,https://youtu.be/FeRYj5IeBug
6263,264395,10782.0,https://youtu.be/kE7Ue5hjJc0
6264,298814,9341.0,https://youtu.be/zcjj6ZSjtNU
6265,325537,9776.0,https://youtu.be/UT6ARbhTjiU
6266,286788,10735.0,https://youtu.be/rayI38YhpEc
6267,283897,16425.0,https://youtu.be/i5Je7NgZSbc
6268,316188,25461.0,https://youtu.be/DPaqpjtIDTc
6269,334416,51927.0,https://youtu.be/ux7emenR2pA
6270,100998,12516.0,https://youtu.be/zFX_AMcPQkI
6271,70460,1675.0,https://youtu.be/GmSpeM5Hj2A
6273,42593,17057.0,https://youtu.be/68C2IFX60CU
6279,281820,6016.0,https://youtu.be/LYnwrJX5flk
6280,266465,8409.0,https://youtu.be/Nxv0VLPy2_o
6281,183649,1817.0,https://youtu.be/PEDTSk69HcA
6283,275277,11299.0,https://youtu.be/c8GpwQz_eH8
6285,304328,21052.0,https://youtu.be/MIrsOIvAiQE
6286,311519,7294.0,https://youtu.be/WgGvlyuJ628
6287,305224,9506.0,https://youtu.be/1Gl2kVUsy2M
6288,280477,14290.0,https://youtu.be/a4g_hIhwqaI
6289,297144,24982.0,https://youtu.be/aEGQS7Ex_QY
6290,251736,2662.0,https://youtu.be/xbRRD-cD7h4
6291,300140,12093.0,https://youtu.be/LUHHsPP7XRM
6294,245803,11817.0,https://youtu.be/W6PjwmnDlMo
6295,323572,24621.0,https://youtu.be/nsQ28luQBOk
6296,310281,13370.0,https://youtu.be/abUnxPS58EQ
6297,311289,8326.0,https://youtu.be/NEvLRtDKT0c
6298,328099,13411.0,https://youtu.be/RbM6FIgZZg0
6299,301727,11516.0,https://youtu.be/c2nJp77slYQ
6300,236027,10180.0,https://youtu.be/-riyRypVqu8
6301,67800,994.0,https://youtu.be/izkEZAjaIbk
6302,50177,66918.0,https://youtu.be/uqVL8blr-rw
6303,66769,10514.0,https://youtu.be/gFc08ijPtkc
6305,60390,1714.0,https://youtu.be/7cQ-yGCyjyM
6306,327920,14308.0,https://youtu.be/6z3hIYB8nec
6308,91396,9930.0,https://youtu.be/Bu22X2wwgDM
6310,95613,107569.0,https://youtu.be/4W4fBNWyX6M
6313,100611,108553.0,https://youtu.be/QRIgNV9oKrQ
6314,108442,12661.0,https://youtu.be/zTNBcnufiX8
6315,92214,29355.0,https://youtu.be/QNkLFBTU6pU
6316,78504,24961.0,https://youtu.be/6lAEKXV7O4c
6319,102465,20978.0,
6320,102849,47762.0,https://youtu.be/GLosc-SIgfM
6322,310910,10743.0,https://youtu.be/6-AeSFk_wPY
6323,309698,2832.0,https://youtu.be/TQkG2x3qTf4
6324,311110,31459.0,https://youtu.be/MjBy15Th-PE
6327,342275,38868.0,https://youtu.be/2o5PG4j8ILE
6329,252684,15098.0,https://youtu.be/-zVMC_eUsBo
6330,274711,11458.0,
6331,334405,16636.0,https://youtu.be/J0lMqo53kMM
6332,306841,18736.0,https://youtu.be/D9iltFxTRPw
6333,290334,36658.0,https://youtu.be/yVzqz_zpP20
6334,290145,46989.0,https://youtu.be/we35nC2znWg
6335,118926,20689.0,https://youtu.be/hyHE9O60cQE
6336,317226,13438.0,https://youtu.be/OfkHCDl3kLM
6337,285861,15394.0,https://youtu.be/LQ-NFgWiDTA
6338,317303,10708.0,https://youtu.be/hx0_F3I10ws
6339,301414,22016.0,https://youtu.be/6fGtw2CZAj8
6341,308878,22958.0,https://youtu.be/OjxOtYx0Au4
6342,250067,15850.0,https://youtu.be/7nKExyTX3HI
6344,237993,10989.0,https://youtu.be/k6T0snTFmsg
6345,88915,1816.0,https://youtu.be/2QewMK9y4H8
6347,86946,17667.0,https://youtu.be/7bYXW4x7RXk
6348,86999,17464.0,https://youtu.be/wnNLY8yDwyk
6349,86998,15259.0,https://youtu.be/wFC5yYW58TM
6350,92067,10515.0,https://youtu.be/6s_wR3uuWec
6357,49314,11424.0,https://youtu.be/bYIFS2jxwbk
6358,45963,34857.0,https://youtu.be/ZiTQMypUgs8
6365,234215,604.0,https://youtu.be/zmYE3tg26Qc
6367,309530,10720.0,https://youtu.be/2wzS37O7m-E
6368,281724,51230.0,https://youtu.be/OjhZ6TRtFB0
6370,283900,1555.0,https://youtu.be/AsvJFtUDfl0
6371,347791,33875.0,https://youtu.be/0czLeuT6rU0
6373,315327,310.0,https://youtu.be/0XBxoKumlqQ
6374,314786,5146.0,https://youtu.be/THq7uQku8ME
6375,304081,30055.0,https://youtu.be/Gtcqtjs_tsQ
6376,286516,12544.0,
6377,266543,12.0,https://youtu.be/SPHfeNgogVs
6378,317740,9654.0,https://youtu.be/mJgGUnV9i54
6379,295700,9902.0,https://youtu.be/naUUyD-_oPc
6380,342172,2260.0,https://youtu.be/g6g5atTyjG8
6382,332639,18385.0,https://youtu.be/rSyrT6XuSwo
6383,322259,584.0,https://youtu.be/fDooSsgINLQ
6385,298228,1088.0,https://youtu.be/QDiPBjk8fAA
6386,60748,5921.0,https://youtu.be/rYNOw7iiZLE
6387,101020,47423.0,https://youtu.be/yiRPGPqPNNI
6390,50972,43239.0,
6395,69895,29425.0,https://youtu.be/HJZGab6J1bk
6400,307197,51391.0,
6402,178022,50285.0,
6405,43067,6646.0,https://youtu.be/ez7_3UviUMs
6407,61170,38720.0,https://youtu.be/0hkIWY0DobM
6408,71143,147729.0,https://youtu.be/v1fqy3eY5q8
6410,74281,15462.0,https://youtu.be/Jf7yn9GfJZ4
6412,31225,43828.0,https://youtu.be/0pI-iBxGqTo
6415,93267,47715.0,https://youtu.be/yCzMCZ0aCIY
6417,104743,12629.0,https://youtu.be/L0E-HlVskU8
6422,59711,21027.0,https://youtu.be/gFB8JtN1nzc
6424,102603,11890.0,https://youtu.be/wdqHmipO4ac
6425,120142,36807.0,https://youtu.be/ymluKbAk_RU
6427,66279,37662.0,https://youtu.be/NvG0V-M_8wU
6428,65134,11916.0,https://youtu.be/OiAYi9x7DmQ
6429,43137,14551.0,https://youtu.be/eb7xOnMX1Qw
6433,19760,26317.0,https://youtu.be/BtTlgxtoqhg
6434,37954,43490.0,https://youtu.be/-FUoC4Oon8Q
6436,108330,8092.0,https://youtu.be/P28qmkCrNSM
6440,101410,290.0,https://youtu.be/yglo5I1znpQ
6442,103791,2470.0,https://youtu.be/h_VuVKHPW8U
6448,59183,10243.0,https://youtu.be/OUyP-qIdzJk
6449,53841,42541.0,https://youtu.be/jGZABwmXCHk
6452,51878,40085.0,https://youtu.be/isihtYXfMTI
6453,25456,47684.0,
6454,100211,2263.0,https://youtu.be/qcfMaMnr81E
6460,57427,3009.0,https://youtu.be/ae3-01zSQOs
6461,54428,6643.0,https://youtu.be/UKpApK0gVDY
6464,119215,14817.0,https://youtu.be/mzoMkdsYHHQ
6465,76240,41426.0,https://youtu.be/7F4hjO9P2zE
6466,102456,41791.0,https://youtu.be/seHuOmdcJqg
6476,102900,2071.0,https://youtu.be/TTy-tsPBQK4
6477,36377,43516.0,https://youtu.be/tdyLL5koREM
6480,62362,32489.0,https://youtu.be/jdtjq7fzlU8
6482,329028,10152.0,https://youtu.be/tdjX8Voj5vI
6483,339034,31246.0,https://youtu.be/YZriuov42Gw
6484,329717,11375.0,https://youtu.be/AjXl3GWGg1Y
6493,318283,17813.0,https://youtu.be/cMEvxaFvxps
6502,289043,170.0,https://youtu.be/mWEhfF27O0c
6503,305357,9471.0,https://youtu.be/oftSBgP7Hhk
6506,286635,9581.0,https://youtu.be/VhPv8Zu1OVs
6509,71141,216.0,https://youtu.be/KG12cB5xGCo
6510,106447,47676.0,https://youtu.be/bWjpqCiH5Ss
6514,56415,113739.0,https://youtu.be/l67VJX412xg
6515,29808,52758.0,https://youtu.be/wGinFoLVB8I
6516,48947,38171.0,https://youtu.be/U-Jgt1WNxu4
6517,103747,61225.0,https://youtu.be/gJljHtBANRU
6523,104926,18722.0,https://youtu.be/jywTtvKbTO0
6527,45125,33454.0,https://youtu.be/yzYEYyOsQtA
6528,66402,19753.0,https://youtu.be/weuuQ9pMHwU
6530,74811,11482.0,https://youtu.be/GaAlkTJ0wqk
6533,69495,6949.0,https://youtu.be/xpThOyG1EVI
6534,286716,1927.0,https://youtu.be/2ErnLuJKQA4
6535,333780,10327.0,https://youtu.be/I25jkF0bdJk
6536,165982,14411.0,https://youtu.be/bRsdyOck9IY
6537,181852,296.0,https://youtu.be/ysQizA7Una8
6538,324133,302.0,https://youtu.be/NlQiybP-2I8
6539,325980,22.0,https://youtu.be/-9HT0l9HV4c
6541,311429,8698.0,https://youtu.be/vKI2of69xfA
6542,308476,554.0,
6545,300015,17920.0,https://youtu.be/I3zqvagbRo8
6547,322659,32235.0,https://youtu.be/b4D_41dmCII
6548,172156,8961.0,https://youtu.be/MsGSpfK6H4A
6549,319524,17403.0,https://youtu.be/Ry69copJjT4
6550,274166,9486.0,https://youtu.be/7VlpHnog6rw
6551,284850,20439.0,
6552,301199,3472.0,https://youtu.be/lJD8-AXGVPU
6553,322725,35265.0,
6554,280696,25921.0,https://youtu.be/3H1iVGFqOhM
6557,113533,68927.0,
6558,101635,11894.0,https://youtu.be/Th_YcHGAkwk
6559,110364,20726.0,https://youtu.be/Oo3k1wVPARc
6560,100053,24558.0,https://youtu.be/ZagcMf8vK1c
6561,53084,12649.0,https://youtu.be/p7L7WLFBYR4
6563,319829,24356.0,https://youtu.be/jZM-yS5uCCM
6564,325703,1996.0,https://youtu.be/q5VugO68swI
6565,329575,4464.0,https://youtu.be/8fnYdEGeXbM
6566,338459,12279.0,https://youtu.be/mx0lo-xCljA
6567,252299,9104.0,https://youtu.be/n6SjdN8Ju1U
6568,342167,33339.0,
6571,319769,54580.0,
6572,286947,4613.0,https://youtu.be/CpX0BwFzLaM
6573,68240,12530.0,https://youtu.be/8iMbLlUStws
6574,101831,45096.0,https://youtu.be/_sARb0uQvpI
6577,102202,24993.0,https://youtu.be/_JC_pJJOnsA
6578,58265,53021.0,https://youtu.be/tC0iPuevCac
6579,55256,430.0,https://youtu.be/eJ0vQ2MbGl4
6581,66249,5185.0,https://youtu.be/sFvUB6cn_IA
6582,89901,10553.0,https://youtu.be/RUJBnsrWsow
6583,94764,21512.0,https://youtu.be/ZqHV_N7_Mak
6584,61177,21449.0,https://youtu.be/LAcB1G439Mk
6586,328828,8273.0,https://youtu.be/4bqeLmhNbfI
6587,299930,8046.0,https://youtu.be/qDED4FPmuZo
6588,283883,50350.0,https://youtu.be/KDamH_3VnJA
6591,318411,8094.0,https://youtu.be/vzFMDRSOc00
6592,314630,26195.0,https://youtu.be/m0wKLr_z4lk
6593,322330,10330.0,https://youtu.be/8C7L9ANISmI
6595,257076,9257.0,https://youtu.be/7IoGHLXWs28
6596,306734,9499.0,https://youtu.be/N_s6lS1azJs
6597,310149,17180.0,https://youtu.be/R0QnGz9hcf4
6598,308508,15292.0,
6603,39335,41206.0,https://youtu.be/zaxtunDdD6g
6604,61132,33954.0,https://youtu.be/_fNLxbmnfKM
6609,58715,24192.0,https://youtu.be/xEs4g9A9HGc
6611,45274,833.0,https://youtu.be/uAgrq1_UOOc
6612,103888,26755.0,https://youtu.be/shWoWvaaTm4
6614,99819,3101.0,
6615,329101,6466.0,https://youtu.be/oCf4l6XnML8
6616,338077,20210.0,https://youtu.be/r3-DDJM8PRw
6617,316356,2055.0,https://youtu.be/Rd1tXbsOGxs
6618,286112,11770.0,https://youtu.be/bREfcVPssiE
6619,263757,14926.0,https://youtu.be/ftSY4DW5tEk
6620,305206,2771.0,https://youtu.be/Vo8nb45auc8
6624,313911,10923.0,https://youtu.be/wZgYSQ5KD_c
6625,109369,17745.0,https://youtu.be/WOWj5pFP0Ls
6628,87425,21989.0,https://youtu.be/jxZEbFiL-aQ
6629,45888,18573.0,https://youtu.be/M5RkKx-9tEM
6631,107504,41759.0,https://youtu.be/sFKIFyTDEhY
6636,90103,8992.0,https://youtu.be/fxo6F6rJv7E
6638,86525,19053.0,https://youtu.be/rZz_3MtBkCw
6639,62467,11206.0,https://youtu.be/WnDJ7tywTVI
6643,46438,18148.0,https://youtu.be/xqO0d3328Do
6644,91830,54898.0,https://youtu.be/D7mPj2AkFfI
6645,66434,636.0,https://youtu.be/eHgqfVQWv7s
6650,41546,11898.0,https://youtu.be/WGZEAopNIA8
6654,57215,35072.0,https://youtu.be/-1aS06Cg5SU
6656,51381,44585.0,https://youtu.be/zderyk3azuY
6658,78721,9051.0,https://youtu.be/HsI1gzpvWR4
6659,100814,9362.0,https://youtu.be/msngBcC75LI
6660,40725,19542.0,https://youtu.be/_mHgGU4AbOA
6662,57413,936.0,https://youtu.be/-Dy-Gb3LaFE
6663,75066,12268.0,https://youtu.be/3tgXUpKtEns
6664,88944,10999.0,https://youtu.be/VgDU6sOu334
6665,79073,33521.0,https://youtu.be/XjdG6A4PjWo
6666,68361,4593.0,https://youtu.be/T7XNFYdQ8S8
6667,120472,34044.0,https://youtu.be/gCX9rUAqpyo
6668,235060,12276.0,https://youtu.be/aYP0bfJl944
6669,44741,3782.0,https://youtu.be/geKhyNerWM8
6670,287969,36629.0,https://youtu.be/WHfZIxlausM
6671,99040,2891.0,https://youtu.be/AaqhNnRYTfc
6678,99731,20815.0,https://youtu.be/oTnhx_N7nro
6679,308808,19433.0,https://youtu.be/NrI-0u4npGo
6684,67445,6619.0,https://youtu.be/GPkmRY3pDAE
6686,288045,10610.0,https://youtu.be/iCq4XkNrR5M
6687,270980,2830.0,https://youtu.be/0kubIMUboWs
6688,286476,15920.0,
6689,357470,21413.0,https://youtu.be/oulnfKJKIyg
6691,243232,16405.0,https://youtu.be/XHbTdBd0u-8
6692,271211,33255.0,
6695,301470,11351.0,https://youtu.be/Quy0zQ1PXVw
6696,303785,333.0,https://youtu.be/js3N8e8InnY
6699,301684,22200.0,https://youtu.be/cW-OZw3NX0w
6702,325258,13778.0,https://youtu.be/u51-0sIYINU
6705,320244,1415.0,https://youtu.be/qV7MND4r0mY
6706,260414,31094.0,
6707,303816,11547.0,https://youtu.be/EZxwWaUF0Lw
6708,325805,7270.0,https://youtu.be/bEFUWxLwHrU
6709,285823,1428.0,https://youtu.be/7JrCqCz6CBA
6710,246592,17906.0,https://youtu.be/THPjGOjvBVw
6711,335266,153.0,https://youtu.be/1s4YQqnbnM8
6713,291350,33320.0,https://youtu.be/2u5Ee1_jUCY
6715,103957,61054.0,https://youtu.be/6E1rkVqwxqk
6718,89222,27590.0,https://youtu.be/rm9oMGJDY-8
6720,104647,14603.0,https://youtu.be/ekpYLz6P8LM
6721,103285,10617.0,https://youtu.be/x95gXieo3f0
6722,105839,10618.0,https://youtu.be/uvSfl3NaLos
6723,108592,10619.0,https://youtu.be/gH0LaV8BYcQ
6724,70510,11293.0,https://youtu.be/PkFiB4UIiaE
6731,88993,8408.0,https://youtu.be/CJpfFV4Z09U
6732,64418,14030.0,https://youtu.be/OYxJKrl3uHQ
6734,104850,2687.0,https://youtu.be/U4qLE7gRmfI
6744,89730,19064.0,https://youtu.be/Qmgspdr_fwY
6746,75261,25241.0,https://youtu.be/1IcA6yTw5Hc
6748,78908,28942.0,https://youtu.be/m-8iJ1rsiKA
6750,313792,10739.0,https://youtu.be/wIAuRc7TrrM
6751,331468,12767.0,https://youtu.be/EUKuySo1mzs
6752,191133,22309.0,https://youtu.be/h6rTCW5JzIw
6753,327137,13156.0,https://youtu.be/Ebkrm7u44UI
6754,320691,277.0,https://youtu.be/2_IoL7g5Ub8
6755,281686,9707.0,https://youtu.be/_AquaumGgzc
6760,310154,36791.0,https://youtu.be/c2_hJ6g4bbA
6763,266489,7288.0,https://youtu.be/lcsFE7C80-o
6764,327850,10159.0,https://youtu.be/BehhBCBSplY
6765,328589,10934.0,https://youtu.be/aURoPYu_29w
6768,309820,5653.0,https://youtu.be/Oe84Aolmmcg
6769,330602,321.0,https://youtu.be/Fw8s2TGeJSY
6770,314412,20.0,https://youtu.be/rxPRhy276ls
6772,318202,5168.0,https://youtu.be/uDcqQuoWnFI
6773,286244,9662.0,https://youtu.be/Npro9kjyaJk
6774,86541,837.0,https://youtu.be/v8BUXKcp8zE
6775,284262,20303.0,https://youtu.be/CjrFHzwx5AU
6776,282674,19666.0,https://youtu.be/AqVjWevMrAg
6777,55031,821.0,https://youtu.be/T3taV43-lGc
6780,103882,1358.0,https://youtu.be/5_y13Pbo4qs
6782,97728,11475.0,https://youtu.be/hwkyuWcLfJ0
6783,31885,776.0,https://youtu.be/oRH7oaBQuaY
6785,47472,16563.0,https://youtu.be/V5LfmwVWJ1k
6786,89424,11703.0,https://youtu.be/faiLjJOR_YE
6787,74119,891.0,https://youtu.be/vLt6djxhNe8
6788,109129,83714.0,https://youtu.be/RZnQUeyz4Tc
6789,115561,12531.0,https://youtu.be/GwapQhrZ-D0
6790,267287,10881.0,https://youtu.be/KXRXclj99Xg
6791,92603,11832.0,https://youtu.be/H5w9skKcdnA
6793,103786,11806.0,https://youtu.be/ki8wHMR-yOI
6794,106375,10438.0,https://youtu.be/gU85o4t0xwM
6796,101507,650.0,https://youtu.be/ZI-qlj-4cpk
6797,101516,10337.0,https://youtu.be/btj7FNzT2j8
6798,74256,8446.0,https://youtu.be/NOrgDbldcA4
6800,90859,9874.0,https://youtu.be/juL0qVu8PGY
6803,87909,29161.0,https://youtu.be/UhZKLZDS3sg
6804,88967,21627.0,https://youtu.be/W5UXIn-vfiE
6807,85959,4543.0,https://youtu.be/wMJ24QwHdCY
6808,65207,11046.0,https://youtu.be/J80nOz7wFqY
6809,88272,11707.0,https://youtu.be/tRfPbgje1a8
6810,102945,7442.0,https://youtu.be/FcQqsrf2gik
6811,110759,14425.0,https://youtu.be/aIpuS8vTBts
6812,100514,6723.0,https://youtu.be/j2AuK8nu63s
6814,87062,16969.0,https://youtu.be/dPiK2Hnlwf4
6816,94138,13339.0,https://youtu.be/pjLqimENb1A
6817,100928,28761.0,https://youtu.be/YflvYAX3hJM
6818,91251,25237.0,https://youtu.be/UHaSQU-4wss
6820,210070,9871.0,https://youtu.be/lRXT1J0kqdY
6821,79576,33258.0,
6827,110169,33783.0,https://youtu.be/eiIXNNfpgLY
6832,102768,11364.0,https://youtu.be/PtipW0DoQBs
6835,82000,39916.0,https://youtu.be/O96wNns29Eo
6836,53593,31634.0,https://youtu.be/9MBYh7gt_1g
6837,31593,43739.0,https://youtu.be/dHtQIxdRr5k
6849,66344,13765.0,https://youtu.be/EDWxqmEBG_s
6850,104695,12772.0,https://youtu.be/rP6VDQ2J3QM
6851,104321,47866.0,https://youtu.be/rmUS7oKpcc8
6852,61809,18900.0,https://youtu.be/vU_TY9ZQ48A
6853,92717,73265.0,
6856,35575,3087.0,https://youtu.be/ionMhYBMpek
6857,107692,14282.0,https://youtu.be/U4H32pFc-Qk
6858,56291,11502.0,
6860,102460,21219.0,
6862,313443,2116.0,https://youtu.be/gtVWtSTsn4M
6863,332379,1584.0,https://youtu.be/KdzWQT0wLCY
6867,340377,2056.0,https://youtu.be/031TV29V3e0
6868,335563,4997.0,https://youtu.be/tIWMOSKKlgs
6869,340468,8439.0,
6870,327056,322.0,https://youtu.be/W7NktJhrRYQ
6872,317676,11059.0,https://youtu.be/htx3igt0ksk
6873,138524,11775.0,https://youtu.be/aeuAiVTB3fc
6874,266697,24.0,https://youtu.be/d48qtYoeIqE
6879,313542,11329.0,https://youtu.be/c80vGyzA0LI
6880,324216,9373.0,https://youtu.be/y2NDtxcE2DY
6881,311648,1550.0,https://youtu.be/p4_nmB7PsOo
6882,339579,5493.0,https://youtu.be/gG_hs03cPXE
6883,325055,28200.0,https://youtu.be/rPK5dnE9CS4
6884,312549,10629.0,https://youtu.be/VMpOJFOahqw
6885,199626,10944.0,https://youtu.be/vGbAd8vlzfk
6886,294357,9839.0,https://youtu.be/p34rR9VWkLQ
6887,316465,13920.0,https://youtu.be/bcfvpJvbYyU
6888,306047,4256.0,https://youtu.be/O21wD8Tzr2k
6889,328880,10009.0,https://youtu.be/_w897MMkjPA
6890,363589,1807.0,https://youtu.be/LLakpFFOsUI
6893,64505,10536.0,https://youtu.be/Z0uN32GV1_c
6898,313670,1376.0,https://youtu.be/WWEpdJ8zcXI
6899,92532,31397.0,https://youtu.be/sLcSP7dzRyo
6902,165832,20312.0,https://youtu.be/fLSBfpI6cig
6909,325655,10389.0,https://youtu.be/eoA6dxLeWFo
6911,38661,31206.0,
6912,34409,28658.0,https://youtu.be/gMif87MKBF4
6918,48956,897.0,https://youtu.be/mgv68E_o6VM
6920,65531,11657.0,https://youtu.be/taSkmZUa4dY
6927,308383,10922.0,https://youtu.be/5yHcniemxQI
6932,323944,13537.0,https://youtu.be/Hrol_9rcBPs
6934,242653,605.0,https://youtu.be/hMbexEPAOQI
6935,363510,33222.0,https://youtu.be/tlG0nyE_Om0
6936,319343,10719.0,https://youtu.be/14o38xfHlXc
6938,379713,23995.0,https://youtu.be/r3Fbl3D_MNU
6939,155722,1277.0,https://youtu.be/g2CHe2BIrm4
6942,314331,508.0,https://youtu.be/r3mJrSA1x5s
6944,101862,11846.0,https://youtu.be/o-JEkllZPDE
6945,373175,50314.0,https://youtu.be/0HxB9Iu3Hbc
6946,318155,10715.0,https://youtu.be/5cKjOl2wr2A
6947,311113,8619.0,https://youtu.be/tHTHCNYiiHk
6948,343121,21525.0,https://youtu.be/kNn0gj4FP8c
6949,321442,14892.0,https://youtu.be/JlPJNlW4PT0
6950,338188,12146.0,https://youtu.be/qp63X34jNB8
6951,312528,10588.0,https://youtu.be/oIPq9Kp-9A0
6952,348836,4970.0,https://youtu.be/STxbF5tl5T0
6953,315733,470.0,https://youtu.be/x_tPi8pYzSw
6954,338135,11042.0,https://youtu.be/H8zyMnzJ8BY
6957,307987,10147.0,https://youtu.be/cvXyEiIoH2c
6958,338094,10756.0,https://youtu.be/IAJBBmMhC9U
6959,300556,9562.0,https://youtu.be/9RKOhYWj8J4
6961,104237,11012.0,https://youtu.be/QHoSvQwvrnw
6962,334029,279714.0,
6963,293088,30068.0,https://youtu.be/7b5nvjC4LT0
6965,312848,158413.0,
6966,99365,9556.0,https://youtu.be/W8oGHvO2RgU
6967,37635,13581.0,https://youtu.be/8UCJz617E8s
6969,85426,19184.0,https://youtu.be/bRWN_QtzBLk
6970,50307,24203.0,https://youtu.be/jYWSfztLkCw
6971,101829,9065.0,https://youtu.be/awJEAVdKeZI
6973,104265,4823.0,https://youtu.be/xWiUQhvxjG4
6974,99615,10168.0,
6975,119167,10234.0,https://youtu.be/bH2HS6uWIhQ
6978,102943,14022.0,https://youtu.be/EAdgIV7jDgU
6979,86567,860.0,https://youtu.be/TQUsLAAZuhU
6981,48452,48035.0,https://youtu.be/-uQEPjRog84
6982,43686,5000.0,https://youtu.be/JUwdB3PS8jg
6983,36969,22744.0,https://youtu.be/fupUKF9SEy4
6984,27075,17831.0,https://youtu.be/gdCZ6FLMYuY
6985,19254,780.0,https://youtu.be/Iz3XmfNzrNs
6986,16641,31510.0,https://youtu.be/ftxWZZQs-j4
6987,10323,234.0,https://youtu.be/6_uvMK0dbMY
6989,85615,8289.0,https://youtu.be/2WgOZ6W6Ug4
6990,79240,11583.0,https://youtu.be/U63utlzxJ-A
6992,109951,6472.0,https://youtu.be/mdE9FXCUIbc
6993,91167,5143.0,https://youtu.be/8YPsjtK60ds
6994,102004,11384.0,https://youtu.be/0axnlV3jAFc
6996,102034,8010.0,https://youtu.be/rV2yoL_GkEY
6997,104427,10410.0,https://youtu.be/tTlAAEaxckQ
6998,107148,47095.0,
6999,104452,10407.0,https://youtu.be/bNCG3EI_7N0
7000,102070,9292.0,https://youtu.be/rGAf_STSlrY
7001,77745,11850.0,https://youtu.be/e_brmjvATLc
7004,99938,951.0,https://youtu.be/PeH_fzD5W8w
7005,102216,10804.0,https://youtu.be/2FEsismdGWY
7007,102266,9319.0,https://youtu.be/i2Qiciv2of0
7008,70849,1643.0,https://youtu.be/_0Vj-B6JVmQ
7009,104756,2007.0,https://youtu.be/DNUrWoVDwyY
7010,101316,10995.0,https://youtu.be/bUSUfOHwC48
7012,100201,2612.0,https://youtu.be/U8E2QhBqpr0
7013,48424,3112.0,https://youtu.be/Y8dX6ZKJe2o
7015,102598,2611.0,https://youtu.be/o-ti18c-FE8
7016,93692,1825.0,https://youtu.be/2jHeM9lixvk
7017,105104,10538.0,https://youtu.be/kOphble2gZg
7018,100404,11092.0,https://youtu.be/1baqsbEddrY
7019,93793,18410.0,https://youtu.be/T0de66wOE4Y
7020,102721,14904.0,https://youtu.be/PixfPsnh5Xw
7022,266308,3176.0,https://youtu.be/oKCN6hzD5J4
7023,107156,9261.0,https://youtu.be/5kVkRhXt3S4
7024,73650,5336.0,https://youtu.be/0o2ul-UwOvU
7025,102443,23908.0,https://youtu.be/iSimkm8AOQw
7026,94072,14671.0,https://youtu.be/R0zK5ggTyYQ
7027,90022,11509.0,https://youtu.be/oPLSventoUI
7028,100449,10729.0,https://youtu.be/8uyE3H2r_n4
7030,105211,20763.0,https://youtu.be/Gxsfeyl5g7I
7031,107927,2047.0,https://youtu.be/At15r1-YUYQ
7032,100485,14249.0,https://youtu.be/QILIRoDUiNU
7033,93936,10021.0,https://youtu.be/6_umhEEi-dU
7034,150662,11634.0,https://youtu.be/pJTa4EYcdy4
7036,90142,11824.0,https://youtu.be/6Sao1dXr9qI
7037,103030,8222.0,https://youtu.be/wxPxKefg0LE
7038,210358,20067.0,https://youtu.be/LngW9j0y4fM
7040,90180,9846.0,https://youtu.be/WaIyKhztb6k
7041,111477,23719.0,https://youtu.be/PGHRkervPL4
7044,100935,483.0,https://youtu.be/dQIdBfrF0Ik
7045,100944,10166.0,https://youtu.be/7mmbKELT2VU
7046,94332,6069.0,https://youtu.be/mLs1y_KSTKk
7047,90350,11018.0,https://youtu.be/_8FmxPf13vA
7048,119807,11676.0,https://youtu.be/D81vrzAu9Ck
7049,24025,28293.0,https://youtu.be/lJI1CRzGTIs
7050,27630,28292.0,https://youtu.be/VSUlZFXSFAc
7051,59903,3681.0,https://youtu.be/_QdV4w7Rljo
7052,27948,43875.0,https://youtu.be/_LJZP_4_EN4
7053,26942,31798.0,https://youtu.be/xtiKZDwITuY
7054,41594,43436.0,https://youtu.be/kopTV7sUopo
7055,28333,20325.0,https://youtu.be/TgimMImX-VE
7056,22286,17687.0,https://youtu.be/ECEcNXe4x8w
7057,26714,19075.0,https://youtu.be/yIiFUMhBMC8
7058,39566,41465.0,https://youtu.be/FrbQ0YjSFSI
7059,37120,17641.0,https://youtu.be/nPBY9yWqs7I
7060,70239,12545.0,https://youtu.be/CEUDcqYGK74
7061,31210,27972.0,https://youtu.be/Rawg6NoIP7M
7062,55798,898.0,https://youtu.be/8j-U4REl0yE
7063,68182,2000.0,https://youtu.be/eJDuicFyJPg
7064,38348,648.0,https://youtu.be/IsXkv1mpRUk
7065,4972,618.0,https://youtu.be/a9UPOkIpR0A
7067,59229,19120.0,https://youtu.be/RcPiyeQRVy0
7069,67372,11316.0,https://youtu.be/Zp70jXJFX9M
7070,40724,3089.0,https://youtu.be/ZxVCrIMPQXI
7071,72417,29845.0,https://youtu.be/d5O7ujg3VQU
7072,31971,995.0,https://youtu.be/OE-VWDsdkwM
7073,58586,1594.0,https://youtu.be/y6elEZvYS7w
7074,15163,32318.0,https://youtu.be/rsl-1g1IpJU
7075,49096,11839.0,https://youtu.be/8mu_aHBFuVY
7076,62765,916.0,https://youtu.be/2TKo_HOfKMI
7078,30287,1976.0,https://youtu.be/SQJJyYGQqek
7079,31455,31685.0,https://youtu.be/QoHbHMhRXJA
7080,24034,3062.0,https://youtu.be/f2OaJv0NBB8
7082,56575,12708.0,https://youtu.be/SNxeoMGISGY
7083,90110,42045.0,https://youtu.be/Tged0mdmzaI
7084,69097,11610.0,https://youtu.be/zd2EmVEgyuY
7085,58571,4939.0,https://youtu.be/wJuDJNhSMGs
7086,30637,25016.0,
7087,87892,15927.0,https://youtu.be/7mIHIofacDg
7088,53146,40423.0,https://youtu.be/kKtUEpopu6A
7089,71129,7857.0,https://youtu.be/BtG9ZM-ZHnY
7090,299977,79.0,https://youtu.be/MgsddFEe9Oc
7091,23027,13912.0,https://youtu.be/1RZ6csU7DYY
7092,26071,70881.0,https://youtu.be/KwYS7BYIIag
7093,71524,987.0,https://youtu.be/Os4KgsvJ9Ys
7096,307385,30140.0,https://youtu.be/AT3lveJmjY8
7099,87544,81.0,https://youtu.be/9O-JGh4e2Mk
7101,101745,11821.0,https://youtu.be/STvC6FXu1-M
7102,92925,10023.0,https://youtu.be/G-9wTJoNUnI
7103,100087,51036.0,
7104,78723,11519.0,https://youtu.be/6_KOLqpo7z8
7107,77578,15659.0,https://youtu.be/CQ3Vz8CV9bo
7108,108656,18857.0,https://youtu.be/O9-oXXq17pI
7109,114086,33517.0,https://youtu.be/uJBN0awboIE
7114,59043,42740.0,https://youtu.be/5CuxkTnu-CA
7115,73582,20126.0,https://youtu.be/xg7b4eLCDPM
7116,46911,827.0,https://youtu.be/BzbGtjtfZwA
7117,107387,11811.0,https://youtu.be/W3QzubaASOs
7118,93207,20043.0,https://youtu.be/IMSGLZ-1Rmo
7121,41090,25431.0,https://youtu.be/tQ5NpJ81AY4
7122,60908,17685.0,https://youtu.be/FsOInjrRcOo
7123,102511,2742.0,https://youtu.be/nj04OcONu2s
7124,214730,22010.0,https://youtu.be/CEsBeO8rclE
7125,156096,51145.0,https://youtu.be/j_JTYeLHfcw
7127,102818,48129.0,https://youtu.be/gpcO-cUR_1A
7131,53320,18904.0,https://youtu.be/xJD1NUEPQis
7132,26778,37719.0,https://youtu.be/UY9C9MpoIn4
7134,87280,9063.0,https://youtu.be/yWb81mBw6XE
7137,318374,10744.0,https://youtu.be/oATzS3f-iac
7139,298845,10511.0,https://youtu.be/CK4sLTF0MPA
7141,342804,22289.0,https://youtu.be/xDIhXB5c0cA
7142,322589,10028.0,https://youtu.be/9gPkNpqP-2k
7143,325710,616.0,https://youtu.be/QZpQrc0R6J0
7147,319061,587.0,https://youtu.be/T6M-jwyz28U
7149,337741,6964.0,https://youtu.be/6zVzIaEuXS4
7150,338466,1792.0,https://youtu.be/ZaZtut5al68
7151,335119,3635.0,https://youtu.be/8awflTA4QYE
7153,167260,122.0,https://youtu.be/zckJCxYxn1g
7154,304415,11820.0,https://youtu.be/VqexVyd_ybI
7155,337909,8696.0,https://youtu.be/dXjjQPlctd0
7156,317910,12698.0,https://youtu.be/1WMmpqMaQYI
7158,315983,11093.0,https://youtu.be/8Y-0cSERrvE
7160,340855,504.0,https://youtu.be/vq70brIQP40
7161,349205,11007.0,https://youtu.be/csiX-mSqkGc
7162,159365,2289.0,https://youtu.be/Rq7ecfLUtZI
7163,338337,9620.0,https://youtu.be/DsN52jTlxzk
7164,316396,10601.0,https://youtu.be/gVC0bENF-Ec
7165,335013,52036.0,https://youtu.be/U6rlWpWRPVU
7167,304229,13433.0,https://youtu.be/n1rKG6jshtw
7169,360139,14844.0,https://youtu.be/kj5EQGrzfC4
7171,364930,37088.0,https://youtu.be/rExhihAZGxg
7173,343135,5966.0,https://youtu.be/BTXS-5D_U8k
7175,329691,10718.0,https://youtu.be/olxto6CgFPo
7176,371280,40427.0,https://youtu.be/SDADriMrEls
7177,368913,14757.0,https://youtu.be/B45o08SssgA
7178,71577,11034.0,https://youtu.be/L-SGqutpxc0
7179,104181,25095.0,https://youtu.be/a6eTho1jxuM
7181,59712,30080.0,https://youtu.be/mUFQYnMCwaQ
7184,61089,65012.0,https://youtu.be/kyGmrAlDpxE
7190,65911,131313.0,
7191,103827,34151.0,https://youtu.be/M3gwuyHa9yA
7192,107750,15797.0,https://youtu.be/tJRLI_O9Reo
7193,98987,9548.0,https://youtu.be/O1s3pfSsjWw
7202,222812,11429.0,https://youtu.be/fWZT-faP7Oc
7205,73906,14815.0,https://youtu.be/3qDFX1-ORKc
7206,50706,427.0,https://youtu.be/vqVpQ6S0BDA
7208,33553,3022.0,https://youtu.be/CkubDVPGg7k
7209,46487,778.0,https://youtu.be/4f2gLy-A0hM
7211,43915,23152.0,https://youtu.be/TvLNaV-ja4E
7212,41498,23567.0,https://youtu.be/Z_7L-sWWG1Q
7215,37382,22584.0,https://youtu.be/0UlUzhnehvc
7216,33717,27725.0,https://youtu.be/TrHArGouvZY
7217,39302,16227.0,https://youtu.be/DaeoGJGTNGg
7218,36244,980.0,https://youtu.be/hKd34tmlqko
7219,33149,16933.0,https://youtu.be/Qqaql-FSvHQ
7222,28346,37833.0,https://youtu.be/R_vo0UEteKU
7223,42369,18995.0,https://youtu.be/38x9xvwD1Ys
7225,76578,5205.0,https://youtu.be/TdP20ALOA3Y
7228,104009,14239.0,https://youtu.be/J-RypXeH8Fo
7234,47528,405.0,https://youtu.be/GrE7syApSkA
7235,296042,9696.0,https://youtu.be/YWnd581Ihgo
7236,72730,4917.0,https://youtu.be/eM7MCPF36xM
7238,52080,5055.0,https://youtu.be/O6kcDS5QM6I
7243,6864,3059.0,https://youtu.be/f0yEkRCpCmw
7245,54393,28586.0,https://youtu.be/vVQ9qawk7I8
7247,62803,11708.0,https://youtu.be/CV75eP3_WF4
7248,290879,27329.0,https://youtu.be/Pifp1zWKCCY
7251,105810,17736.0,https://youtu.be/jUKs4kqiDQA
7254,289879,1954.0,https://youtu.be/KctopagSGJE
7255,335559,13476.0,https://youtu.be/GbcH9KCN4Xk
7256,379557,11194.0,https://youtu.be/jtnqVZEktyg
7257,315824,12634.0,https://youtu.be/ic-zY4QSbd4
7258,314498,13505.0,https://youtu.be/wUHzFQFHOUM
7259,365957,14114.0,https://youtu.be/UqLHJoHTVJg
7260,345551,15708.0,https://youtu.be/hkURRsUpq10
7261,337579,21301.0,https://youtu.be/YQTD_yRV_bA
7262,337917,20483.0,https://youtu.be/beER2ztu1PE
7263,349825,14292.0,https://youtu.be/X7xfRXGMrDM
7264,234940,44539.0,
7265,309987,1278.0,https://youtu.be/9DsxpEA9EUc
7266,307109,18841.0,https://youtu.be/j8D0PQQDptM
7282,245943,76176.0,
7285,328538,11023.0,https://youtu.be/a_OlFt2XgmE
7292,86955,11221.0,https://youtu.be/iaGY6TmpRT8
7293,343660,1824.0,https://youtu.be/17KJk3ErIx0
7294,361925,16784.0,https://youtu.be/ydxisYfODz4
7297,323872,11083.0,https://youtu.be/VxXT1A4zqcU
7299,329388,337.0,
7301,42619,43376.0,https://youtu.be/hXLcNxG0OtM
7302,15400,28963.0,https://youtu.be/msVH7dZkB8o
7303,52738,2576.0,https://youtu.be/nLCooqzoFtA
7304,74121,22561.0,https://youtu.be/V-j21saO8Z8
7305,90738,19345.0,https://youtu.be/sDQjTZvVXWU
7306,221344,14430.0,https://youtu.be/Qx7Ylt-Bwwc
7307,89153,12775.0,https://youtu.be/4g_xqC4VBFQ
7308,89421,9838.0,https://youtu.be/LI4xsKHBx8c
7310,91828,2099.0,https://youtu.be/FL0Al0ZVjsM
7311,31385,42852.0,https://youtu.be/3lk8Th5SAkE
7312,60420,40454.0,https://youtu.be/o4dHmLu07HY
7315,312329,8842.0,https://youtu.be/zfOonAJg61U
7316,361467,11132.0,https://youtu.be/OjdHGTBYDsc
7317,356150,9352.0,https://youtu.be/-_Eu0X3B6OM
7318,335345,615.0,https://youtu.be/4Aif1qEB_JU
7319,331953,11217.0,https://youtu.be/mEoysl_tMqA
7320,338096,10677.0,https://youtu.be/LBGEbEqQAsY
7321,315297,13572.0,https://youtu.be/sjphe2tlKKw
7323,301357,338.0,https://youtu.be/mIjSaHUKD5I
7324,317648,2023.0,https://youtu.be/jxp9NEdQ4Fs
7325,335438,9384.0,https://youtu.be/o0NsujlK0FY
7326,258816,25935.0,https://youtu.be/uA1UojoCYfs
7327,60827,797.0,https://youtu.be/8ZO01M8k1mg
7328,64793,42602.0,https://youtu.be/v0nL84KIv90
7333,35753,29084.0,https://youtu.be/-WEapOCjFBI
7335,46187,25955.0,https://youtu.be/vEAURni5bIE
7336,64118,41876.0,https://youtu.be/MFRZZ2k2iGk
7340,89393,24548.0,https://youtu.be/XN_py_XHZmg
7344,56704,42989.0,https://youtu.be/KGR8qmV8FcQ
7345,358349,17047.0,https://youtu.be/3t-pTVmIHqg
7346,265208,10591.0,https://youtu.be/0rD3Qkh-238
7347,363988,1586.0,https://youtu.be/QboGT3v7c5A
7348,360009,11169.0,https://youtu.be/YDulN4dyYC4
7349,317842,49689.0,https://youtu.be/-Dq0bKauUa8
7352,329767,156.0,
7354,107473,10433.0,https://youtu.be/J99GjHJTazY
7357,50839,43236.0,https://youtu.be/6mE98wOuyO0
7360,363547,924.0,https://youtu.be/DV8mJcuYVaA
7361,338013,38.0,https://youtu.be/c2e-bj6qy8Y
7362,364045,11081.0,https://youtu.be/Uj85gr6R1as
7364,332658,16941.0,https://youtu.be/x1X_5yCgTAc
7366,300051,9541.0,https://youtu.be/CL04A-DrIEQ
7367,335245,5516.0,https://youtu.be/BVL6AjybCZ0
7368,354766,20304.0,https://youtu.be/sCqS_nd2_EY
7369,331632,11024.0,https://youtu.be/mwsDWv26sVM
7371,276919,553.0,https://youtu.be/J5-LqwUHTaM
7372,277941,10544.0,https://youtu.be/IdpcBIP7bvg
7373,167190,1487.0,https://youtu.be/qc4-3QmiFak
7375,337697,11137.0,https://youtu.be/IWkNz_5tLac
7376,351977,11358.0,https://youtu.be/ZGn_qOhEYoI
7377,301976,13573.0,https://youtu.be/0yZujcBv8S4
7379,318974,10733.0,https://youtu.be/u9T5HMtr0WA
7380,327679,14442.0,https://youtu.be/OoSUHgs7hCs
7381,327247,2122.0,https://youtu.be/Hfdu5CLYAWE
7382,326977,25300.0,
7386,49833,6844.0,https://youtu.be/KBzbyIPWVT4
7387,77402,923.0,https://youtu.be/Y_EviQj5tvA
7390,307351,28026.0,https://youtu.be/GXyV6srCbrI
7394,59797,10338.0,https://youtu.be/0X73Oble8j0
7395,42327,33839.0,https://youtu.be/NdsLBupTNcc
7396,70644,133919.0,
7411,93582,4365.0,https://youtu.be/o-1jN3UhHCM
7414,79219,65066.0,https://youtu.be/D96Ww7RXQ9g
7419,88680,10843.0,https://youtu.be/wixOBXjZvtw
7438,378194,393.0,https://youtu.be/q2h6EFk36kI
7439,330793,7220.0,https://youtu.be/TqVSFchQEyM
7440,380615,33823.0,
7443,308488,126117.0,
7444,337563,10096.0,https://youtu.be/_pmFp2W65Fs
7445,328107,9509.0,https://youtu.be/eDDh50B6kA4
7448,326856,10710.0,https://youtu.be/aBDQiiItVyQ
7449,335121,11058.0,https://youtu.be/iMIBmhQZCKk
7450,323033,11141.0,https://youtu.be/Vlzev6ET7yg
7451,377092,10625.0,https://youtu.be/EMzEmGfTuM4
7454,338526,7131.0,https://youtu.be/W6C6qcCW2JE
7455,339419,26899.0,
7457,349169,16428.0,https://youtu.be/IPeL9AsrDPg
7458,332452,652.0,https://youtu.be/6FG3BfPuwBA
7459,293007,8440.0,
7460,379217,883.0,https://youtu.be/mM6Mpn0-eyQ
7477,160184,10375.0,https://youtu.be/L3x9RpAmjRc
7479,36515,68440.0,https://youtu.be/fIaTKBRcxgk
7481,89092,11864.0,https://youtu.be/J8wLPApYGOw
7482,70034,9461.0,https://youtu.be/CDUw0ruKzNY
7486,118845,18329.0,https://youtu.be/cU_u8xQspQg
7487,99762,17993.0,
7492,77914,26517.0,https://youtu.be/Cgs3U-gLZwE
7493,51077,28285.0,https://youtu.be/hTfmyD4NsEk
7541,214388,10035.0,https://youtu.be/ihI3Y21aqOk
7560,58083,502.0,https://youtu.be/filmUN4W59I
7561,98061,41965.0,https://youtu.be/BOE0WQ-GVEA
7562,118996,10347.0,https://youtu.be/fwRAW7GzGJA
7564,58279,30959.0,https://youtu.be/YadApPG8W7Q
7566,88650,20561.0,
7569,62512,667.0,https://youtu.be/gMXuLObYidM
7570,86034,700.0,https://youtu.be/q1hLWZzgZvU
7572,243664,26976.0,
7573,86006,36670.0,https://youtu.be/B9KQmIVnT0o
7579,32943,43818.0,https://youtu.be/sk4hAHHB7L8
7581,41386,24650.0,https://youtu.be/UlI24CTWxmE
7584,35567,20640.0,https://youtu.be/PtQq5CVOG2E
7587,62229,5511.0,https://youtu.be/PTFV07ah4fY
7614,48445,13936.0,https://youtu.be/w-vFeZBWiDE
7615,89015,294.0,https://youtu.be/m075dap8xP4
7616,86984,11507.0,https://youtu.be/vMG8V7Am8zI
7618,103939,10435.0,https://youtu.be/xBh_5F3aXTI
7619,56241,1162.0,https://youtu.be/OffvfxvcSFc
7620,102467,34328.0,
7624,105327,14684.0,https://youtu.be/PWj_zc7RBFQ
7636,105217,13937.0,https://youtu.be/XczemP7GJvc
7646,259153,14980.0,
7647,105017,26670.0,https://youtu.be/gHQZPtseP8E
7649,120711,10940.0,
7650,63285,31965.0,https://youtu.be/ULk1KfVqiS8
7657,275773,5842.0,https://youtu.be/wg7ljhZuJJc
7669,112130,164721.0,
7698,78966,988.0,https://youtu.be/bIGH1AfIS18
7700,46268,204.0,https://youtu.be/ZYDZ3vNa-MQ
7701,100050,9356.0,https://youtu.be/_S_ux6f1Z_U
7702,37536,32430.0,https://youtu.be/vwE2HDSRtaA
7704,90927,16113.0,https://youtu.be/eEqj2cBYUAo
7705,45012,33575.0,https://youtu.be/llKImTsSmnY
7706,20640,13913.0,https://youtu.be/0ykYqkECz9E
7707,102011,17956.0,https://youtu.be/-fhsJJNuxBA
7708,61391,18209.0,https://youtu.be/FsyqpUP1knQ
7713,34587,25508.0,https://youtu.be/w-MIQyzBWHs
7714,61439,18978.0,https://youtu.be/hzaeisqxtvQ
7716,87635,27171.0,https://youtu.be/QawfWX6FcgE
7720,73012,12310.0,https://youtu.be/zJZoDf5Lz-Q
7727,87951,37296.0,https://youtu.be/8KKdm8Uycw8
7728,38854,25736.0,
7730,107529,25389.0,https://youtu.be/0GmhD-MnoQM
7742,94713,52794.0,
7743,89114,9872.0,https://youtu.be/VZp10uBMBDc
7745,107617,19552.0,https://youtu.be/xe9DorMzpEw
7748,59592,2786.0,https://youtu.be/TVvhJrrgfs0
7749,62480,8075.0,https://youtu.be/dFJLuhVvBPM
7753,207805,26133.0,https://youtu.be/V1N4W7_Qhao
7756,29850,10235.0,https://youtu.be/vm6Cu0C76us
7757,57197,11533.0,https://youtu.be/WbWmMsyqf6k
7762,80297,140207.0,
7766,50613,3777.0,https://youtu.be/LY7ETIO1KB8
7767,346336,11659.0,https://youtu.be/eIozQwKTxp0
7772,39066,44098.0,https://youtu.be/mACJEHFTVa4
7773,288439,16876.0,https://youtu.be/2WTij_Dzq98
7781,96321,77780.0,
7782,108171,9545.0,
7786,187859,28030.0,
7789,328802,1926.0,https://youtu.be/3haDg8wk3BE
7792,71970,17365.0,https://youtu.be/Qz0qRlQPdCs
7802,80120,11474.0,https://youtu.be/IAn_PrquNIY
7810,146455,10916.0,
7811,146247,10921.0,
7812,121804,10941.0,
7815,92117,24798.0,https://youtu.be/5MIHT9d25wY
7820,53976,11656.0,https://youtu.be/IBf4PnJGkZk
7822,46085,25009.0,https://youtu.be/--GdJaV-kIo
7826,39808,40092.0,https://youtu.be/awthjYwVAr4
7831,31047,14589.0,https://youtu.be/UiV6HqEPhQ0
7832,37365,14594.0,https://youtu.be/G-_ZRSRs4ls
7833,34172,14590.0,https://youtu.be/LgJWmyZdBjo
7834,27260,14588.0,https://youtu.be/gql78s6drdM
7835,39853,14595.0,https://youtu.be/DCg3DOopWXM
7839,33852,20644.0,https://youtu.be/iBhQSv7_pmY
7840,31398,24965.0,https://youtu.be/1wIMA9FRFLU
7841,287839,192936.0,
7842,142032,876.0,
7843,258760,1583.0,
7844,106936,17653.0,https://youtu.be/g5Ej_RjrNM8
7845,114720,11069.0,https://youtu.be/kJB2nac129A
7846,259685,10829.0,https://youtu.be/A8vaV9xjnpA
7879,300274,57946.0,
7882,60841,29049.0,https://youtu.be/KwVqUyLWvEw
7883,36027,27130.0,https://youtu.be/R0NhhvTNND0
7884,102035,8468.0,https://youtu.be/R7AwygkhuL8
7888,61791,22682.0,https://youtu.be/NftdqRWxuh8
7889,70518,11577.0,https://youtu.be/SVDryeFDRPs
7891,58700,21159.0,https://youtu.be/4i7mcozmMZ4
7894,67140,336.0,https://youtu.be/EccOlGxfwJI
7895,71249,11942.0,https://youtu.be/SpZApvgrv6s
7896,56412,36206.0,https://youtu.be/O8a70CB8mzU
7899,72913,49636.0,https://youtu.be/_o_49R60zCQ
7900,65738,3075.0,https://youtu.be/1ylPaweSVfw
7916,52847,43096.0,https://youtu.be/Y5suc-Yexpw
7920,75936,14262.0,https://youtu.be/ndpvmPqWN04
7924,41699,30368.0,https://youtu.be/afA0M0rO72I
7925,51808,1059.0,https://youtu.be/63c8g9j1uKs
7926,57565,12493.0,https://youtu.be/ELsgPvgDBoY
7930,105121,13122.0,https://youtu.be/Jp8FkfhSWK4
7932,235327,14273.0,https://youtu.be/MjjQJipwSxQ
7934,86637,11030.0,https://youtu.be/-ih7lQxrtds
7936,63611,26372.0,https://youtu.be/aTUIajGQLD8
7937,57611,11506.0,https://youtu.be/xddkAomes8k
7938,57358,29455.0,https://youtu.be/S_ihGR6Wung
7939,55499,11602.0,https://youtu.be/6AmG2Dq5OGM
7940,51365,29453.0,https://youtu.be/6ZVCTk7Zcwg
7943,38669,14638.0,https://youtu.be/Cq_gxqCaFms
7944,58404,14703.0,https://youtu.be/MLC3h4KZ5SU
7951,100260,20481.0,https://youtu.be/gJDq9upQdhg
7976,209077,7090.0,https://youtu.be/fG2XpMIPPCo
7979,64689,42632.0,https://youtu.be/5uk0PbILVa0
7980,75784,5902.0,https://youtu.be/TuGPMo1WKZg
7981,338564,10775.0,https://youtu.be/GqdXakBnmsE
7982,365376,4552.0,https://youtu.be/Ln0gWJE7SAU
7983,87003,12762.0,https://youtu.be/q3f2DabnAg0
7984,91083,14510.0,https://youtu.be/Euls8vOmd-Q
7986,102800,15618.0,https://youtu.be/f6AK-Kq46CM
7987,92906,24341.0,https://youtu.be/cXfX5hYDD9c
7988,120199,10690.0,https://youtu.be/VQOqLOErhZA
7991,72856,13282.0,https://youtu.be/ZLiU9tqE6Ns
7993,52655,22642.0,https://youtu.be/hEfzyjJe0iY
8008,46807,18283.0,https://youtu.be/8QMXGQeTiJ0
8010,105159,13823.0,https://youtu.be/B_2FNpN14PI
8011,343168,14108.0,https://youtu.be/02EelIEfvS4
8012,199683,4291.0,https://youtu.be/EhUsQvoAeAY
8014,374546,113.0,https://youtu.be/3rIgudJbHek
8015,64806,28476.0,https://youtu.be/pZ1ldmMzmvk
8016,68638,5916.0,https://youtu.be/-A8UaQA7VZ8
8019,308379,12205.0,https://youtu.be/OngfcStSz50
8024,108327,27804.0,https://youtu.be/8jQ9j5D_AhI
8025,124207,46187.0,https://youtu.be/Fs7FGGvRQYU
8033,60522,3001.0,https://youtu.be/UPStHOzjQWU
8035,117658,39434.0,https://youtu.be/L1_KdS3GbuY
8042,70379,203.0,https://youtu.be/OZgcc28TDx8
8043,107247,38749.0,https://youtu.be/vH6p2cgDbck
8044,23042,29740.0,https://youtu.be/24R9vDcviKQ
8045,93137,10652.0,https://youtu.be/WMZfJk7LoK4
8057,56541,33632.0,https://youtu.be/nybbP_21wes
8092,99612,3072.0,https://youtu.be/FrNfBd_uYbk
8093,192657,10355.0,https://youtu.be/iVGp7gBHz-4
8094,47849,14554.0,https://youtu.be/17nCYAayWMQ
8117,180748,250.0,https://youtu.be/QKVuCfX1A9c
8118,99399,19086.0,https://youtu.be/q-8LgRGZ5hI
8119,90888,15392.0,https://youtu.be/ntrCbhQw8yg
8121,366532,41277.0,https://youtu.be/WIC5CeiKQEQ
8125,18455,631.0,https://youtu.be/PCgbFay53BA
8126,57495,25504.0,https://youtu.be/5vn4WcUkHoA
8128,92593,1786.0,https://youtu.be/qIaTVS7iQQk
8131,243508,210937.0,
8132,104346,16219.0,
8136,49363,48385.0,
8137,54462,27545.0,https://youtu.be/yQyhpo8_oys
8138,53611,22718.0,https://youtu.be/2uuO0m8ZHdg
8142,221111,11315.0,https://youtu.be/9RksoyvOxwE
8143,48308,35987.0,https://youtu.be/KuLb53N-XCY
8147,62794,29146.0,
8153,49456,29592.0,https://youtu.be/2Z3xHMNHQUs
8154,53779,439.0,https://youtu.be/1BeWEPXWDX4
8157,193253,823.0,https://youtu.be/leTBtP_pUm0
8158,102820,20289.0,https://youtu.be/b0fN88K_hw0
8167,26174,16905.0,
8169,92494,11548.0,https://youtu.be/QgLH6ZUg14Q
8183,85478,38291.0,https://youtu.be/-9v_36XKfos
8188,47445,20532.0,https://youtu.be/1TSo4GBi1xI
8189,54494,2546.0,https://youtu.be/5bZ5MoRKYTg
8190,57840,42791.0,https://youtu.be/c9IYZx3GjBU
8191,64030,22522.0,https://youtu.be/c0pA8QMEEww
8195,53619,5165.0,https://youtu.be/N6ShLDfjnzw
8196,65466,5722.0,https://youtu.be/xGy05ClqiL8
8197,52893,5544.0,https://youtu.be/CLts830aLlw
8199,46478,14696.0,https://youtu.be/CLrlhu0XxdY
8207,69947,4909.0,https://youtu.be/lQdYPtm2u2k
8225,100258,19185.0,https://youtu.be/BHXb6t7tV9w
8228,22111,28257.0,
8232,32617,20643.0,https://youtu.be/KCDM8bXA-rw
8235,14429,22596.0,https://youtu.be/rhNtSU8ubf0
8236,49949,36786.0,https://youtu.be/HexzEg3cxJY
8238,67350,27459.0,https://youtu.be/-LsH8Z9lZh0
8239,55601,4497.0,https://youtu.be/o-6rnSMP1rI
8241,119630,25224.0,https://youtu.be/RYxF6KgUQZ4
8253,79833,15371.0,https://youtu.be/xmKP3zp3Mug
8254,106307,11044.0,https://youtu.be/xR4Aq-p8thE
8261,75612,41662.0,https://youtu.be/9K8nRZBZvqc
8264,73076,17346.0,https://youtu.be/mumWYU5aHBU
8266,87957,13763.0,https://youtu.be/sWHQrNYwSg4
8268,107843,10498.0,https://youtu.be/GUXSN2ZOKw8
8270,100112,11796.0,https://youtu.be/NCeLfMsOy0Y
8275,17765,34847.0,https://youtu.be/1BWMJ06xDN0
8290,73396,32303.0,https://youtu.be/3RMqsRe-BxM
8293,105706,41779.0,
8302,21890,42814.0,
8327,330229,870.0,https://youtu.be/jKoDf0Yrphw
8331,33874,26319.0,https://youtu.be/U8rMpemxZrU
8335,29192,41059.0,https://youtu.be/AeKsY3Kg2OU
8336,35019,39871.0,https://youtu.be/KGN7Vnb7o9A
8337,46816,10178.0,https://youtu.be/3OcS-Y6gL1I
8338,39192,16391.0,https://youtu.be/o7HQnwnUl1I
8340,79116,10734.0,https://youtu.be/5bLmGl_USn8
8341,40662,10949.0,https://youtu.be/Z2Oc0wuRA-I
8360,298148,809.0,https://youtu.be/iuNghO1XsHI
8361,319262,435.0,https://youtu.be/HUBDFoMNXzA
8362,350028,4599.0,https://youtu.be/022ampc_2gc
8363,367085,12657.0,https://youtu.be/ViKNcrmz8iM
8364,367790,28219.0,https://youtu.be/qBbnwWjr6rw
8366,332375,13193.0,https://youtu.be/cgWdUumlgUo
8368,304141,673.0,https://youtu.be/VwErvYgoH70
8369,297284,16617.0,https://youtu.be/ZTLaj8JuIsc
8370,363226,246.0,https://youtu.be/ZuqwMQTc8cE
8371,296572,2789.0,https://youtu.be/OLe29-e0JCQ
8372,356634,8920.0,https://youtu.be/5g1SLGRM6qU
8373,327162,9890.0,https://youtu.be/XfhUO27d16w
8375,391225,26254.0,
8376,374900,8193.0,https://youtu.be/W1IgJoRJ34Q
8378,101746,26142.0,https://youtu.be/OIPv-pjABbk
8379,85461,42122.0,
8380,106877,65137.0,https://youtu.be/UkaKSRWdPJM
8382,93175,35151.0,https://youtu.be/D3Gr1P6oM7I
8383,314431,21544.0,https://youtu.be/9lfq7yY3vRQ
8385,55100,40894.0,https://youtu.be/aMeBdaICj1I
8387,110857,11546.0,https://youtu.be/DPjBOnC7z1s
8391,77235,18387.0,https://youtu.be/-iP4bAuD4NM
8402,99166,52560.0,
8405,63759,18333.0,https://youtu.be/DXk6VXs6jh4
8410,47542,18398.0,https://youtu.be/bTy8TuPN7OY
8424,20827,80708.0,
8425,100129,76516.0,
8426,93871,33441.0,https://youtu.be/JyR51psl15c
8427,78766,47819.0,
8446,41841,18712.0,https://youtu.be/Xp5cNZ4JTjQ
8447,47577,831.0,
8450,27300,37658.0,
8451,47885,26516.0,https://youtu.be/Amyo9HNLSgI
8454,170259,10573.0,
8456,65889,26451.0,https://youtu.be/PfXZVqdLKcE
8458,39040,54568.0,
8459,41452,28571.0,https://youtu.be/ltjOydHAO0M
8461,36777,123665.0,https://youtu.be/5ac39xjdGx8
8462,46963,43336.0,https://youtu.be/4YlNEDus69U
8463,40495,62000.0,https://youtu.be/arZQyXMyZ6Y
8464,390521,9372.0,https://youtu.be/as2zMlxeOkw
8465,33774,41495.0,https://youtu.be/FpDf1x__UdY
8477,56119,662.0,https://youtu.be/jO4W6TPkSD8
8481,32851,43805.0,https://youtu.be/a1VZWty39-U
8482,37988,16559.0,https://youtu.be/jp7xAM-ZCCg
8484,53114,31217.0,https://youtu.be/p4qufXQSfzY
8487,54188,19414.0,https://youtu.be/knOY2dCfNI4
8491,42041,15794.0,https://youtu.be/3bMtOABixrQ
8492,44008,13188.0,https://youtu.be/OMiKLk-AUpI
8493,100133,12651.0,https://youtu.be/M3HOGf8ajWw
8494,59037,886.0,https://youtu.be/sWBWeVVaIPk
8495,204137,9791.0,https://youtu.be/dG1Lrf4k8Ds
8500,71565,38582.0,
8501,91209,9542.0,https://youtu.be/h7XNvo2sR2o
8502,44030,17820.0,https://youtu.be/AcGVUcc3Fn0
8506,289944,37696.0,https://youtu.be/yOQA2RLAVfs
8507,22913,136.0,https://youtu.be/GjzvvYX8hmk
8511,8133,47653.0,
8512,75222,10970.0,https://youtu.be/sGwWrtVYXWs
8518,20641,42812.0,https://youtu.be/46ybS7cebuU
8521,22835,3019.0,
8526,327437,10204.0,https://youtu.be/tFe7H-7YWD0
8528,364725,9472.0,https://youtu.be/rZfmbdpVLAA
8529,362227,594.0,https://youtu.be/GZjC9dAvWuU
8530,377752,8981.0,https://youtu.be/NJ9Fqzj0psI
8531,381707,12153.0,https://youtu.be/aeVkbNka9HM
8532,348593,1944.0,
8533,332280,11036.0,https://youtu.be/FC6biTjEyZw
8534,338512,1997.0,https://youtu.be/xvRZIAwkTvQ
8535,352277,15237.0,https://youtu.be/2gd3UnlpLXc
8542,28772,11939.0,https://youtu.be/Rk-VbnMgKHI
8571,64100,26520.0,https://youtu.be/4LfRyUPgp-c
8574,272045,21386.0,
8575,243135,24908.0,
8577,342213,25783.0,https://youtu.be/roo8Xm-I6eI
8578,339840,8991.0,https://youtu.be/UcJpT2bAbk8
8580,99851,23378.0,
8581,168122,3293.0,https://youtu.be/ZNQk-s6BMH8
8582,104810,36947.0,https://youtu.be/7LVsiP0s33A
8587,230512,61487.0,
8588,250468,14365.0,https://youtu.be/RLUffv4c6rw
8591,87910,10606.0,https://youtu.be/QfSzX3UiZFA
8593,104573,16136.0,https://youtu.be/ECi021J_j18
8596,78163,6081.0,https://youtu.be/M81t8Wbnhyk
8600,29870,13696.0,https://youtu.be/BVwtACBGASI
8601,24803,44494.0,
8604,152930,2330.0,https://youtu.be/qYBNjVnbtFg
8605,295721,2334.0,
8607,388473,13398.0,https://youtu.be/ZL_2E-HfIZY
8609,14341,701.0,https://youtu.be/1BWMJ06xDN0
8610,86873,10631.0,https://youtu.be/y2FgCNpq7II
8611,39370,43466.0,https://youtu.be/mhta6TYF00E
8614,93693,10780.0,https://youtu.be/H5K4xU2QOc4
8617,53622,23724.0,https://youtu.be/FH0xqOJyycI
8620,56732,29264.0,
8622,361596,1777.0,https://youtu.be/lQm4efsmVGA
8623,93886,11584.0,https://youtu.be/BTZImXfnrXM
8626,59125,26811.0,https://youtu.be/sHgrprYdsJg
8632,217788,161080.0,
8633,87597,11884.0,https://youtu.be/4R2UFlSc4mI
8636,316654,558.0,https://youtu.be/3jBFwltrxJw
8638,381681,80.0,https://youtu.be/jx0UWbMMZOQ
8640,349683,9477.0,https://youtu.be/8Fw_1TwxTRU
8641,357413,8699.0,https://youtu.be/-T3wnP91OnI
8643,356470,11247.0,https://youtu.be/B_VFs9j95gc
8644,343818,2048.0,https://youtu.be/ry1N9lrzt7A
8645,390221,436.0,https://youtu.be/FkdFcCtrFzI
8650,56196,43004.0,https://youtu.be/oMqvzhFXXyg
8656,95468,10754.0,https://youtu.be/FfEfyRLlXwU
8665,372183,2502.0,https://youtu.be/zsrdBGr8NIk
8666,327554,314.0,https://youtu.be/Fp7MeqkCUfc
8667,359423,18923.0,https://youtu.be/E-jE6R90fY4
8670,23563,12206.0,https://youtu.be/IEEjeviFMeY
8677,32475,68064.0,https://youtu.be/AlEWl3igd0c
8684,49902,15244.0,https://youtu.be/o6nHFpKK6Lc
8685,47216,62395.0,
8690,69280,24559.0,https://youtu.be/yXsiwjK_cfQ
8695,39169,27437.0,https://youtu.be/suIG0pVI33I
8711,40613,32294.0,https://youtu.be/oLCjMCH8YTY
8712,29284,41463.0,https://youtu.be/hsMArAsctbM
8713,93744,19051.0,https://youtu.be/HpVQLewSMC0
8714,38776,43485.0,https://youtu.be/lW30DeXxmhI
8718,40806,62694.0,https://youtu.be/1CBLJoNETqU
8720,103007,53287.0,https://youtu.be/0uhm03zFQsg
8724,57091,1040.0,https://youtu.be/06f7f24lpUI
8727,72848,5122.0,https://youtu.be/h7ZsPWW-MBw
8730,243609,1783.0,https://youtu.be/uK_RihZLeu0
8738,55572,31522.0,https://youtu.be/vmxc2B2o08Y
8743,90729,22976.0,https://youtu.be/RKbNQOxaJZM
8748,57171,42801.0,https://youtu.be/A6Rrj3LgAPs
8753,346091,41316.0,
8754,64840,5179.0,https://youtu.be/CXA0N55c3iw
8755,173772,53198.0,https://youtu.be/CK5PRxvXiCw
8765,35432,16703.0,https://youtu.be/GSx-CiuC-QA
8771,39017,20408.0,https://youtu.be/n7dlM8nIp0c
8772,59749,13580.0,https://youtu.be/vlYK9AoQlOc
8773,35317,18706.0,https://youtu.be/e3ZTQvkyJ4k
8774,38259,34327.0,
8778,38494,20417.0,https://youtu.be/YcVGBo-sqoQ
8781,368008,14462.0,https://youtu.be/rJ-CKZnqyqs
8782,167456,14623.0,https://youtu.be/lGOwT8goZZY
8783,368447,6947.0,https://youtu.be/c7TL1BZegLo
8784,333766,401.0,https://youtu.be/u82n0e1mgmQ
8795,275083,23305.0,https://youtu.be/sUbIhNdFaQM
8796,60438,17768.0,https://youtu.be/Dl-bZH7EDic
8798,369339,1538.0,https://youtu.be/-JDf2zIFgO8
8799,361841,14846.0,https://youtu.be/aCz7zxl6-G0
8800,345061,2577.0,https://youtu.be/C107PH39Xig
8804,96336,41975.0,https://youtu.be/lyUi4u541ro
8807,366551,11282.0,https://youtu.be/cwP5E15VzRM
8808,368933,11130.0,https://youtu.be/noajhlyKW8s
8809,337960,14389.0,https://youtu.be/b5Ner-0gm_w
8810,370263,395.0,https://youtu.be/fQE62sQBkqA
8813,361309,23601.0,https://youtu.be/bxmUE9aYQNg
8814,364751,10762.0,https://youtu.be/CutKiSmYBIg
8815,204313,11026.0,https://youtu.be/eHJEMIYNFFY
8827,83652,20120.0,https://youtu.be/FDzffQc6B2M
8830,366174,11237.0,https://youtu.be/hVo9Gw9rJiE
8831,324127,8080.0,https://youtu.be/EAqJb5iKvGI
8832,374330,14797.0,
8833,241025,11632.0,https://youtu.be/BW9WVhTGT6Y
8835,338325,15644.0,https://youtu.be/npjQ7bN8TGE
8836,324554,11208.0,https://youtu.be/vFo0u-nXbGk
8838,71115,16153.0,https://youtu.be/H8jV98slav8
8840,63803,42694.0,https://youtu.be/wh1yj9lMtVQ
8844,78763,42164.0,https://youtu.be/D8HS50Cp2Ag
8848,46521,12548.0,https://youtu.be/ZI40T1YNXXc
8860,337921,9759.0,https://youtu.be/saSi2sVJY5c
8861,318627,1577.0,https://youtu.be/PkutbYENBis
8864,339412,16232.0,https://youtu.be/39Lk3xeidI8
8865,346156,5137.0,https://youtu.be/cY3ypQD6p2s
8866,360201,11823.0,https://youtu.be/0fKtglMo5qw
8869,361620,13969.0,https://youtu.be/PyQv-dNbTOY
8870,356618,10145.0,https://youtu.be/pmrh4qM3FQY
8873,318462,1653.0,https://youtu.be/0_LAiSdIXos
8874,365748,747.0,https://youtu.be/_QuY93B2FS0
8875,44509,84214.0,https://youtu.be/qT6Yi2DHFII
8879,71877,4176.0,https://youtu.be/E-YJjWoanCo
8880,89560,11177.0,https://youtu.be/hEt-7A3EugY
8894,76504,12707.0,https://youtu.be/gd8-MfC6LrQ
8905,103594,1492.0,https://youtu.be/bmnLrzG2zKw
8906,78935,8689.0,https://youtu.be/cZ-Xp6VC7RQ
8907,307453,10555.0,https://youtu.be/mp2SbaK8dDg
8908,349710,11128.0,https://youtu.be/jpU7gzT6CdM
8910,356721,1599.0,https://youtu.be/61TptTktMSQ
8911,361696,14024.0,https://youtu.be/BBntfOIjsRw
8912,316732,11045.0,https://youtu.be/oCjiNBiEUaQ
8914,390384,14337.0,https://youtu.be/-vD-yj9o664
8915,368658,26108.0,https://youtu.be/T1Mpt0xFit0
8916,358135,4380.0,https://youtu.be/UGtS3CL-zpo
8917,372588,3989.0,https://youtu.be/kMyJWuvW_9k
8918,349416,16358.0,https://youtu.be/idAN2D2S7zk
8919,380609,25313.0,https://youtu.be/gR64Q43h7gM
8920,46874,2438.0,https://youtu.be/DtwNCEL05C4
8921,48563,65550.0,https://youtu.be/DWbGNWii4i8
8928,61655,3053.0,https://youtu.be/W527bf_qpqM
8933,90985,18499.0,https://youtu.be/a7R4YFi_qhA
8934,103783,36616.0,https://youtu.be/OnwQeU_stCw
8937,390022,13416.0,https://youtu.be/dzwJFNZLvxo
8938,390538,1435.0,https://youtu.be/Gz74_hpl9bU
8939,364343,11099.0,https://youtu.be/EM5MzCAZ3OY
8943,340012,18701.0,https://youtu.be/quzIsJq7t08
8946,252028,15566.0,https://youtu.be/JUu_iG2IboI
8947,391198,1970.0,https://youtu.be/tqn2t3PefdY
8948,375173,8849.0,https://youtu.be/T-whOtC8aak
8949,375063,9675.0,https://youtu.be/FccttA8wPqc
8950,361862,4553.0,https://youtu.be/H0fuHY4U1UA
8951,383694,11109.0,https://youtu.be/_5L3hGxHumY
8952,365183,48678.0,
8954,396705,126148.0,https://youtu.be/KKuYYtZBOZY
8955,360130,16131.0,https://youtu.be/8rq_5CmE0iY
8957,387564,176.0,https://youtu.be/0bHDblokwv0
8958,350258,1677.0,https://youtu.be/jVHCQfcugdw
8959,337876,10740.0,https://youtu.be/ZuCC-PaV7mw
8961,317705,9806.0,https://youtu.be/sJCjKQQOqT0
8964,274407,47959.0,
8965,338348,5255.0,https://youtu.be/f0oyHtZiJJs
8966,362269,11184.0,https://youtu.be/5UxVz4tn7ZA
8967,387575,11249.0,https://youtu.be/U18RvBCCGEg
8968,367479,10589.0,https://youtu.be/ZLOwRK2rKJY
8969,317198,9801.0,https://youtu.be/2DFQNPx5sxA
8970,308644,866.0,https://youtu.be/m41gObaKgOw
8972,368891,2059.0,https://youtu.be/I0u9-5lPP4Q
8973,275491,140.0,https://youtu.be/ME3TcDGM8t8
8974,345950,11836.0,https://youtu.be/Tv8xk7BKaNM
8977,346491,1966.0,https://youtu.be/oBn3VzXtuWc
8978,388419,13673.0,https://youtu.be/jiPMySZo0Sc
8979,390299,174787.0,https://youtu.be/F86tK_k7aFI
8981,376541,2288.0,https://youtu.be/BdmOjfGTUzQ
8982,327919,15397.0,https://youtu.be/j_GeHxTIYwA
8983,385004,9550.0,https://youtu.be/AaOO2oork7A
8984,349903,163.0,https://youtu.be/ATHwwFhB-UQ
8985,359013,36648.0,https://youtu.be/qcHEDGs7eAY
8987,403910,33377.0,
8989,51516,41253.0,https://youtu.be/eQVoU9lPjoU
8998,72272,33740.0,https://youtu.be/t7Gvc4fNKK0
9004,88979,16248.0,https://youtu.be/b16ORBT0ImE
9005,106912,15613.0,https://youtu.be/vkSGgVdJLwc
9008,32635,28421.0,https://youtu.be/TePwEXw7P0o
9010,364517,8424.0,https://youtu.be/5buvvd5z7Gw
9018,391024,18889.0,https://youtu.be/FgMkd6d4qVw
25746,14142,18987.0,https://youtu.be/HC37IKScnfs
25750,15324,992.0,https://youtu.be/JSEK1NUPrGA
25752,15841,42359.0,https://youtu.be/1ntrhlDr8MU
25753,15881,1405.0,https://youtu.be/MGjSpPgJAoA
25757,18037,939.0,https://youtu.be/YP00IQ60ZP0
25769,19421,25768.0,https://youtu.be/4a9VXNW0jjE
25771,20530,626.0,https://youtu.be/W8yKT7H_KJ0
25773,21079,27899.0,https://youtu.be/pAM2UDuQIjw
25782,22718,48365.0,https://youtu.be/etAwZ9ZILAQ
25788,23427,877.0,https://youtu.be/XRmWftEjit0
25795,23948,39130.0,https://youtu.be/vDP8jh1JRhw
25797,24069,31511.0,https://youtu.be/n7LcBOOqgZo
25805,24844,43904.0,https://youtu.be/vzTN0YnKmOs
25825,27652,14615.0,https://youtu.be/79IBgDWagIU
25826,27884,31773.0,https://youtu.be/CgAF2tBoAZQ
25827,27996,24807.0,https://youtu.be/eOu8pem4Huk
25833,28683,43874.0,https://youtu.be/wSshWjTKd6Y
25834,28691,16515.0,https://youtu.be/fP19-5_EULo
25841,29604,43864.0,https://youtu.be/flax6E338y4
25850,30241,16274.0,https://youtu.be/nSyrZ3ma8r8
25855,31867,37698.0,https://youtu.be/uJVRsR4qo7A
25856,32145,3084.0,https://youtu.be/XmuMd4FnnYo
25865,32701,17801.0,https://youtu.be/F-1sgvur72o
25870,33712,38914.0,https://youtu.be/Bb5PkS4CULg
25886,35238,22387.0,https://youtu.be/P12UUGhe_mQ
25887,35415,27655.0,
25898,36506,41391.0,https://youtu.be/6_SATxIRMts
25905,37077,42879.0,https://youtu.be/bCu4IH9rkr8
25906,37094,43307.0,https://youtu.be/em4ouBJ91IU
25923,38574,14320.0,https://youtu.be/ueGOsCoG5b8
25927,38991,20246.0,https://youtu.be/ZbiLI6gfAiw
25937,40308,29380.0,https://youtu.be/RKt54TFrxMc
25940,40525,3766.0,https://youtu.be/R3lW5UKsbP4
25946,40876,41609.0,https://youtu.be/7GH--R9iwAg
25947,40919,33115.0,https://youtu.be/x1hWIg93bJw
25952,41587,45578.0,https://youtu.be/Ufdm0bOCsR0
25959,42200,25209.0,https://youtu.be/E8RgYpW6eBA
25962,42646,43388.0,https://youtu.be/tmXgC7k-QB0
25963,42804,800.0,https://youtu.be/HBDgOrB76Rk
25996,47522,3111.0,https://youtu.be/azICQQOnpJk
25999,47677,28696.0,https://youtu.be/Ht1_4Z_9h0M
26002,48393,44026.0,
26003,48434,803.0,https://youtu.be/wTBwpKB16gA
26038,52278,43137.0,https://youtu.be/-4MTo-i1jug
26048,53115,34528.0,https://youtu.be/VXyGpgNkBG8
26052,53168,690.0,https://youtu.be/TyCTOHA4ejA
26059,54144,36872.0,https://youtu.be/ooW3aSKfsVA
26073,55233,34530.0,https://youtu.be/RGqmXwbmU4Q
26078,55728,17185.0,https://youtu.be/eVmIJvNSQdg
26082,56058,14537.0,https://youtu.be/gfABwM-Ppng
26084,56262,13671.0,https://youtu.be/cbiBx5T2uX0
26085,56264,11085.0,https://youtu.be/DK3LuqKXjYY
26095,56905,52705.0,
26116,58213,10299.0,https://youtu.be/-NHC-Re-kfo
26122,58430,3763.0,https://youtu.be/s2SkmwgU8qs
26124,58530,7348.0,https://youtu.be/Twa8jKrIWE0
26131,58946,17295.0,https://youtu.be/vhhoS3zOskE
26133,59026,13187.0,https://youtu.be/dV9sgMB-BKE
26142,59418,29715.0,https://youtu.be/MbGSavGVqWQ
26147,59798,42731.0,https://youtu.be/IKEXGNByRQY
26150,60107,895.0,https://youtu.be/t1d5FSyMEd8
26151,60138,20108.0,https://youtu.be/RN9H8ze3hXI
26152,60153,2661.0,https://youtu.be/vvY5MgOgDUw
26158,60802,789.0,https://youtu.be/Igc0Jp62kEg
26159,61101,45706.0,https://youtu.be/LgXmTOC8Gow
26169,61882,17905.0,https://youtu.be/oou1UmrDlyg
26171,62136,10227.0,https://youtu.be/zrYB8hgyq4s
26172,62138,26039.0,https://youtu.be/Z3CCNj_zMco
26176,62374,41212.0,https://youtu.be/FlKUYY9MYQM
26183,62687,9929.0,https://youtu.be/KtlKwSJIRA4
26184,62759,20873.0,https://youtu.be/W6D-r1CU-VM
26195,63665,50789.0,https://youtu.be/juChsS5KvhQ
26198,63829,27983.0,https://youtu.be/7Lo85c89z14
26225,65772,2860.0,
26231,66214,26606.0,https://youtu.be/JyamwoLSqTI
26236,66565,20848.0,
26237,66601,2998.0,https://youtu.be/iBaMHIBySpk
26242,67023,839.0,https://youtu.be/Gdk1Igqu05Y
26249,67355,9394.0,https://youtu.be/PbBQ1mPCG7Q
26258,67866,13041.0,https://youtu.be/xjTlNTbv-xs
26265,68503,18250.0,https://youtu.be/GagBlvJNSQo
26283,69865,27331.0,https://youtu.be/vTaHRkAdBAw
26285,69945,1410.0,https://youtu.be/lwISbJfRNz0
26303,70698,22307.0,https://youtu.be/5PpajTTNk5A
26308,70842,21035.0,https://youtu.be/D6of8iM3bw4
26313,71269,32044.0,
26317,71464,24402.0,https://youtu.be/op3yOaNheYk
26322,71571,16246.0,https://youtu.be/1HiKyQMyq_Q
26326,71615,8327.0,https://youtu.be/zerBaxPbA94
26340,72901,9385.0,https://youtu.be/1WVGszqwkkI
26344,73018,10711.0,https://youtu.be/UD_eYmfHrhc
26347,73179,43430.0,https://youtu.be/sDdrTIp8mxs
26350,73580,9652.0,https://youtu.be/fkA5YIzrAmI
26357,73820,38783.0,https://youtu.be/WNcMGQFdbKM
26359,74084,3870.0,https://youtu.be/TY2hneWCiiQ
26365,74559,10640.0,https://youtu.be/yr3a2AL62Ak
26366,74605,33324.0,https://youtu.be/XfZbQXhVTV8
26375,75223,11558.0,https://youtu.be/rJ_1MkOVnNM
26386,76141,12535.0,https://youtu.be/zto1ZY9_6wY
26391,76451,12637.0,https://youtu.be/spKekOaHa4k
26394,76843,61280.0,
26399,77559,13481.0,https://youtu.be/3aEl8kyCs-4
26401,77655,13514.0,https://youtu.be/Eq2tjbIx8dQ
26409,78062,98851.0,
26413,78252,11537.0,https://youtu.be/YdQ_7mhfqNw
26422,79261,10654.0,https://youtu.be/PSBuEh2ELR0
26429,79489,18966.0,https://youtu.be/qCBCwCZJAmI
26444,81874,64353.0,https://youtu.be/f8z4JAenBPo
26453,83480,149645.0,
26464,85255,6341.0,https://youtu.be/1WAp0ABNta0
26467,85404,7012.0,https://youtu.be/gIk6aBLCoHg
26471,85474,15251.0,https://youtu.be/XhHgYnAZGpI
26472,85482,17435.0,https://youtu.be/jPoqBCvyG9k
26492,86491,15301.0,https://youtu.be/Vcx-Kx_WOvQ
26498,86994,63418.0,
26504,87065,48677.0,https://youtu.be/h0xMbWlVFRI
26510,87225,1884.0,https://youtu.be/HenB3gt6SAY
26523,88117,27414.0,https://youtu.be/hNBJfv5pIdY
26524,88275,33138.0,https://youtu.be/Jet-Ubwk5l8
26527,88461,8221.0,https://youtu.be/POnayAHs0vw
26528,88727,17663.0,https://youtu.be/czJi_FpLBYY
26539,89006,12615.0,https://youtu.be/zsJhonpcetk
26542,89110,10372.0,https://youtu.be/lfMWlAF5RW0
26547,89374,9056.0,https://youtu.be/ccRgWRcKb9w
26554,89869,10176.0,https://youtu.be/JnyxaSAY_M0
26555,90056,9080.0,https://youtu.be/JiNYpzK7lX0
26562,90319,16082.0,https://youtu.be/VHpKeRSLnF8
26564,90557,14670.0,https://youtu.be/dTvfgMULsKY
26567,90856,26555.0,https://youtu.be/fi19QYGHd0c
26578,91670,24657.0,https://youtu.be/sPIU0V9sjwM
26585,92263,11471.0,https://youtu.be/yEbvc32n7bU
26587,92337,,
26590,93066,17421.0,https://youtu.be/hRcGpSyLSI8
26593,93171,22572.0,https://youtu.be/G7ouC--Yr2E
26599,93412,4043.0,https://youtu.be/PIJqY2ptTVI
26603,93777,8852.0,https://youtu.be/GMJ5a08G0CM
26606,93978,30421.0,https://youtu.be/p_gcB9E-qoA
26612,94357,18305.0,https://youtu.be/p5CfkEB1RaA
26614,94791,8677.0,
26622,95050,49314.0,
26629,95444,16296.0,https://youtu.be/ETiSMS4i1as
26630,95655,13192.0,https://youtu.be/muOfjiMAIKw
26631,95715,18917.0,
26645,96386,4271.0,
26649,96639,13057.0,
26662,97814,16859.0,https://youtu.be/C1gq8ARWI_w
26676,99018,25943.0,https://youtu.be/_5ZGcob1q7s
26680,99329,9768.0,https://youtu.be/wkk5_7OH0kE
26681,99426,11909.0,https://youtu.be/NIACrhExQgM
26686,99654,10485.0,https://youtu.be/wVf-ZAJqJdU
26693,99864,2670.0,
26694,99902,41821.0,https://youtu.be/S5p_6plTrCM
26695,99951,21344.0,https://youtu.be/xrYMO0TN05k
26696,100029,9399.0,https://youtu.be/XZ4x4HqSGFk
26700,100280,11131.0,https://youtu.be/8oytFAZZayA
26701,100339,14571.0,https://youtu.be/a58rbowHVPU
26704,100685,1662.0,https://youtu.be/lzGjJyPMGUQ
26712,101254,20562.0,
26713,101258,18311.0,https://youtu.be/BuMyyKQOle8
26717,101420,1483.0,https://youtu.be/eX1xe0V9Qc0
26726,101786,25330.0,https://youtu.be/aUFzngANOUQ
26729,102015,4539.0,https://youtu.be/NuxlYozLpeI
26732,102164,12776.0,https://youtu.be/x-J6XyNHM3I
26736,102293,17467.0,https://youtu.be/yqjMI5dyMyM
26741,102395,34376.0,https://youtu.be/J1oy_TQ9tyE
26743,102587,15080.0,https://youtu.be/5gSKk-wwLsY
26745,102609,6463.0,https://youtu.be/QMNOgmIDle8
26750,102744,9588.0,https://youtu.be/IpbydeNAmJg
26761,103516,215993.0,
26764,103923,13995.0,https://youtu.be/cs8rFsmhNTc
26765,103950,11198.0,https://youtu.be/fCrhqasyUkM
26776,104652,11621.0,https://youtu.be/QCMScfCMtQw
26777,104663,47714.0,
26778,104670,19087.0,https://youtu.be/eCAAWi_ZLZo
26782,104802,40082.0,https://youtu.be/yxlURyrIR0Q
26791,105391,31962.0,https://youtu.be/ChujSmX8KDU
26792,105402,22590.0,https://youtu.be/v7jiQLjzaLE
26796,105682,48150.0,https://youtu.be/FAf78uKN1Hs
26797,105764,41778.0,
26810,106341,14135.0,https://youtu.be/YXZ4u2ZVWOc
26812,106356,27678.0,https://youtu.be/F3DWpuISBas
26819,106950,12088.0,https://youtu.be/_grwVpfklzs
26828,107612,19371.0,
26838,108170,12664.0,https://youtu.be/Yo-noHGCgJQ
26840,108188,7500.0,https://youtu.be/oLcZFTPZKfc
26849,108941,13519.0,
26854,109552,18998.0,https://youtu.be/XfCwDlaZOso
26861,109838,17796.0,https://youtu.be/DHkfRo5Mq2o
26865,110200,17809.0,https://youtu.be/m4QTnENUl-4
26870,110442,11067.0,https://youtu.be/QGnW5gh4WZE
26871,110612,10486.0,https://youtu.be/7Ft-edEK3BE
26875,110917,19223.0,https://youtu.be/pB4GTan0y64
26887,112040,152426.0,
26900,113556,51038.0,
26901,113617,30718.0,
26903,113824,37797.0,https://youtu.be/kyix1XapomE
26913,114563,12613.0,https://youtu.be/tyOyJC_K3vE
26928,115940,37563.0,https://youtu.be/rsBodd_UqJE
26940,116835,30330.0,
26947,117407,2061.0,https://youtu.be/AEIwMsqee-A
26958,118308,12254.0,
26965,118760,16992.0,https://youtu.be/UlcM-1Rm9Eo
26974,119237,18415.0,https://youtu.be/40NyJSBvCC0
26985,119794,8765.0,https://youtu.be/jRs2HfWinjQ
26999,120131,9732.0,https://youtu.be/gxrwh6WNMLU
27002,120570,30983.0,
27003,120604,5470.0,https://youtu.be/63YvJnFtFhU
27006,120801,50008.0,
27008,120860,12095.0,https://youtu.be/Q-WtWhqj9xU
27020,123865,14533.0,
27022,124901,9812.0,https://youtu.be/LJ0lN6yLrrg
27032,127357,8697.0,https://youtu.be/iLo5g4HHyBE
27036,130414,7096.0,
27074,145600,27260.0,https://youtu.be/xmpiTKFHhJ4
27075,146402,11508.0,
27105,158131,23356.0,https://youtu.be/c8lCp8BSJh4
27124,161292,17985.0,https://youtu.be/Y9HVMv78_RY
27134,164961,9597.0,https://youtu.be/mRrhvC8OchI
27140,165662,12485.0,https://youtu.be/_v3xyZT9oA4
27155,169590,17074.0,https://youtu.be/47aEME-QFg0
27156,169858,18491.0,
27176,177262,29587.0,https://youtu.be/K5DBB1PNew0
27178,177858,3716.0,https://youtu.be/Mr7WImqnKBM
27186,181627,21348.0,https://youtu.be/-6jw9S5Ym10
27193,183869,2332.0,https://youtu.be/XvGjrOLjG-s
27246,206036,28031.0,https://youtu.be/mp_h_ZqHhF0
27251,207275,110147.0,
27255,209463,43423.0,https://youtu.be/xq1gXC3119A
27266,212712,844.0,https://youtu.be/xjmvuBY3560
27306,230025,53048.0,https://youtu.be/RwiA8nC9C0w
27311,233298,16234.0,https://youtu.be/jTSlHYxAnEs
27317,235198,11075.0,https://youtu.be/EBQHp2__AVQ
27320,235618,16171.0,
27328,239655,36246.0,https://youtu.be/dR3TDPgrfHA
27329,239894,17208.0,https://youtu.be/LZHx8I1Lg-4
27368,250223,2899.0,https://youtu.be/_MPJs0vD_oQ
27369,250440,44756.0,https://youtu.be/wQrH5qDZQg0
27370,250491,18088.0,https://youtu.be/2akHzDTQhi0
27373,250934,20536.0,https://youtu.be/1po8PgfJU_Q
27397,260991,2440.0,https://youtu.be/9SyVl0SDpjg
27408,265651,10955.0,https://youtu.be/izIgroi7_NU
27416,269389,10978.0,
27420,270688,81540.0,https://youtu.be/6COJDiGk93c
27426,271946,11847.0,https://youtu.be/FPdVCH1mIiw
27434,273517,11056.0,https://youtu.be/QB-rO_IInDw
27441,275230,919.0,https://youtu.be/tYnciEGup9k
27450,276830,10046.0,https://youtu.be/rZWkejObSj0
27473,283877,10726.0,https://youtu.be/xP7_wJYDKqo
27478,284837,9298.0,https://youtu.be/SIZDns0DU6I
27480,285005,13899.0,https://youtu.be/hdl-HHBE7dg
27482,285492,437.0,https://youtu.be/2m1aCPB_Ni8
27491,286751,27324.0,https://youtu.be/78LdZZH3t80
27513,290661,9025.0,https://youtu.be/d_LphQx4sP8
27523,293715,11178.0,https://youtu.be/4lnyW3vIGvI
27537,298482,10981.0,https://youtu.be/zc8XXv3pl10
27539,298504,10918.0,https://youtu.be/bXhDTZX0cWk
27549,301167,36222.0,https://youtu.be/VdMfLalXfE8
27555,302585,13984.0,https://youtu.be/DbW0_C2H19c
27563,304262,16184.0,https://youtu.be/BC5GEKVoTXE
27584,308152,11427.0,https://youtu.be/j_ihzCUh_k4
27592,310775,4689.0,https://youtu.be/6D0cjs2NW9w
27595,311361,16209.0,https://youtu.be/4LRIypcaIX4
27604,312843,12720.0,https://youtu.be/gV85CvlLxE8
27611,314979,206216.0,
27618,318081,10077.0,https://youtu.be/2UjlbkED_Zk
27619,318403,11430.0,https://youtu.be/p0DTnqn71WQ
27627,320193,26955.0,https://youtu.be/QzGMhla2-G0
27644,323807,38970.0,https://youtu.be/AFQuK5jOpKU
27660,328832,55931.0,https://youtu.be/94fPVqJqBGA
27664,330099,12703.0,https://youtu.be/rpulsB9aJHc
27667,330500,32250.0,
27674,331811,9282.0,https://youtu.be/XS8gh5qMlFw
27683,334541,10891.0,https://youtu.be/VTd5edGke-4
27685,334965,12540.0,https://youtu.be/uZ6ZAOZozzY
27689,337103,60672.0,
27692,337824,24241.0,https://youtu.be/F2oGHM87iKo
27695,337930,11556.0,https://youtu.be/7BfgRVqmBnU
27704,338763,3177.0,https://youtu.be/CV8gaI67YOQ
27705,339135,19277.0,https://youtu.be/cA_ctD7fB3w
27706,339291,11774.0,https://youtu.be/fccho1IyX8Y
27708,340477,19341.0,
27716,342492,4972.0,https://youtu.be/D-9zg3f0wCs
27721,344510,2841.0,https://youtu.be/BNx2iuOGVVI
27722,345549,11606.0,https://youtu.be/1xMEQuwVnHI
27728,347246,12140.0,https://youtu.be/0XkATpPvqEA
27731,347618,15370.0,https://youtu.be/yVnlvaxFQ6E
27741,351817,12496.0,https://youtu.be/op4KVD-9p2Q
27744,352343,29987.0,https://youtu.be/WMojedvOpFQ
27746,353489,10361.0,https://youtu.be/rj7TQHjbsq8
27751,355987,36763.0,
27762,361462,25757.0,
27768,363532,21200.0,https://youtu.be/34YVqhsyDzA
27769,363579,40876.0,https://youtu.be/XiXvcySnuD8
27772,364385,11838.0,https://youtu.be/OfBfZdijxG8
27773,364569,670.0,https://youtu.be/tAaBkFChaRg
27776,365190,25500.0,https://youtu.be/hwEcwJ8BcNc
27778,365265,12583.0,https://youtu.be/clmJQwTJ5fY
27784,366292,9694.0,https://youtu.be/Qi2g9i015h0
27788,366627,9667.0,https://youtu.be/HfKjVvyONoM
27790,366777,13373.0,https://youtu.be/QHcQF8LNvfE
27793,367093,10304.0,https://youtu.be/9_sXs02IOLs
27801,368909,9316.0,https://youtu.be/nTBm1FGTBps
27802,369060,11647.0,https://youtu.be/4at78Tm57JI
27803,369702,1913.0,https://youtu.be/0qqvyzamlns
27808,371246,2539.0,https://youtu.be/GtzwDv0lrBg
27815,372824,5528.0,https://youtu.be/QVtJgU6WTj8
27816,373283,10105.0,https://youtu.be/jWygHIALgLQ
27820,373861,1114.0,https://youtu.be/aDpneKa9YxA
27821,373926,179.0,https://youtu.be/a7O8mPlNlRY
27822,374102,83.0,https://youtu.be/Z9q1qJi1nMs
27826,374277,55177.0,https://youtu.be/LAx3wi8UEkw
27829,375073,26766.0,
27830,375104,24747.0,https://youtu.be/eEnEAUXL4Tw
27831,375912,4836.0,https://youtu.be/QtrbWfZtxxM
27834,376968,11190.0,https://youtu.be/qNR4ER9tC6A
27837,377062,11866.0,https://youtu.be/bANHr1Qc-7k
27838,377091,12281.0,https://youtu.be/zKbyAyhLnY4
27839,377109,10320.0,https://youtu.be/apyfeNwsTu4
27846,379225,11420.0,https://youtu.be/2MMx53V8M8s
27850,379593,3396.0,https://youtu.be/Qzui2HM8pIs
27865,384819,5889.0,https://youtu.be/XmI86tMnNmY
27866,385017,1126.0,https://youtu.be/1-K4FP4pu-Q
27869,386064,11658.0,https://youtu.be/Nnx2CjhHADM
27873,387412,11401.0,https://youtu.be/LFX6IA_4hH8
27878,388789,1392.0,https://youtu.be/AODZ6k8LgEI
27879,388888,1843.0,
27882,389326,291.0,https://youtu.be/ADy8f6t4Ri8
27899,399877,8357.0,https://youtu.be/3QlZ5O8_bGk
27904,405296,3509.0,https://youtu.be/l1-xKcf9Q4s
27905,405821,11662.0,https://youtu.be/1xeis94QNB0
27912,418038,13372.0,
30707,405159,70.0,https://youtu.be/5_RsHRmIRBY
30745,361668,12487.0,https://youtu.be/1Tt2BZc7ueY
30749,395169,205.0,https://youtu.be/2x8UzELvKlY
30793,367594,118.0,https://youtu.be/p6JAQ2aoXm0
30803,423866,1280.0,https://youtu.be/S-S5n0JniDw
30810,362270,421.0,https://youtu.be/q1-h2zSrM_0
30812,338751,2567.0,https://youtu.be/dkwypzOQf8o
30816,293508,9833.0,https://youtu.be/N91AL8sAh9o
30818,363473,6478.0,https://youtu.be/Bz8bY2xn3bA
30820,361127,9692.0,https://youtu.be/X7SjEfXP-gQ
30822,385267,1901.0,https://youtu.be/8M7z4LoGVEY
30825,290002,693.0,https://youtu.be/48S3ogRGpjM
30846,364961,842.0,https://youtu.be/oHO6MlSu7_k
30848,369672,9953.0,https://youtu.be/4ve-nxuX_sg
30850,379889,11162.0,https://youtu.be/mdbzRtxVtns
30883,396592,15045.0,https://youtu.be/Ski1HSuFKW8
30890,345032,42420.0,https://youtu.be/A4Kfvfio75w
30892,390123,1853.0,https://youtu.be/MSzzirIP0No
30894,375210,11804.0,https://youtu.be/haHHr5_VX7I
30898,365885,11354.0,https://youtu.be/2ZPPZv0q02s
30994,81063,47876.0,https://youtu.be/mrJn4MAfN_E
31000,92035,66600.0,https://youtu.be/DsH_rZjkP3A
31030,40458,43442.0,https://youtu.be/lE-E-KU-S3g
31038,90037,33766.0,https://youtu.be/k6B_BEmo7ws
31049,98042,120328.0,https://youtu.be/WVlpZP7Q2f0
31083,104804,39472.0,https://youtu.be/t1ho3wmu8Hk
31086,70246,34326.0,https://youtu.be/EXNaUDTLUak
31101,326208,18927.0,https://youtu.be/6f_yZ7gXaVw
31114,373024,25350.0,https://youtu.be/66t8HdBVdPM
31116,34167,16442.0,https://youtu.be/6xw4I67VP_U
31123,310203,7229.0,
31150,76929,16220.0,https://youtu.be/YaaAOqSa0pE
31162,352520,10609.0,https://youtu.be/m9pBWtZHV1o
31184,401233,11633.0,https://youtu.be/ps4iKlkc41E
31193,76363,13716.0,
31221,357277,9947.0,https://youtu.be/etfIjKxKzqw
31223,376105,6439.0,https://youtu.be/PL64Q_JM5qw
31225,393162,7214.0,https://youtu.be/MV5v0zNDrlE
31260,29942,42390.0,https://youtu.be/1Am2XJ-DUt4
31297,26421,43892.0,https://youtu.be/1Un7yzDEDk0
31309,54248,8422.0,https://youtu.be/kK1WXnyEkBk
31364,353969,11423.0,https://youtu.be/0n_HQwQU8ls
31367,109402,10694.0,
31410,363163,613.0,https://youtu.be/Bp1RXmM1-60
31420,398712,8978.0,https://youtu.be/Tcoi_b1hMc0
31422,368578,11637.0,https://youtu.be/xFvco0kn7bw
31424,369226,12142.0,https://youtu.be/Zcgl9YqTlPA
31427,382077,11096.0,https://youtu.be/o9uEkTPchIo
31431,357507,8968.0,
31433,372532,6961.0,https://youtu.be/DS1bOLtMNfc
31435,417791,31165.0,https://youtu.be/m2X4M3WT0W4
31437,408664,2517.0,https://youtu.be/ThksKmIMGAM
31445,362590,11413.0,https://youtu.be/fsXqZtK4vrU
31522,79095,661.0,https://youtu.be/pQGznARA69s
31545,54407,29259.0,https://youtu.be/g2Sbo6JpDsY
31553,106761,2436.0,
31590,46451,27430.0,https://youtu.be/-TVtSLzG4D8
31610,363290,34561.0,
31617,54847,16638.0,https://youtu.be/1ZzCrkIf5Sc
31658,347149,4935.0,https://youtu.be/ARCQf2CEr8k
31660,348121,8953.0,https://youtu.be/rQpbBwA0r14
31664,184526,10951.0,https://youtu.be/IZk9jCGbn_I
31685,386588,8488.0,https://youtu.be/dMaq_pfxs-0
31692,327210,32588.0,https://youtu.be/6w3ljYDeVrU
31694,361411,57825.0,https://youtu.be/nFYwqts1_TI
31696,360486,561.0,https://youtu.be/819JCbGfZpg
31698,362165,10214.0,https://youtu.be/FKwtGHbpVDU
31700,317132,17880.0,https://youtu.be/FtfWMexIZNc
31702,424227,8340.0,https://youtu.be/y6K2osE1NJo
31737,58997,1942.0,https://youtu.be/Nmy8NFY_19k
31804,403358,3040.0,https://youtu.be/SU-7ZwbH7Fc
31851,24601,43128.0,https://youtu.be/jXf_GgrLGAM
31867,331933,13498.0,https://youtu.be/a39EYIVPAhE
31878,373074,9470.0,https://youtu.be/-m3IB7N_PRk
31903,288330,19765.0,
31909,104139,37527.0,https://youtu.be/Esdz_gBnUc4
31921,75194,29578.0,https://youtu.be/CxzoWxT2E2Y
31923,72281,2926.0,https://youtu.be/Ubpu8IGJpNc
31925,73639,54302.0,https://youtu.be/eLDBW7N02JU
31952,373981,5204.0,https://youtu.be/LMkkJbRJdiA
31973,39417,8016.0,https://youtu.be/JM_KpDmdF98
32009,422093,16186.0,https://youtu.be/nFi0lV3fMRU
32011,257516,10012.0,https://youtu.be/_e56-jMfL9I
32017,395699,10022.0,https://youtu.be/pknw1wh-2-U
32019,377471,4551.0,https://youtu.be/Cx4ZswI5Lno
32022,424129,30856.0,
32029,340163,2026.0,https://youtu.be/HCt4L7RPweE
32031,358082,9928.0,https://youtu.be/zyLI71Z0RF4
32058,101590,15771.0,https://youtu.be/vkmMWLwvXzw
32060,17739,76804.0,https://youtu.be/tMtD-0NOi2A
32116,87835,38148.0,https://youtu.be/bAXlvLKapFU
32139,58886,36815.0,https://youtu.be/aZHbjT-pZ_I
32160,25919,31835.0,
32179,51378,1093.0,https://youtu.be/LciQ1A5PvLI
32213,377713,438.0,https://youtu.be/T5x4LJ9d84Y
32234,76245,42222.0,https://youtu.be/U_u7Hvj14s0
32243,345853,11196.0,https://youtu.be/DmxS1GIUXtQ
32289,396652,13374.0,https://youtu.be/jYfssnIBaAk
32291,378947,9688.0,https://youtu.be/coPNaZp6EE4
32294,347540,228890.0,
32296,385307,10040.0,https://youtu.be/iv4SzMPlwp4
32298,372237,11638.0,https://youtu.be/2Nef33uJ_VA
32300,367631,540.0,https://youtu.be/ySFxUMCutV8
32302,430289,77120.0,https://youtu.be/t34b2GbNeEE
32314,374639,48463.0,https://youtu.be/MNtADqCQ_Nc
32371,40202,26038.0,https://youtu.be/p8M12Ca2XgM
32387,60277,19884.0,https://youtu.be/FGhpT8PGslA
32392,292886,37748.0,https://youtu.be/oq2l1O9KY5g
32440,102095,22434.0,https://youtu.be/vpRk6InCz_0
32442,109936,12778.0,https://youtu.be/LjAGMVR_4ck
32456,110008,15283.0,https://youtu.be/KUBqMHPy3bI
32460,119472,158.0,https://youtu.be/hTuU2LWdQlU
32469,48801,5996.0,https://youtu.be/COGLBSB7Fwg
32511,64451,44154.0,https://youtu.be/ccYoSiMHYUM
32515,96409,28448.0,https://youtu.be/Nn45GsPoZrc
32554,113799,42994.0,https://youtu.be/NTyRMfdDfc8
32582,424565,17592.0,https://youtu.be/BvWYhAGxfW8
32584,357110,17113.0,https://youtu.be/J4NhD8BFaPg
32587,401792,187.0,https://youtu.be/0p0h_YCinMs
32589,388500,14177.0,https://youtu.be/twy94Qb5EIs
32596,318649,7364.0,https://youtu.be/VvA4Tbjk8tk
32598,332047,11431.0,https://youtu.be/uKaldffU02c
32600,377059,,
32620,356999,51945.0,
32632,70022,26332.0,https://youtu.be/_Zf7hAqlzns
32649,76085,42229.0,https://youtu.be/i_9BAH_qO-4
32657,93488,49565.0,
32659,274155,2029.0,
32666,376717,44181.0,https://youtu.be/6akH8QHyRMA
32728,74806,19971.0,https://youtu.be/WWCO_PdJMao
32743,235712,9674.0,https://youtu.be/P4z2hOl3eLk
32770,386342,3875.0,https://youtu.be/P5e2IM4QAMY
32799,22183,9653.0,https://youtu.be/uPC7OBgY09Y
32862,63821,39225.0,https://youtu.be/5sIpOXJ_XFk
32875,40497,4595.0,
32892,56111,31442.0,https://youtu.be/pBj_yleyrLE
32898,417,775.0,https://youtu.be/JEGIyo-dKmA
32906,75404,50183.0,
32914,319970,7342.0,https://youtu.be/HV1MidLk3nI
32917,55805,45267.0,https://youtu.be/oW1kJAIklRY
33004,371724,7453.0,https://youtu.be/MbGNcoB2Y4I
33085,384806,10065.0,https://youtu.be/j_Lm2PXb3tk
33090,277909,30863.0,https://youtu.be/3WGmJTNBF4k
33124,384369,9393.0,https://youtu.be/aBcPXnLR6Oc
33126,79180,16972.0,https://youtu.be/bu4r_NmgRLk
33132,403537,13409.0,
33138,362004,13073.0,https://youtu.be/7Ht6ewQlXhY
33145,391304,8976.0,https://youtu.be/MRPr34vEbC8
33148,388183,27360.0,https://youtu.be/-aSAFqkxrzc
33154,413845,13020.0,https://youtu.be/-w6duQhWuVk
33158,329774,11679.0,https://youtu.be/TS8Pl4tsJGQ
33162,320661,1495.0,https://youtu.be/6Z2wGCZ2fSM
33164,397065,10066.0,https://youtu.be/ezUtqfB24Cg
33166,375679,1640.0,https://youtu.be/dgepOrbliX4
33171,370986,11171.0,https://youtu.be/5Lp5v4oQZRw
33188,89601,14750.0,https://youtu.be/oVdlDugQl0M
33201,177747,53116.0,https://youtu.be/75-Z8jw3PPM
33237,28216,43881.0,https://youtu.be/Eawnyxm9vWs
33294,90248,9463.0,https://youtu.be/Xvd1gBGKqJs
33310,387892,26810.0,
33312,19777,20625.0,https://youtu.be/VPVNvoJcS8k
33421,342272,10913.0,https://youtu.be/D1Mh8wJOeg8
33435,379357,38643.0,https://youtu.be/K-DWcJLrSuU
33437,342258,10027.0,https://youtu.be/AoBkHA7-I84
33493,121766,1895.0,https://youtu.be/5UnjrG_N8hU
33495,384642,9981.0,https://youtu.be/uhVqNhOKVws
33499,369735,4379.0,https://youtu.be/mW4iEGH1-1E
33558,337721,14694.0,https://youtu.be/XNHLc79HF6o
33564,55913,20271.0,
33615,351283,953.0,https://youtu.be/fq5zU9T_Hl4
33629,106233,13064.0,https://youtu.be/4oThxQN6xso
33639,438205,14358.0,https://youtu.be/F5wEb_3S2VM
33644,449086,12700.0,https://youtu.be/MVODGSW_oxA
33646,398165,9291.0,https://youtu.be/Cl--Ye9pmAQ
33649,384504,19316.0,https://youtu.be/78h8WeP3Oas
33660,352248,921.0,https://youtu.be/PpdRWplFjG8
33669,403508,9779.0,https://youtu.be/eV1IkLvTe1I
33672,355702,9787.0,https://youtu.be/KHwimJTfvxE
33677,436727,23825.0,
33679,356910,787.0,https://youtu.be/TWB_icm5M38
33681,424774,14199.0,https://youtu.be/mJP65NQwII8
33683,338095,10226.0,https://youtu.be/SIFwOugjyKQ
33725,388139,12109.0,https://youtu.be/WGsCzaI5qrM
33779,184424,13589.0,
33781,43949,11620.0,https://youtu.be/d89YbVtQFN0
33794,372784,272.0,https://youtu.be/lirBhHXvDSg
33801,399102,15767.0,https://youtu.be/rXNM802ip-Q
33815,380623,15648.0,https://youtu.be/uXhk2QJm-14
33826,384488,25248.0,https://youtu.be/gMd6hKlDslY
33830,400497,11451.0,https://youtu.be/K0aTcuB9IPw
33834,418819,11683.0,https://youtu.be/atXJB9luiko
33836,374536,9722.0,https://youtu.be/hS05j44UKUU
33838,436724,2287.0,
33880,415978,1382.0,https://youtu.be/t87QILBZd_I
33893,395125,9534.0,https://youtu.be/jmeQbWrKHxc
33896,420251,33908.0,https://youtu.be/FRcKyKTNc40
33903,408777,276.0,https://youtu.be/UyT8bEa4XYA
33966,106613,12574.0,
34018,31060,22553.0,https://youtu.be/cmhUNAx0M6U
34048,407304,74.0,https://youtu.be/TLnQXsKn5-E
34072,428803,1667.0,https://youtu.be/JZWt5YkhVp8
34129,376108,7233.0,https://youtu.be/uOAKDKAfieU
34143,382628,9009.0,https://youtu.be/t24DuU9TXRM
34148,411270,1553.0,https://youtu.be/odDwZgpMJoQ
34150,120667,9738.0,https://youtu.be/QIx2jkXYu34
34153,436613,14278.0,
34162,396269,9522.0,https://youtu.be/GnD48PD84-8
34164,361693,14922.0,https://youtu.be/z-rgRTsjaG4
34271,410097,10476.0,https://youtu.be/8ObH9HNW9AI
34292,99740,11309.0,https://youtu.be/e0k2YvEns-M
34312,330111,31063.0,https://youtu.be/TiwkKyCwHDQ
34319,399201,1635.0,https://youtu.be/pZsDzeJh4nU
34321,408524,13341.0,https://youtu.be/1RPfmcc5L7A
34323,395584,1696.0,https://youtu.be/rK6HXh9zRdU
34326,403217,1665.0,https://youtu.be/EG1dt0I1wps
34330,368089,9775.0,
34332,405325,11459.0,https://youtu.be/G7aMWVN1ThM
34334,382992,10048.0,https://youtu.be/dJ8FNgRQFuA
34336,417001,11648.0,https://youtu.be/-PX1gyygweM
34338,436078,15258.0,https://youtu.be/CxGD0rk547Y
34359,60453,42719.0,https://youtu.be/PYoPDSuXkvA
34397,193364,37632.0,https://youtu.be/8ImEUX53wZk
34405,379786,16320.0,https://youtu.be/zybHB2V27G8
34437,412019,308.0,https://youtu.be/aRWaJ_CqqVg
34450,98019,25074.0,https://youtu.be/68runFBrG5M
34482,43362,39946.0,
34520,377818,6519.0,https://youtu.be/lJzWkSmeMaY
34523,406650,13919.0,https://youtu.be/Fjj2WZh8pco
34528,418773,1444.0,https://youtu.be/mUj7k7Ypb60
34530,367652,11453.0,https://youtu.be/NlsISs23Qfs
34532,397101,9913.0,https://youtu.be/Ue86OkmeQxU
34534,430105,8292.0,https://youtu.be/vZPi0K6UoP8
34536,326905,13922.0,https://youtu.be/N51IAYnlNK0
34540,381505,14166.0,https://youtu.be/m1_ud4OUn7k
34542,427312,501.0,https://youtu.be/uWA7GtDmNFU
34800,89839,17824.0,https://youtu.be/9aNxqORENSY
34811,396184,11328.0,https://youtu.be/LRS2Qde5KoM
35015,361715,15907.0,https://youtu.be/bwebjc4mfYk
35347,47834,11848.0,https://youtu.be/YGCo5Tva39s
35807,49830,43313.0,https://youtu.be/uNQo_PQh1W4
35836,405422,6957.0,https://youtu.be/YnDeJn-BX5Q
35957,421239,11460.0,https://youtu.be/Z9M9mkcyO48
36276,387898,445.0,https://youtu.be/pvT_9TqIEtM
36289,133385,9564.0,https://youtu.be/CdNgs_fl3rI
36363,91341,20874.0,https://youtu.be/HxSHlpAldTg
36397,361089,14175.0,https://youtu.be/HPurt-LTyKM
36401,355295,4442.0,https://youtu.be/ohxNxVlk2GQ
36477,401244,13169.0,https://youtu.be/T4mzrmBql-E
36509,402901,9042.0,https://youtu.be/Q5AHUMpBtCE
36517,387131,1985.0,https://youtu.be/9FycLyDTCWQ
36519,388482,9335.0,https://youtu.be/rEggzzOVOyo
36525,425123,9007.0,https://youtu.be/cgIS8Vfp1MU
36527,377107,9777.0,
36529,399295,1830.0,https://youtu.be/AL8jpJkKUnM
36533,384286,10092.0,https://youtu.be/RybzZQodTtg
36535,404030,340.0,https://youtu.be/tSUOYY4oukc
36537,318761,1546.0,https://youtu.be/MqRXF4gfC7U
36708,385690,65215.0,
36850,95403,10753.0,https://youtu.be/rkQBl5enUuE
36931,386005,11636.0,https://youtu.be/DdEvxSxZAdE
37211,32536,22575.0,https://youtu.be/wwccQt_4g6k
37240,436971,14286.0,https://youtu.be/BcuStxJHv4c
37380,419706,8814.0,https://youtu.be/LljkKoPs1Gg
37382,421054,9923.0,https://youtu.be/fzP2Pz3ZEfE
37384,348333,7553.0,https://youtu.be/HJEsNjH3JT8
37386,402022,8202.0,https://youtu.be/f0XQB6j5gpg
37444,87289,3118.0,
37475,350261,1947.0,https://youtu.be/6_C_8K_KnG8
37477,399327,9074.0,https://youtu.be/uKryYt2bWlk
37495,430651,16133.0,https://youtu.be/LEH7nDkiPEk
37545,80149,10319.0,https://youtu.be/HFRRq-UGOHc
37720,404032,8643.0,https://youtu.be/Bi-PLwxwvy8
37727,408790,9315.0,https://youtu.be/o_TUxNsMh30
37729,121164,3933.0,https://youtu.be/OJW2lg2Ymoc
37731,385002,8923.0,https://youtu.be/EAe-1Lv1KYU
37733,399146,59.0,https://youtu.be/jsEcDGKh56U
37736,380599,257.0,https://youtu.be/4aUGLJicck8
37739,388980,15487.0,https://youtu.be/sv6FZMeA2Mw
37741,379725,398.0,https://youtu.be/vq-kLlga0EI
37830,385700,647.0,https://youtu.be/FUMxY-767OU
37844,403455,14544.0,https://youtu.be/KRbtDCxcN-M
37853,378109,11968.0,https://youtu.be/5uMDUHdN24o
37857,366780,14517.0,https://youtu.be/swrcKRVgeGI
38038,312004,533.0,https://youtu.be/BXYNHHj4KDw
38061,373469,5236.0,https://youtu.be/x7L-kF5Im1Y
38095,456912,11344.0,https://youtu.be/q5O2tfiaTxU
38159,95467,31056.0,https://youtu.be/-iovDnkgGFI
38164,32194,43807.0,https://youtu.be/8BP3nIRxiCU
38198,424024,10700.0,
38294,402057,5471.0,https://youtu.be/V7jjEpi2vRI
38304,367555,19082.0,https://youtu.be/QOUtzHizr9A
38388,380389,9763.0,https://youtu.be/--qOSiMyD84
38583,92240,10017.0,https://youtu.be/TTfy3obpWQU
38798,388125,11931.0,https://youtu.be/ws3QUUyoNhU
38886,367089,10707.0,https://youtu.be/JRkK5n2mkvg
38992,417217,9910.0,https://youtu.be/vcsdAwqZ-WI
39183,388795,142.0,https://youtu.be/xZvu-SczR1Y
39231,368709,9621.0,https://youtu.be/qyPq2BS8Ug0
39234,395972,9701.0,https://youtu.be/urVRa7mBsso
39292,433383,3291.0,https://youtu.be/1Qg9ZahBu8c
39307,418647,12920.0,
39381,421238,16608.0,https://youtu.be/tDFT7jEi4fM
39400,432291,791.0,https://youtu.be/ovNTb39_viI
39414,338427,2610.0,https://youtu.be/YODMeNOSofo
39427,371257,8066.0,https://youtu.be/wQs35Rka34A
39435,386140,1656.0,https://youtu.be/gs19Vnl8M3E
39444,384680,6963.0,https://youtu.be/qjweCcEa61o
39446,432348,215.0,https://youtu.be/y979drB7EEI
39449,387514,2313.0,https://youtu.be/sTecl1pXoaU
39516,330702,16729.0,https://youtu.be/pDZQk4Y8OkQ
39715,436058,8274.0,https://youtu.be/rSXb-9fkWFs
39801,425661,42000.0,https://youtu.be/a-h6_7VfQ34
39869,342735,1951.0,https://youtu.be/vFk2Vy1bWHQ
40148,365686,10851.0,https://youtu.be/DNXtExBM-KM
40278,418763,25.0,https://youtu.be/-aBP-c28_1M
40339,371606,9982.0,https://youtu.be/PPuk2JQgMkU
40412,419677,12877.0,https://youtu.be/4k9mkQjEzuY
40414,424205,11661.0,https://youtu.be/KRrr-CDXijs
40478,69005,38761.0,https://youtu.be/AA910vCNRe4
40491,98532,7974.0,https://youtu.be/Vf_D3ZzYLy0
40578,200768,46917.0,
40581,433400,10033.0,https://youtu.be/vIBBVzy5UoQ
40583,365737,231.0,https://youtu.be/jRSdGIOzSO0
40597,328132,68098.0,
40614,398017,8999.0,https://youtu.be/84mGKTTv5Gc
40617,381966,8555.0,https://youtu.be/QZUzM_p6a1k
40629,414387,4348.0,https://youtu.be/tbW-pmLT5UU
40697,105946,,
40723,416315,9885.0,https://youtu.be/eMaEkGjm4dM
40732,435625,9392.0,https://youtu.be/6_AMOs3r4Yo
40815,330373,674.0,https://youtu.be/4xkFJgcCQRE
40819,358273,69.0,https://youtu.be/pbQ22zWPYbw
40826,294870,1833.0,https://youtu.be/BH0MLyu6HjY
40851,406375,6795.0,https://youtu.be/hxrF-X1yn6Q
40870,401085,11421.0,https://youtu.be/w1gSfxLtKSY
40946,422528,16156.0,
40955,411195,1420.0,https://youtu.be/5blVrqSKiRc
40959,400525,9005.0,https://youtu.be/LJ3RRfGWHVE
40962,443295,13499.0,https://youtu.be/Ct37x6Fhbx0
40966,375920,7548.0,https://youtu.be/1yBRjrB2Ih4
41014,65143,20345.0,https://youtu.be/UztVF1nJTBo
41285,416320,116.0,https://youtu.be/yIC7Ygsy0Cg
41527,445620,67.0,https://youtu.be/9O5KYevUkPw
41566,363771,411.0,https://youtu.be/3mKPrxjwF7A
41569,360717,254.0,https://youtu.be/9extfjDZCts
41571,397535,1904.0,https://youtu.be/NwJw70Yufug
41573,356680,9043.0,https://youtu.be/ps8DhuMfScQ
41617,285175,14695.0,https://youtu.be/pVy-sO3KHH0
41627,61847,27031.0,https://youtu.be/GTkERWlcJB0
41712,202559,22908.0,https://youtu.be/QhuD5cF9bBs
41716,365485,9515.0,https://youtu.be/k3qUl2i9lVA
41724,473107,29595.0,
41769,392465,23478.0,https://youtu.be/sjpSqYu_ZGM
41828,60474,8290.0,https://youtu.be/ZmWcxvB1j_E
41863,419294,8053.0,https://youtu.be/H3P7wiVIhWk
41997,408306,612.0,https://youtu.be/OuT_uh0CAf8
42002,395251,9899.0,https://youtu.be/u36iNj52rac
42004,407265,546.0,https://youtu.be/PPbGIErXKpE
42007,398375,2800.0,https://youtu.be/QWYqikq6YuE
42009,452598,9641.0,https://youtu.be/OnLlLwEflHI
42011,369441,7552.0,https://youtu.be/5Iwd_Ye-qNs
42013,267891,9927.0,https://youtu.be/Tn_H5_O5v20
42015,402894,9681.0,https://youtu.be/FLbl01QrMzI
42018,413015,10773.0,https://youtu.be/X858gLx6kuc
42176,66498,88953.0,
42191,91455,13925.0,https://youtu.be/lkKf9DWmR04
42285,116075,9568.0,https://youtu.be/LkDykd9ZmXM
42418,402399,11400.0,https://youtu.be/i2LdlqW26zc
42422,370754,37910.0,https://youtu.be/kwBcyUGXI2s
42556,57812,14241.0,https://youtu.be/XUej2Wcqn4o
42559,59673,79406.0,https://youtu.be/ELkh7tj2blo
42602,444608,38785.0,
42632,451094,4550.0,https://youtu.be/deSJEDUi4rQ
42638,338075,16433.0,https://youtu.be/tDx_x5X6nnA
42718,414852,10045.0,https://youtu.be/BJPy7e5hvSg
42723,450278,1690.0,https://youtu.be/R0ShE0EbcCA
42725,456554,9900.0,https://youtu.be/sEA_g1UK64k
42728,375154,9044.0,https://youtu.be/LAJJay0Uv4M
42730,385726,9918.0,https://youtu.be/uEd69QSBI0s
42732,408985,17379.0,https://youtu.be/YJMQBqsiN3k
42734,443536,10982.0,https://youtu.be/_WGv6Rgp72k
42738,401855,834.0,https://youtu.be/cCtm8L4PQt8
42740,433116,25890.0,https://youtu.be/zAkQ-gvErDw
42761,140883,39345.0,https://youtu.be/DqV7A6V1xZE
42943,89913,12701.0,https://youtu.be/XOJpN9GnGw4
42946,85127,21519.0,https://youtu.be/Xn-b_DoUXnE
43289,142181,28638.0,https://youtu.be/st1MwQD8V8Y
43333,240200,7509.0,https://youtu.be/2R0pRl18js8
43376,426578,2117.0,https://youtu.be/XM5A4ETW_Io
43396,412080,9912.0,https://youtu.be/02Yy1vihIKs
43419,416496,1969.0,https://youtu.be/gEoz9mpxBVg
43460,423409,8435.0,https://youtu.be/6VtAJ6aYqMo
43549,383393,45759.0,
43556,417433,13275.0,https://youtu.be/jMQT5wQN-pk
43558,421729,11565.0,https://youtu.be/8RkSH3iCZDs
43560,396752,11283.0,https://youtu.be/rA9R6oustLk
43677,114745,31894.0,
43679,414982,9286.0,https://youtu.be/ttgUq963nFc
43684,437777,15363.0,https://youtu.be/6hpZyd9Yx90
43708,425598,292.0,https://youtu.be/w7DA-xtN6nU
43744,421994,1544.0,https://youtu.be/oir0eyldvsY
43836,383216,12096.0,https://youtu.be/er7sxi-ur1A
43869,381971,9975.0,https://youtu.be/CUjd98rZCVM
43871,408345,9754.0,https://youtu.be/xCmAjnjwH1U
43904,455857,10053.0,https://youtu.be/xFxmelljiyg
43908,449061,7515.0,https://youtu.be/e8iSE9Cl694
43912,349467,9959.0,https://youtu.be/aCy6_bgJ6-k
43914,380817,14256.0,https://youtu.be/yEtlWDkoeYI
43917,397313,9036.0,
43919,466342,10073.0,https://youtu.be/23QoNhfK_qg
43921,404390,7304.0,https://youtu.be/bBboyvN3s-o
43928,370032,9920.0,https://youtu.be/3O79UT32DzY
43930,397078,10025.0,https://youtu.be/rkJInkePtOY
43932,454919,9682.0,https://youtu.be/spyTqeP8i7c
43936,450232,2207.0,https://youtu.be/55nKvGV0APA
44004,427229,6877.0,https://youtu.be/4KZM3PRV0NM
44020,491703,14609.0,https://youtu.be/IQ9QjHVaurM
44022,438097,950.0,https://youtu.be/SNMXO74bw9M
44189,384814,1967.0,https://youtu.be/NkkhO8_6Yiw
44191,434409,752.0,https://youtu.be/V5VGq23aZ-g
44193,454945,9655.0,https://youtu.be/D4OhwrMidSU
44195,427944,9388.0,https://youtu.be/Df32RijORLo
44197,419749,9950.0,https://youtu.be/tjlkibbkK6w
44199,454848,388.0,https://youtu.be/FSH-dbbiroI
44204,468565,868.0,https://youtu.be/yCO4FbYyZIk
44225,429591,14191.0,https://youtu.be/4gkdYYpII6M
44238,110329,18009.0,https://youtu.be/fPTC15gu_gk
44241,113636,19286.0,
44243,116861,19287.0,https://youtu.be/biZ_dM_Becc
44301,458242,1379.0,https://youtu.be/ouvpguaIfjw
44397,454841,9792.0,https://youtu.be/PLwb5X17aHM
44399,393735,10067.0,https://youtu.be/S09rcCJl8pc
44511,436864,35555.0,https://youtu.be/pv0B0Z6mZrQ
44555,405094,582.0,https://youtu.be/n3_iLOp6IhM
44597,57697,37939.0,https://youtu.be/RY-cennt8CQ
44613,446046,12763.0,https://youtu.be/-yWRRvTBUz4
44633,436231,13222.0,https://youtu.be/2qtFPOxDMs4
44657,61996,1561.0,https://youtu.be/j9HXcsE0gI8
44665,425210,186.0,https://youtu.be/mGQmSCQrKKQ
44694,441909,219.0,https://youtu.be/ABSvppyQGdE
44709,437800,13751.0,https://youtu.be/8Sf4Lwxg6lQ
44719,263124,53961.0,
44731,441796,10069.0,https://youtu.be/DjzqGzuZSfI
44759,430912,3093.0,https://youtu.be/W7eAJ3f7C5c
44761,393109,9270.0,https://youtu.be/awbOgB7yB_Q
44773,225481,28349.0,https://youtu.be/ydALzlrpycA
44777,383353,10177.0,
44788,493459,16070.0,
44828,439815,9035.0,https://youtu.be/SI0BcgVdSWg
44840,437863,9957.0,https://youtu.be/DgLZGPfxpkM
44849,386741,9389.0,https://youtu.be/9ftZhphGgwo
44851,416331,460.0,https://youtu.be/9hZ8a4McwQY
44864,436331,8998.0,https://youtu.be/RYjnanieeMQ
44889,404364,20521.0,https://youtu.be/84jKkUGbylU
44929,424880,4441.0,https://youtu.be/tdo-bnAM3Po
44931,16914,84954.0,https://youtu.be/Df1CGxqS1MA
44937,456396,11490.0,https://youtu.be/1nbBpVo9_pg
44943,312318,11304.0,https://youtu.be/foZuOsf5tEk
44972,362120,4257.0,https://youtu.be/h0zAlXr1UOs
44974,424136,2652.0,https://youtu.be/hvx0m2SeOSk
45028,420087,9526.0,https://youtu.be/DE3TZSdjVFM
45062,443632,5820.0,https://youtu.be/qacVtga4IYQ
45074,405469,9904.0,https://youtu.be/2Ud851VoYzU
45081,384537,588.0,https://youtu.be/1mfnhu8sO5k
45106,465142,9310.0,https://youtu.be/Q3jWiFc645c
45175,434124,16367.0,https://youtu.be/ONUCmbDwz54
45183,427954,8982.0,https://youtu.be/4Pev6lkexo8
45186,317919,956.0,https://youtu.be/4oVva0muTE8
45208,449089,9530.0,https://youtu.be/foiHTT2rcso
45210,475276,9829.0,https://youtu.be/kHdqw6scuIc
45221,430634,10115.0,https://youtu.be/jNBS2KcY7QQ
45361,429573,10008.0,https://youtu.be/8Mr1wMiihKI
45382,398027,7870.0,https://youtu.be/Uuz6SrxywFg
45431,327084,7518.0,https://youtu.be/ix_bxyRimos
45440,364955,9786.0,https://youtu.be/IEp9pGNW6PA
45442,409182,503.0,https://youtu.be/K-Hcdd_t9gg
45447,382625,591.0,https://youtu.be/PHkW3TOl0-0
45499,376994,36668.0,https://youtu.be/X8ozc_dQprk
45501,452594,9767.0,https://youtu.be/SfTaJUh3_J4
45503,438315,13689.0,https://youtu.be/gegNMYvY_yg
45517,317219,920.0,https://youtu.be/SbXIj2T-_uk
45635,404802,15402.0,https://youtu.be/Cd252I7A6NE
45648,425055,80919.0,https://youtu.be/g7NA-VaOzbw
45658,410400,38344.0,https://youtu.be/kQbccINEr4Q
45662,466909,806.0,https://youtu.be/Eo38zL1kLko
45666,457510,9353.0,https://youtu.be/LCa1c0H9f1Q
45668,410297,2044.0,https://youtu.be/V02lqEpbk2Y
45672,389860,9339.0,https://youtu.be/APUqyhgtCfk
45720,458352,350.0,https://youtu.be/6ZOZwUQKu3E
45722,383574,58.0,https://youtu.be/elqO-GNfStM
45726,463034,1819.0,https://youtu.be/TluIBiITdkA
45728,424345,2295.0,https://youtu.be/JeAgPiCi94o
45730,452637,9697.0,https://youtu.be/j_EfR05ku4Q
45732,465624,4474.0,https://youtu.be/7FY2efhRS4U
45880,422720,1887.0,https://youtu.be/yBWyKRoh98U
45928,489037,13508.0,https://youtu.be/nsJAlrYjGz8
45950,497116,1781.0,https://youtu.be/wnjx6KETmi4
45969,101545,16270.0,https://youtu.be/WW9BFI1ii40
46062,475293,10947.0,
46105,428649,17628.0,https://youtu.be/l4VFrHKjB0g
46231,426627,17741.0,https://youtu.be/TzYTheLQjVA
46322,446059,7549.0,https://youtu.be/4I3oUkBnFG0
46335,463985,9615.0,https://youtu.be/K6RWbKMSDcg
46337,455499,9513.0,https://youtu.be/1u0rQ7J3oS4
46347,478209,20604.0,https://youtu.be/VXtsDoAreBk
46367,105187,31692.0,https://youtu.be/fq3cjZPwjCg
46530,348150,1452.0,https://youtu.be/gKrGjD7ItsQ
46559,468094,7872.0,https://youtu.be/rCpbOAFQXUY
46572,443496,18191.0,https://youtu.be/JZVkLqcqmGk
46574,422861,14474.0,https://youtu.be/RnUQWxYJY3Q
46578,449059,773.0,https://youtu.be/VWyH_twcMl0
46664,40338,21631.0,https://youtu.be/ZU8nIwPEpus
46723,449467,1164.0,https://youtu.be/PqPNksLZIAk
46772,369994,13141.0,https://youtu.be/uCWSgdKwlfU
46850,492506,35199.0,https://youtu.be/JLK7de9juXs
46855,64040,15383.0,https://youtu.be/sxnCZ0nR2a4
46862,79759,47850.0,https://youtu.be/sF9Xqa5wt-o
46865,430304,9072.0,https://youtu.be/x9STUnqrE_c
46948,385880,9297.0,https://youtu.be/Iru7Q2qmijQ
46965,417148,326.0,https://youtu.be/WXkcJ5G04nI
46967,457513,512.0,https://youtu.be/RXa4apaOtHc
46970,415306,9718.0,https://youtu.be/myKtVl8N7jU
46972,477347,1593.0,https://youtu.be/YXu7kqD1JLs
46974,469641,1852.0,https://youtu.be/8M9lz5R1K2A
46976,420223,1262.0,https://youtu.be/0iqZD-oTE7U
47044,430357,82.0,https://youtu.be/rxv9ck8Xrio
47099,454921,1402.0,https://youtu.be/DMOBlEcRuw8
47122,455967,9293.0,https://youtu.be/hDmtPKruS6s
47124,429589,9906.0,https://youtu.be/1UArmfHdeyk
47200,479884,1948.0,https://youtu.be/uEXsOqdzYhE
47202,430576,148.0,https://youtu.be/iPAFnmmJf_Y
47254,402910,5289.0,https://youtu.be/IzWbjvuIgAc
47261,448075,9782.0,https://youtu.be/ldLl7daubFo
47382,462590,9762.0,https://youtu.be/2_g--dceQoY
47384,383060,14113.0,https://youtu.be/5y7q5b3WyEc
47404,452039,21712.0,https://youtu.be/2fmmCsyK1dY
47423,468489,7859.0,https://youtu.be/BNdg2Ds3Fpw
47446,428856,16998.0,https://youtu.be/DfURXKUwbFA
47465,410764,11559.0,https://youtu.be/RXw2q4qzud4
47491,418455,1023.0,https://youtu.be/RaJdhU7qWVk
47516,433412,10118.0,https://youtu.be/MT_mqkj9ht4
47518,384793,9788.0,https://youtu.be/5nrCh2we0Gw
47538,74442,11689.0,https://youtu.be/ti4ldRJ0sRA
47566,39211,33813.0,
47610,443543,1491.0,https://youtu.be/QngdF-55AGc
47629,436697,1165.0,https://youtu.be/BIvESE9A_gc
47640,486551,9988.0,https://youtu.be/4ZBJxhjqUgs
47644,445990,11652.0,https://youtu.be/Aux_hRJYED8
47646,417225,13816.0,https://youtu.be/vLn7aNjVNMA
47721,48980,15265.0,https://youtu.be/KorAPe9TV7E
47725,473753,11227.0,https://youtu.be/IaoYTgbUmdc
47736,32339,33810.0,
47774,97702,41937.0,
47793,436689,24055.0,https://youtu.be/85cmTNBH42k
47810,450345,9708.0,https://youtu.be/r86OlE7rlFc
47894,460989,1116.0,https://youtu.be/xhn5_gUcO5E
47937,464196,5072.0,https://youtu.be/dKuMYCUy2f8
47950,427969,1249.0,https://youtu.be/-e3Q4EOs624
47952,475944,9954.0,https://youtu.be/mNdijA2KlJo
47970,434139,7511.0,https://youtu.be/6O8SsSLKq2E
47978,423169,13075.0,https://youtu.be/713Ce4DlRn0
47997,387808,7512.0,https://youtu.be/clYwX8Z43zg
47999,486358,1776.0,https://youtu.be/QBxATt-sP7Q
48001,456470,1963.0,https://youtu.be/eXDkdjHAVIU
48032,419198,10846.0,https://youtu.be/Z50NSjFyFiA
48043,414993,1381.0,https://youtu.be/pT1B1ykme2M
48045,109440,15097.0,
48082,354899,300.0,https://youtu.be/dHtE0szIip0
48142,387877,9676.0,https://youtu.be/4UK1B0nSi94
48150,380066,6948.0,https://youtu.be/aZckcy6kClQ
48161,421206,9766.0,https://youtu.be/BF25qyiEUpU
48214,382357,1595.0,https://youtu.be/MO5W5OHbBxc
48262,799954,1666.0,https://youtu.be/07gup1pWsTo
48304,472043,1579.0,https://youtu.be/gSw5l5jMnPM
48319,454824,9664.0,https://youtu.be/fpIXMVSnsOY
48322,493430,12094.0,https://youtu.be/qBZPCE0jr6M
48326,405676,1717.0,https://youtu.be/uxAgqD8_Osw
48342,435623,15624.0,https://youtu.be/dbB58fGIn2g
48385,443453,496.0,https://youtu.be/vlnUa_dNsRQ
48394,457430,1417.0,https://youtu.be/6tYUOAMsydg
48412,406816,4643.0,https://youtu.be/fvVrlOS8vC4
48414,400717,7484.0,https://youtu.be/y4x6xADsOX8
48416,462519,9842.0,https://youtu.be/Jh-nQKB8fwg
48516,407887,1422.0,https://youtu.be/r-MiSNsCdQ4
48518,420294,10781.0,https://youtu.be/lU-j7yER67Y
48520,424993,9794.0,https://youtu.be/uq96WOiaL08
48560,439289,7510.0,https://youtu.be/vYOzcty_81M
48593,483726,9895.0,https://youtu.be/qmUxABTagIA
48596,419946,8975.0,https://youtu.be/NaYiwodqOv4
48598,420609,9672.0,https://youtu.be/jZw8ORyIbLI
48638,74291,42236.0,https://youtu.be/LOkiSgBakz4
48649,24966,46774.0,
48678,426459,10070.0,https://youtu.be/SBxxrDaC-qE
48696,404203,1440.0,https://youtu.be/xiuWqJK0IFw
48698,814075,13364.0,https://youtu.be/zrOXlsSLy0o
48738,455590,1523.0,https://youtu.be/R_W7PC6NnN4
48741,478049,14201.0,https://youtu.be/NTfyVYqYL90
48744,367027,1378.0,https://youtu.be/txkMNU6wnak
48774,206634,9693.0,https://youtu.be/mhp4o8nIUFI
48780,482571,1124.0,https://youtu.be/ObGVA1WOqyE
48783,418689,3683.0,https://youtu.be/2GdDPaT2nEo
48872,475169,6077.0,
48877,489270,214.0,https://youtu.be/zLLDDSknHaI
48879,437232,1123.0,https://youtu.be/8Z7N_pzL4C4
48883,853096,21173.0,https://youtu.be/HOZOEmBK-QQ
48982,424095,11619.0,https://youtu.be/zTj0LvKXIO0
48997,396171,1427.0,https://youtu.be/zutiIw_2e2g
49013,452681,13767.0,https://youtu.be/jpyBrTSUO5k
49110,104905,27295.0,
49130,401445,9726.0,https://youtu.be/bKKrLj5ZHiM
49132,811136,2152.0,https://youtu.be/lPWgQIULDOg
49220,470765,14799.0,https://youtu.be/QYlsn7C24hQ
49263,486585,21710.0,https://youtu.be/7HY-2mMcq9Y
49265,420901,8588.0,https://youtu.be/k9w5RCI8PEc
49272,381061,36557.0,https://youtu.be/U4NT78c-pYs
49274,366548,9836.0,https://youtu.be/ThMZMdH3gVA
49276,454987,9809.0,https://youtu.be/SvLfSSULpEI
49278,453467,7551.0,https://youtu.be/VdCRypsfZDE
49280,308055,10741.0,https://youtu.be/dakDA3bY_6E
49284,499603,2357.0,https://youtu.be/zLiw-bD9KPk
49286,457939,1581.0,https://youtu.be/wk9caHO3pW0
49314,433387,7873.0,https://youtu.be/XbS7M4-Y87Y
49347,460792,8324.0,https://youtu.be/TwhLTpicFqQ
49389,439,5698.0,https://youtu.be/In3mRDX0uqk
49396,365830,2179.0,https://youtu.be/2tvKDAW6Flk
49524,762121,2447.0,https://youtu.be/UiSfup00uZY
49530,450259,1372.0,https://youtu.be/YG_a8lw512A
49647,413895,9986.0,https://youtu.be/ORMcpzpmLTU
49649,449010,2486.0,https://youtu.be/MAqm-1zUyno
49651,479143,1246.0,https://youtu.be/K_z4bNupt1A
49666,422295,18615.0,https://youtu.be/SODvv2xxvgI
49688,46889,13210.0,https://youtu.be/xKQHVdgCeXo
49735,443431,12795.0,
49772,446755,14202.0,https://youtu.be/1oevR8c35Qk
49793,758794,11170.0,https://youtu.be/y3V6Qz3zz4s
49822,343737,1247.0,https://youtu.be/MKStOxOrxiE
49824,443489,1125.0,https://youtu.be/DTgGuFOh2M0
49910,463998,1646.0,https://youtu.be/miz1V13QWsU
49917,783612,58923.0,
49932,460829,1730.0,https://youtu.be/kS2v-icgBj4
49957,464049,8618.0,https://youtu.be/Wr0gGySdMkQ
49961,465551,1259.0,https://youtu.be/AruRpjQquQQ
50003,398913,9053.0,https://youtu.be/luSqcSVGknU
50005,473444,1494.0,https://youtu.be/c-W5dl98ZWA
50064,452624,182.0,https://youtu.be/z9pLfBQfwhM
50068,498380,1251.0,https://youtu.be/g65ewJJ1USc
50147,454082,9656.0,https://youtu.be/XGFJdvQw65o
50158,775539,1931.0,https://youtu.be/jA6RTM9NE8s
50160,482546,13967.0,https://youtu.be/PqF25DJk-fo
50189,808146,8275.0,https://youtu.be/tkU2pjpt0Eo
50274,489327,13771.0,https://youtu.be/N5jv6sorNeg
50354,45081,11578.0,https://youtu.be/Kgl0YzRoBfw
50356,43918,11972.0,
50440,772193,4283.0,https://youtu.be/RARfk8cXPeg
50442,426883,7457.0,https://youtu.be/VPWjDJmbrak
50445,455960,8398.0,https://youtu.be/3_1aXWVl6DE
50514,457655,3549.0,https://youtu.be/-lKCRdGXCeM
50601,398808,1265.0,https://youtu.be/T2TDSEG57hI
50610,453453,14137.0,https://youtu.be/AaTvl23xRpA
50613,369359,15689.0,https://youtu.be/2EZtStZZKEs
50658,473434,13365.0,https://youtu.be/wrTLjPS2gN4
50685,473308,10758.0,https://youtu.be/hvus7pXX2Ew
50740,58578,51863.0,
50792,395495,13668.0,https://youtu.be/802GQQ2XyUk
50794,475394,7516.0,https://youtu.be/202uOuNsgow
50796,397044,10075.0,https://youtu.be/jDvS856hLms
50798,799949,9760.0,https://youtu.be/1ltiqNTYZbA
50800,425430,9966.0,https://youtu.be/22XGp20H-A4
50802,490084,1257.0,https://youtu.be/aUE8gHEPJ_I
50804,367959,1248.0,https://youtu.be/7LnMX1jgfRE
50806,477051,9757.0,https://youtu.be/HFIdZpc2L6w
50842,469754,5206.0,https://youtu.be/OyPBZsli7e0
50851,380268,14761.0,https://youtu.be/4Kbitg2mKOM
50872,382932,2062.0,https://youtu.be/NgsQ8mVkN8w
50912,401711,2266.0,https://youtu.be/yAOQBuPHV3M
50923,469263,5172.0,https://youtu.be/390WaPcxnFI
50942,423505,9965.0,https://youtu.be/bnRtI39nMLU
50954,482527,37725.0,https://youtu.be/7uh2l0TQrdo
50999,396042,13517.0,https://youtu.be/lVwxn-UJ284
51024,118414,17266.0,
51037,450340,9828.0,https://youtu.be/qRYPZvHPBg0
51077,259324,1250.0,https://youtu.be/nu6R7ypaz5g
51080,401997,4169.0,https://youtu.be/XJuLFKeRoJg
51082,778661,16555.0,https://youtu.be/lXISGEKBdOk
51084,758766,11172.0,https://youtu.be/gwac2AZTrJI
51086,481369,3594.0,https://youtu.be/TUTlOC4mVQ8
51088,499554,10090.0,https://youtu.be/dC6gXV0qjGI
51091,462200,7874.0,https://youtu.be/VYMqX3SKIGY
51167,476735,13393.0,https://youtu.be/KTmrUXNxwWI
51174,432402,12271.0,https://youtu.be/qnta4dqSMcM
51255,425112,4638.0,https://youtu.be/L6PKkxn7pq0
51314,465188,1993.0,https://youtu.be/v90thqbuu8c
51357,112681,12554.0,https://youtu.be/20KiHIT6wu0
51412,435705,1738.0,https://youtu.be/wOLv3cqeolk
51471,454776,15163.0,https://youtu.be/cRuWRy5McCM
51498,264323,10845.0,https://youtu.be/dwMXQ-04g9g
51540,443706,1949.0,https://youtu.be/yNncHPl1UXg
51545,425379,11330.0,https://youtu.be/XH_ZdNmRB6E
51562,106336,10942.0,
51573,36154,27040.0,https://youtu.be/98eh_4z4hfA
51575,486946,11199.0,https://youtu.be/r6SSpOJ_aS4
51662,416449,1271.0,https://youtu.be/UrIbxk7idYA
51666,475937,10790.0,https://youtu.be/VHXpeVGJg0Q
51694,477095,14055.0,https://youtu.be/p5JwoOHPmbw
51698,768212,2267.0,https://youtu.be/5PXWvU1B1RQ
51705,482088,6691.0,https://youtu.be/RqQaWB6u-p8
51709,468492,1255.0,https://youtu.be/xrLY0wO06l4
51834,416508,2977.0,https://youtu.be/4w54MfAxj14
51884,433416,16727.0,https://youtu.be/_sOaA-4Y8tI
51903,770772,14434.0,https://youtu.be/am2j79QYlS8
51925,477071,9963.0,https://youtu.be/2ALLgKiE4gU
51927,455760,14001.0,https://youtu.be/NvVPn1gD1Xw
51931,490204,2355.0,https://youtu.be/yzQYokimcg0
51933,475355,16385.0,https://youtu.be/tJRTDl3z87E
51935,822854,7485.0,https://youtu.be/A3lPVwYOdzA
51937,800069,9793.0,https://youtu.be/Fy2t5N2WljM
51939,453556,1273.0,https://youtu.be/PXhhPJ1LdoI
52042,389557,9075.0,https://youtu.be/DIklvGsU7bM
52241,427470,8270.0,https://youtu.be/e9oyHy_ZigY
52245,445934,9955.0,https://youtu.be/YFE-6XlAAmE
52279,422774,10172.0,https://youtu.be/Op8AlTe5Js8
52281,462322,253768.0,
52283,444682,1683.0,https://youtu.be/uJmoEPwudN0
52287,396555,1267.0,https://youtu.be/S396-fnLldk
52299,419434,16018.0,https://youtu.be/l1ZnFT2qAJU
52319,76584,22311.0,https://youtu.be/qH2PeTVIpfs
52328,448134,1272.0,https://youtu.be/YZ2-xR54UDU
52375,462338,9903.0,https://youtu.be/djWXQ9Pz1OI
52435,60345,13377.0,https://youtu.be/8J1AXS8C20M
52458,486822,8271.0,https://youtu.be/LoemUrP3EKQ
52462,455326,13158.0,https://youtu.be/0IOXw6NHCVA
52579,450188,1407.0,https://youtu.be/ovNIoQn5Tvo
52604,488120,6145.0,https://youtu.be/B9jSN5CXO-g
52644,452702,10294.0,https://youtu.be/9DCyrUheIpM
52668,419843,13067.0,https://youtu.be/qs43QuyMu4w
52694,453451,1268.0,https://youtu.be/ZV_HYwmEi_k
52712,435670,9785.0,https://youtu.be/BGfVZ1DS_vg
52715,772178,13280.0,https://youtu.be/ZPNnyR8fPDE
52722,413300,559.0,https://youtu.be/wPosLpgMtTY
52724,338216,1950.0,https://youtu.be/kGWgHKHBWm8
52730,329737,13352.0,https://youtu.be/O1Uf_oqCdDw
52767,75610,20553.0,
52784,856008,13894.0,https://youtu.be/m5fObF_CCYc
52831,95583,14240.0,https://youtu.be/iJP2893uTC8
52867,458364,13171.0,https://youtu.be/6kZ-3MdbhLs
52885,851578,4977.0,https://youtu.be/a6avI9oPgnw
52950,409904,2269.0,https://youtu.be/FLY79X1VJj8
52952,480025,11798.0,https://youtu.be/SfoJx6t97RE
52967,491747,1919.0,https://youtu.be/e-uNrAwb8-0
52973,478311,4964.0,https://youtu.be/K6oqO-xMERc
52975,427327,2976.0,https://youtu.be/hsFtWsRn99U
53000,463854,1562.0,https://youtu.be/cH-9OTWwjxM
53022,87578,11205.0,https://youtu.be/kSYEu47WbJY
53024,762111,36676.0,https://youtu.be/IY3cx3U0gYE
53121,413267,810.0,https://youtu.be/InR865IDDjU
53123,907657,5723.0,https://youtu.be/iBYTsu3L6r4
53125,449088,285.0,https://youtu.be/HKSZtp_OGHY
53127,470705,12526.0,https://youtu.be/POeCsA4Vb2M
53129,780571,3432.0,https://youtu.be/hXfbVIFc6t4
53138,455596,14208.0,https://youtu.be/ansvc2Muxr0
53140,412915,14207.0,https://youtu.be/eYUHJ978EU8
53143,444628,24200.0,https://youtu.be/QDi-a-MYp3Q
53161,497137,5488.0,https://youtu.be/mVIV9K5Gnew
53280,455362,10063.0,https://youtu.be/c7Aer6QJee4
53318,460740,12225.0,
53322,496806,298.0,https://youtu.be/sbzwtsMiVQY
53326,465203,10832.0,https://youtu.be/yFTbcDRkG1o
53355,177242,2241.0,
53435,498353,1691.0,
53447,842929,1990.0,https://youtu.be/8-pKxaN34K0
53450,79453,170261.0,
53453,79946,22049.0,https://youtu.be/Adhky7H8YXY
53460,423294,9408.0,https://youtu.be/7mPdQRXFiPA
53464,486576,1979.0,https://youtu.be/Wiu5eZ_7vSY
53466,479500,14043.0,https://youtu.be/Y9UEn5ojXkM
53468,457572,10288.0,
53519,1028528,1991.0,https://youtu.be/7mICGcg5-pM
53550,462504,9952.0,https://youtu.be/oByaEHTGBUM
53574,473709,17320.0,https://youtu.be/D5n-i4RmPiU
53578,449851,21427.0,https://youtu.be/x_4KXH-AUGY
53808,490822,11211.0,https://youtu.be/go3ELJdpkx4
53883,430484,49870.0,
53894,386032,2359.0,https://youtu.be/8BJyyyRYbSk
53921,829459,1988.0,https://youtu.be/G7EDc354h1k
53953,450385,3021.0,https://youtu.be/lmB3FUVQ_28
53956,795368,2196.0,https://youtu.be/W0xtS83sKGg
53972,337978,1571.0,https://youtu.be/86ss__OIscQ
53974,762114,2959.0,https://youtu.be/HmyfIOp30aI
53993,413099,2698.0,https://youtu.be/R1QArbkQsVw
53996,418279,1858.0,https://youtu.be/ahYjx0rQvqQ
54001,373889,675.0,https://youtu.be/47PHbQTmw5g
54004,762107,3563.0,https://youtu.be/ryrFuOLpoOM
54116,432289,16083.0,https://youtu.be/Sh4SX4PCVrs
54121,42286,37292.0,https://youtu.be/qdYOfdwB_iM
54185,832903,24582.0,https://youtu.be/ie5SJ39LsDg
54190,445922,4688.0,https://youtu.be/OYa3K2kKfUM
54256,787475,10074.0,https://youtu.be/DhdrA9qz79o
54259,486655,2270.0,https://youtu.be/VfYBKDyF-Dk
54272,462538,35.0,https://youtu.be/XPG0MqIcby8
54274,897361,5857.0,https://youtu.be/KSZ98kUVQFo
54276,481141,3638.0,https://youtu.be/qm68An_PzAs
54281,423977,8669.0,https://youtu.be/b_DVwLq0wn0
54286,440963,2503.0,https://youtu.be/ohkW_xbPl9A
54354,478116,54546.0,
54372,362225,10795.0,https://youtu.be/4AqH7AAYWHs
54503,829482,8363.0,https://youtu.be/LvKvus3vCEY
54617,412535,17350.0,
54648,293564,5174.0,https://youtu.be/Wwow2VOxGZQ
54686,462396,9703.0,https://youtu.be/p-01n4dptzg
54732,424823,9750.0,https://youtu.be/UAZUiH5wJhI
54734,815244,10760.0,https://youtu.be/N-Hua-wJzVc
54736,431197,4349.0,https://youtu.be/T7xGu-SnWUk
54745,477078,13068.0,https://youtu.be/yjRSX-s_GIs
54768,462244,14144.0,https://youtu.be/fNibbOj7mOk
54771,427392,4858.0,https://youtu.be/QsFHAg9Ij-0
54780,489237,12435.0,https://youtu.be/Fwb8euJ-Evk
54785,373883,2082.0,https://youtu.be/iOPDeXTbHzg
54787,804461,11835.0,https://youtu.be/NZuJuuZabx8
54796,841044,1845.0,https://youtu.be/BePjI5H-tjM
54881,923752,13958.0,https://youtu.be/L5XvArGGIzk
54908,804540,2335.0,https://youtu.be/i9KDTzVN2jM
54910,437857,10961.0,https://youtu.be/7RiJDEZywlw
54934,784972,10071.0,https://youtu.be/LuCV3ZGPkZM
54962,810988,12994.0,https://youtu.be/4_xd_UemIo0
54995,1077258,1992.0,https://youtu.be/j1cjXKdox0M
54997,381849,5176.0,https://youtu.be/Kv6apbWxb5M
54999,465602,4141.0,https://youtu.be/jlx4n_ibNZE
55020,811106,13173.0,https://youtu.be/m6pnqyDTUL0
55036,116441,14786.0,
55052,783233,4347.0,https://youtu.be/WZAttjca0b8
55061,800022,13529.0,https://youtu.be/dERo02LTokc
55067,454931,523.0,https://youtu.be/brRQf48QRQg
55069,1032846,2009.0,https://youtu.be/UjS7v4AEYco
55071,912593,12901.0,https://youtu.be/vINM0CAysc8
55080,476964,4413.0,https://youtu.be/ypveUYwYEA8
55094,478134,6973.0,
55110,465436,4629.0,https://youtu.be/6c00yTRIksM
55112,469184,15361.0,https://youtu.be/7fFS6u5Om3s
55116,455782,5353.0,https://youtu.be/mrGwQvqj2iE
55118,765443,2252.0,https://youtu.be/ifilHp3_dWQ
55156,492499,30365.0,
55167,831888,13754.0,https://youtu.be/PfQjc2hs34Y
55190,452643,6641.0,https://youtu.be/9qmiH4ROTtA
55205,480269,8414.0,https://youtu.be/vCHUibmnZi4
55207,409799,244797.0,
55232,432021,7737.0,https://youtu.be/eDMjVARsCOk
55241,419984,13257.0,https://youtu.be/B7TTA63VFA4
55245,452625,10030.0,https://youtu.be/AG6kMQuTyX0
55247,758758,5915.0,https://youtu.be/g7ArZ7VD-QQ
55250,492956,13680.0,https://youtu.be/xo3XEQxbaEk
55253,808357,4588.0,https://youtu.be/CizN-DvGhrc
55259,484562,2274.0,https://youtu.be/fDCwHOPLUr4
55261,408839,9038.0,https://youtu.be/ON1-SohDqDg
55267,480242,7211.0,https://youtu.be/5t2lxao1MvM
55269,838221,4538.0,https://youtu.be/aO1bYukdvLI
55272,498399,2001.0,https://youtu.be/vCXVToxZNB4
55274,414055,4517.0,https://youtu.be/0wNboYbgYjo
55276,465538,4566.0,https://youtu.be/OKDiHrQABwI
55278,857265,4520.0,https://youtu.be/x1uminNbJbQ
55280,805564,6615.0,https://youtu.be/XNcs9DrKYRU
55282,389722,4513.0,https://youtu.be/8ClVrVK_y0E
55290,452623,4771.0,https://youtu.be/itPTyd3DkEw
55292,790804,10759.0,https://youtu.be/SPquANwCfJg
55294,758798,14251.0,
55363,443680,4512.0,https://youtu.be/SrGmmitc62Q
55391,360323,13197.0,https://youtu.be/5Ursbql-Nu8
55442,808417,2011.0,https://youtu.be/NZ22VyjJ6n8
55444,421082,5708.0,https://youtu.be/XCbOrTbBr6Y
55451,866437,5951.0,https://youtu.be/N15xTA50Rns
55492,454864,15667.0,https://youtu.be/mY_BXNvbr8E
55553,779982,3603.0,https://youtu.be/yHLDaupMK_c
55555,880502,2014.0,https://youtu.be/JxjCqy6hVRk
55577,890870,663.0,https://youtu.be/OxwdZMMymqY
55620,912583,15651.0,https://youtu.be/HpJAucyX7RE
55687,912592,14279.0,https://youtu.be/K5YH9zwleFM
55721,861739,7347.0,https://youtu.be/WNrC-vLpTGI
55729,388182,5718.0,https://youtu.be/vJmZWm2rpEg
55765,765429,4982.0,https://youtu.be/BV_nssS6Zkg
55768,389790,5559.0,https://youtu.be/z3PtI-ljZAU
55805,292963,7972.0,https://youtu.be/kiE8t8xbCog
55814,401383,2013.0,https://youtu.be/TGPhtOMOCcg
55820,477348,6977.0,https://youtu.be/A0oNrgumrlE
55830,799934,4953.0,https://youtu.be/Dko0wesoCRc
55844,496328,10520.0,
55854,39402,37368.0,
55872,426931,5123.0,https://youtu.be/wH7bq_RjJqg
55908,756683,13363.0,https://youtu.be/w01A_70hifM
55946,891527,4515.0,https://youtu.be/VvooOSNWrDE
55995,442933,2310.0,https://youtu.be/DaShOr5AeKA
56003,405336,4723.0,https://youtu.be/Sbovtczv99U
56012,910873,16768.0,https://youtu.be/8S9667S9_a0
56022,113264,24732.0,
56060,284363,12555.0,https://youtu.be/DcaT75mNwvo
56145,884328,5876.0,https://youtu.be/LhCKXJNGzN8
56152,461770,4523.0,https://youtu.be/rwTNJgffMco
56156,465494,1620.0,https://youtu.be/7A0DuqGfXqw
56169,211933,13483.0,https://youtu.be/RzR2J7_QBHg
56171,385752,2268.0,https://youtu.be/x7u-Ve9kBeQ
56174,480249,6479.0,https://youtu.be/4uDU6SUpr8k
56176,952640,6477.0,https://youtu.be/sc-C8uumMkw
56251,471711,7249.0,https://youtu.be/gEzbMNlxG_8
56274,757361,13998.0,https://youtu.be/jzFo1V6UbSs
56286,368794,3902.0,https://youtu.be/abVh39ZmUag
56333,775529,8272.0,https://youtu.be/Z7sd0bBNkOU
56336,804555,13186.0,https://youtu.be/VanCRj8eI9o
56339,464141,6537.0,https://youtu.be/ChRHpVPx0VQ
56367,467406,7326.0,https://youtu.be/miy1fE-8Z0U
56379,762117,33003.0,https://youtu.be/Hb1MGccPtUs
56389,765120,1989.0,https://youtu.be/zFWEWwE-hjc
56563,847817,13348.0,https://youtu.be/wkoX0pEwSCw
56587,825232,7350.0,https://youtu.be/f-eyQswdc-c
56607,419887,7979.0,https://youtu.be/sLtavGjAOJY
56620,810823,12171.0,
56715,477139,13198.0,https://youtu.be/H1xRtrKq1kc
56757,408236,13885.0,https://youtu.be/sPlP0o5iDF0
56775,465234,6637.0,https://youtu.be/hJ9tLLLFJu0
56782,469494,7345.0,https://youtu.be/0FIm5ATyAY0
56788,472062,6538.0,https://youtu.be/eUWXQLIgk8A
56801,758730,440.0,https://youtu.be/XbTWLrZLYmU
56805,841046,6575.0,https://youtu.be/-Mv9PMbpkZw
56837,450972,19103.0,https://youtu.be/4JLw0kXO2N4
56869,489458,40860.0,
56908,490579,14118.0,
56915,760329,54318.0,https://youtu.be/iuvPpCMgA9U
56921,991178,69315.0,https://youtu.be/eIJmeBOSIyE
56941,431308,6023.0,https://youtu.be/KYLQwQUgZ-I
56949,988595,6557.0,https://youtu.be/gB2bILnrypc
57147,795493,4787.0,https://youtu.be/tJ6nOkkuJtI
57183,986264,7508.0,https://youtu.be/tn_2Ie_jtX8
57243,1032856,5259.0,https://youtu.be/QWYlLb0jm8U
57274,1038988,8329.0,https://youtu.be/oPvHTzqY2fM
57326,460780,2312.0,https://youtu.be/OpCgaYWYkgs
57368,1060277,7191.0,https://youtu.be/wxqSIsxMlYQ
57421,422401,11908.0,https://youtu.be/3C33S_cqiJ8
57499,99753,41845.0,
57502,385586,25078.0,https://youtu.be/wRu-jX4tASQ
57504,808506,14069.0,https://youtu.be/0M-aGZF-TGA
57522,486578,14423.0,https://youtu.be/mhrNZYA4Cyc
57526,880578,8090.0,https://youtu.be/oIqnESZW0qc
57528,462499,7555.0,https://youtu.be/tI-kGoxpySM
57532,1073498,7278.0,https://youtu.be/RY-zJtYYolo
57536,489282,14220.0,https://youtu.be/ZKyowLXH8sk
57637,780607,13059.0,https://youtu.be/Uy6Akrt4ePQ
57640,411477,11253.0,https://youtu.be/Yjivaeh5YOk
57669,780536,8321.0,https://youtu.be/1G6W5CTaULw
57772,70904,53094.0,
57843,901507,13054.0,https://youtu.be/SF81Myp0-Ng
57910,780622,13121.0,https://youtu.be/NV3_O50BJK0
57951,770752,8676.0,https://youtu.be/LNckeLY3Kkw
58025,489099,8247.0,https://youtu.be/hY5vDXOW4Nk
58047,832266,8390.0,
58078,485851,13641.0,
58103,443274,7461.0,https://youtu.be/vDp-08uNH0Y
58105,416236,8204.0,https://youtu.be/_yTZ8E3vbsE
58107,1023481,8328.0,https://youtu.be/bL2wDI-O5YQ
58154,467200,12184.0,https://youtu.be/2YoiWr-yvws
58156,839980,13260.0,https://youtu.be/-gv-sxP-4Os
58162,425413,7942.0,https://youtu.be/OnJkCPpIngs
58191,854678,13362.0,
58287,463027,21373.0,https://youtu.be/YFct6L1xDEs
58291,997047,13493.0,https://youtu.be/GMsD0Y3vUsQ
58293,443649,7840.0,https://youtu.be/GMO8PC94egI
58295,200465,8848.0,https://youtu.be/tdiWAhlVOBY
58297,483607,13460.0,https://youtu.be/fJDVi0BMabU
58299,451079,12222.0,
58301,808279,8461.0,https://youtu.be/_bq_oqer-oQ
58303,813547,7862.0,
58306,416044,12246.0,https://youtu.be/Hr_PNoCZXg4
58309,912599,16666.0,
58315,811138,12177.0,https://youtu.be/0KUA1d8-6eg
58332,848557,13025.0,https://youtu.be/c_8kL7L7arE
58347,472160,7985.0,https://youtu.be/2k-oNOYRxnk
58351,870090,7343.0,https://youtu.be/fTX9BuWTxv8
58376,1166827,13016.0,https://youtu.be/P3RQB-jQulE
58404,902272,14011.0,https://youtu.be/HGoU6KOA9ZI
58425,1094594,14793.0,https://youtu.be/EuftN2ViiN4
58492,453548,14054.0,https://youtu.be/R1MH_8F0A24
58554,988108,28205.0,https://youtu.be/nw5Dcqsy5Ic
58559,468569,155.0,https://youtu.be/_PZpmTj1Q8Q
58627,1023111,8456.0,https://youtu.be/2tc-RPjZRm8
58655,817538,8457.0,https://youtu.be/j3-_AgJnTyo
58783,481797,7797.0,https://youtu.be/EXtD1vdxfa4
58803,478087,8065.0,https://youtu.be/0DpvqzPdXoc
58806,858479,12890.0,https://youtu.be/be0bBWnUrnY
58826,827521,24411.0,https://youtu.be/Xc0Fvt6XvkM
58839,379865,4942.0,
58842,881200,14044.0,https://youtu.be/H3_DBNwZon4
58870,388556,36223.0,https://youtu.be/JSIHn9pddho
58876,489281,8988.0,https://youtu.be/Mv2-oQj1R-8
58879,893382,7944.0,https://youtu.be/V2dGuxTsuxY
58964,856288,13312.0,https://youtu.be/0-Aqb1lFNtQ
58972,410377,10488.0,https://youtu.be/NfXn2pE_ExE
58975,963794,11152.0,https://youtu.be/cyglpQU5sJ0
58998,800039,9870.0,https://youtu.be/K4xD8ZMdJms
59014,426592,11918.0,https://youtu.be/9QDtDtj0WcM
59016,421073,1266.0,https://youtu.be/jdHjrd4P9Rs
59018,857191,12473.0,https://youtu.be/KY0FEt3mBog
59022,481536,13335.0,https://youtu.be/HCsrvuxF9AM
59026,875113,8827.0,https://youtu.be/sF4EL5G7qhQ
59037,811080,7459.0,https://youtu.be/M_RpBi3W1Eo
59103,865556,1729.0,https://youtu.be/6t8_jG56mEo
59118,1045670,10503.0,https://youtu.be/y230r-imiHM
59126,815241,13007.0,https://youtu.be/XdkyLrDpaUg
59129,892899,9017.0,https://youtu.be/fEI-v5pdivA
59131,845955,25119.0,https://youtu.be/aaQbVOOId5c
59141,845046,13258.0,https://youtu.be/hMsRJE9UM3M
59143,1111833,14236.0,
59220,425326,7861.0,https://youtu.be/LImhTTFu4b8
59258,871426,8780.0,https://youtu.be/stc7RUABPaU
59295,1091617,13359.0,https://youtu.be/7M0DJz5sH-g
59306,926129,8617.0,https://youtu.be/ayvHRgYNvzU
59315,371746,1726.0,https://youtu.be/KAE5ymVLmZg
59333,866439,10761.0,https://youtu.be/XFQN3biQ4x8
59336,1012804,12400.0,https://youtu.be/uRRTjflCJew
59369,936501,8681.0,https://youtu.be/ZxKDnpiJaVc
59387,460791,14784.0,https://youtu.be/VZtQH_cwTOw
59421,1033643,9029.0,https://youtu.be/EsO3PfQiXy8
59429,974959,8277.0,https://youtu.be/Sp-R7u6XJPs
59440,482463,12586.0,https://youtu.be/mJ9AkTrbxgk
59501,499448,2454.0,https://youtu.be/icnmPD3QitY
59549,942384,17483.0,https://youtu.be/zbL9lyk2kqY
59604,830558,15356.0,https://youtu.be/biRvF7UwW4Q
59615,367882,217.0,https://youtu.be/kTJy1rFBtVw
59667,435706,12808.0,https://youtu.be/YHE_jTzfGnk
59725,1000774,4564.0,https://youtu.be/8lofhd7Ubnk
59727,482606,10665.0,https://youtu.be/jKGiF5m-FNY
59731,1151309,13636.0,https://youtu.be/3KzGfuFFSxA
59738,490076,9022.0,https://youtu.be/y9lA94P7shQ
59784,441773,9502.0,https://youtu.be/NRc-ze7Wrxw
59810,1000771,14050.0,https://youtu.be/RKAec6tLJwo
59814,812243,14019.0,https://youtu.be/bkttiSWZlhA
59900,960144,10661.0,https://youtu.be/ucmnTmYpGhI
59915,758786,13848.0,https://youtu.be/Z14NEY-pSfE
59947,89847,45408.0,https://youtu.be/3f_vTpJKpU4
59985,460745,12912.0,https://youtu.be/wZ3g8Gx3RxY
59995,1078188,14748.0,https://youtu.be/oTL_iIxQ9Hc
60030,491162,18467.0,https://youtu.be/riL5PAtYNIk
60037,949731,8645.0,https://youtu.be/TIQ21m1Ks08
60040,800080,1724.0,https://youtu.be/dz6eBeW19Lg
60046,889588,13405.0,https://youtu.be/NydpkXCB0o4
60069,910970,10681.0,https://youtu.be/Tbr_L9Gap_M
60072,493464,8909.0,https://youtu.be/b9YEdjEKme0
60074,448157,8960.0,https://youtu.be/vexi9xLS-bQ
60126,425061,11665.0,https://youtu.be/-fYuByCXniA
60128,913445,13019.0,https://youtu.be/2WnKLHpgaJ4
60141,964587,10748.0,https://youtu.be/sFAwSum6zfY
60161,1054485,12889.0,https://youtu.be/xGwC7U6Sf3o
60289,846308,8359.0,https://youtu.be/F_tl7YF2tFc
60291,479468,13003.0,https://youtu.be/EOHCjGhy6vY
60293,1082886,13990.0,https://youtu.be/3VwN-KCpM6w
60303,492784,10842.0,https://youtu.be/728UDCNk964
60333,1093824,12172.0,https://youtu.be/w8QIA2o2T6k
60363,960890,13009.0,https://youtu.be/ekh3hsLpuSI
60365,64349,13675.0,
60389,870211,14111.0,https://youtu.be/H_Q4D4s3HSQ
60397,795421,11631.0,https://youtu.be/8RBNHdG35WY
60408,1064932,8265.0,https://youtu.be/SLRTtHByPn4
60471,479528,13022.0,https://youtu.be/BFx00dpfApQ
60487,60550,13353.0,https://youtu.be/MLhMSdtQPoc
60514,373051,88751.0,https://youtu.be/a6gUG2VKbig
60516,765476,11260.0,https://youtu.be/8GCeBhbo_W0
60522,1050160,13964.0,https://youtu.be/esEtMdkrwqQ
60538,492486,14456.0,https://youtu.be/qDhRhmrC80g
60647,800241,6687.0,https://youtu.be/386HCnvhQ2A
60674,929629,12914.0,https://youtu.be/C4gNXCnHFsg
60684,409459,13183.0,https://youtu.be/89xoXmHgG00
60735,952682,12247.0,https://youtu.be/TASAUcoUznA
60737,472205,22100.0,https://youtu.be/CGFvnfb_sQE
60753,1117385,13012.0,https://youtu.be/zq5uhFXNQhg
60756,838283,12133.0,https://youtu.be/CewglxElBK0
60760,443701,8836.0,https://youtu.be/_9KV4ESQ8HU
60766,1155592,14048.0,https://youtu.be/EIawNRm9NWM
60803,63230,18846.0,
60818,765458,11910.0,https://youtu.be/cSOUIuGcY74
60832,964539,12192.0,https://youtu.be/u8fzn1tCxWI
60857,801526,16725.0,https://youtu.be/v0jEN2_REy4
60885,1039652,15865.0,https://youtu.be/rcvdaF_sOdI
60894,819714,14061.0,https://youtu.be/8fNabjyaKUo
60904,96126,43680.0,
60937,859163,1735.0,https://youtu.be/ol-U0ibnVD4
60941,805570,10185.0,https://youtu.be/wtUiRfMy_uI
60943,978759,10183.0,https://youtu.be/Ql3ae21LV8U
60950,497465,5038.0,https://youtu.be/4Ur7BmMYiIs
60979,1117563,13851.0,https://youtu.be/0beX8b4zX5E
61011,783608,13251.0,https://youtu.be/daQ7iYY80H4
61024,910936,10189.0,https://youtu.be/wBSg5HOpXgs
61026,425637,12289.0,https://youtu.be/pd0bqLQrtdE
61071,1018785,10188.0,https://youtu.be/6gWcI4MkR3A
61073,411475,13300.0,https://youtu.be/6Cz8JZPHKYs
61123,810900,13649.0,https://youtu.be/8UiHFHF-Nqk
61132,942385,7446.0,https://youtu.be/VsEdmjAudSI
61160,1185834,12180.0,https://youtu.be/hh3P3DoZZh4
61167,1029120,13107.0,https://youtu.be/Mf97fnD3ed0
61210,490181,13256.0,https://youtu.be/AJZDiM-Kb8U
61236,1185616,8885.0,https://youtu.be/XbXdwBNkCmk
61240,1139797,13310.0,https://youtu.be/o2LywKbT5oM
61246,1104733,12621.0,https://youtu.be/EOKhaew8ZWc
61248,452608,10483.0,https://youtu.be/C8bxcJZrus0
61250,852713,12620.0,https://youtu.be/cBGZbm8ipPc
61255,1031969,10186.0,https://youtu.be/QFpOSZIegeg
61257,963807,15320.0,
61262,790686,13515.0,https://youtu.be/O92QxxgeCO8
61289,906665,13637.0,https://youtu.be/5BjjQQKIbjU
61319,1172206,14298.0,https://youtu.be/S-CmRhFa6pQ
61323,887883,4944.0,https://youtu.be/jksnxStXol0
61348,1213644,13805.0,https://youtu.be/tihG_2BSUqg
61350,364970,9381.0,https://youtu.be/_wW9pYbRkjk
61352,988047,13291.0,https://youtu.be/Qq5i8y09ea0
61394,392878,14771.0,https://youtu.be/SNjzV_nNDvg
61401,831887,8285.0,https://youtu.be/1CPyav6hQlI
61406,472027,118309.0,
61465,814022,13184.0,https://youtu.be/e_b2QVAVRpc
61628,401808,38019.0,https://youtu.be/sLBAXCAszPc
61692,457275,14458.0,https://youtu.be/a-Ib1F-NT6c
61697,1034331,13389.0,https://youtu.be/1kRShW-XMRs
61705,947802,13279.0,https://youtu.be/fB3CuSrCwzg
61729,995039,12797.0,https://youtu.be/hWbCr7-oS9I
61818,353324,16456.0,
61986,800308,12690.0,
62008,1282036,37776.0,https://youtu.be/po_MeXvBYZ0
62081,1059786,13027.0,https://youtu.be/olRdPXwiSjk
62113,455538,13092.0,https://youtu.be/A37JEYMwgRU
62155,981227,12182.0,https://youtu.be/0yYcfsYZaWU
62208,47682,46492.0,
62250,929425,8882.0,https://youtu.be/MN7-tepnIfY
62293,864761,12783.0,https://youtu.be/FFg-oduezDs
62299,913951,12683.0,https://youtu.be/uKPBJVn30Ew
62336,279077,225130.0,
62344,1084950,14976.0,https://youtu.be/1wDDgSwEo1s
62374,758774,12113.0,https://youtu.be/1ejuhWeqaZA
62376,970411,13600.0,https://youtu.be/U4qNrdYmsj0
62383,6333,30266.0,
62394,467197,13051.0,https://youtu.be/GklHaGfncJI
62434,1007028,10358.0,https://youtu.be/u2Y3cCOkz8o
62437,1175491,10523.0,https://youtu.be/ZdJd5y3mHEU
62439,1046163,13596.0,https://youtu.be/PsIt1K1C2c4
62511,383028,4960.0,https://youtu.be/i2q8F0yRmrs
62553,416212,12837.0,https://youtu.be/WY9RvcbzTCw
62586,1190617,13948.0,https://youtu.be/IgSEIE5qPA8
62644,1063669,7735.0,https://youtu.be/JbTkdqYivuw
62662,90182,76406.0,https://youtu.be/LyD5ePbdIdM
62718,963743,12689.0,https://youtu.be/mEVQt3dg1_w
62792,482572,13150.0,https://youtu.be/626pWrVEAN8
62799,469903,14325.0,https://youtu.be/-gdiHS__LyQ
62834,280453,16068.0,
62836,871427,15289.0,
62849,1032755,13809.0,https://youtu.be/TdpR8VuvbCM
62956,1054486,13253.0,https://youtu.be/0aHJmM2uvBY
62970,910812,114796.0,
62999,479952,10527.0,https://youtu.be/hLVjIhPYq7s
63033,861689,8338.0,
63062,824747,3580.0,https://youtu.be/IF5hwg4FNEU
63072,898367,20766.0,https://youtu.be/bO8EqMsxOiU
63082,1010048,12405.0,https://youtu.be/AIzbwV7on6Q
63113,830515,10764.0,https://youtu.be/BBqYaFEWBxI
63131,430922,15373.0,https://youtu.be/wtFESEqa9fA
63179,976060,8938.0,https://youtu.be/jSfYTHhDEDU
63222,1130988,13672.0,https://youtu.be/_T_Whr4tQOs
63239,128996,42884.0,https://youtu.be/py03Zy3dEwc
63276,1016290,14943.0,https://youtu.be/TOQleOskvmI
63312,772181,4627.0,https://youtu.be/eyQfRmnAJv8
63393,1055366,13655.0,https://youtu.be/UpmE5h_6Jb0
63433,387736,13905.0,
63436,1132626,11917.0,https://youtu.be/J9TpHotLQk8
63479,1135985,13523.0,https://youtu.be/2xOUCZH14Is
63515,851577,22358.0,https://youtu.be/jTpSSQdVegc
63540,1014775,14405.0,https://youtu.be/sXvSEVO1Heo
63768,59320,88435.0,https://youtu.be/43PX4rYyTrQ
63808,1068646,8841.0,https://youtu.be/lq5qNzm3w-U
63826,1031280,13220.0,https://youtu.be/LYfvKLhG4Iw
63853,455824,6972.0,https://youtu.be/4XED0wWC_jc
63859,397892,13053.0,https://youtu.be/T_yzxWNEOu8
63876,1013753,10139.0,https://youtu.be/0rMzrruIIm8
63992,1099212,8966.0,https://youtu.be/uxjNDE2fMjI
64010,1172571,16342.0,https://youtu.be/GAgCHQCF9Jo
64030,1129442,13387.0,https://youtu.be/aNO-fmVu4RI
64032,369436,12193.0,https://youtu.be/6veo6Js7HUE
64034,914798,14574.0,https://youtu.be/uwysOfnX2Qg
64114,1129423,14438.0,https://youtu.be/pOafIB3KqkM
64116,465502,14248.0,https://youtu.be/PhPQR0pYWUc
64167,233044,12224.0,
64197,986233,10360.0,https://youtu.be/K9IiUbBV4zc
64231,450314,13056.0,https://youtu.be/liABMxEvPAc
64249,897387,13394.0,https://youtu.be/AJKvTHemJCA
64278,828154,34283.0,https://youtu.be/mL5McgLd-xw
64285,1118511,14447.0,
64497,970416,10200.0,https://youtu.be/7eCVD3WTEtU
64499,892255,8881.0,https://youtu.be/fqTw2dtVQzw
64501,374569,8880.0,https://youtu.be/O7JIkJDxbzU
64575,918927,14359.0,https://youtu.be/f8S0ANEp4vc
64614,1205489,13223.0,https://youtu.be/F8zue_BzNsw
64620,870111,11499.0,https://youtu.be/O9S1RKNgdLw
64622,976051,8055.0,https://youtu.be/JA1J2WmFGUw
64695,1121794,13980.0,https://youtu.be/ECRj6TKwPBg
64716,814314,11321.0,https://youtu.be/hvu2F6t26hs
64839,1125849,12163.0,https://youtu.be/qjhGZhRJ3j0
64957,421715,4922.0,https://youtu.be/lqijVXvw7_E
64969,1068680,10201.0,https://youtu.be/fifBy4N3-_k
64983,985699,2253.0,https://youtu.be/DlRCilnho1w
64993,983213,38142.0,https://youtu.be/iPsu_sk-e7Q
64997,449040,34812.0,https://youtu.be/XAYBjvdXlmk
65037,953318,6936.0,https://youtu.be/nAiufwSyMPs
65088,960731,10202.0,https://youtu.be/e-6N1NZrQAQ
65126,1024715,13973.0,https://youtu.be/yMZ3Mi1vT-w
65130,959337,4148.0,https://youtu.be/J_l8p1cjJ5o
65133,212579,194113.0,
65135,94754,51247.0,
65188,1152758,15584.0,https://youtu.be/l7ughuxTn_Q
65193,1024255,13971.0,https://youtu.be/BgIMeJXiPho
65216,1034303,13813.0,https://youtu.be/7APcuF5nNfQ
65225,1332128,13180.0,
65230,822832,14306.0,https://youtu.be/KR5UBtAxseo
65261,876563,12429.0,https://youtu.be/h6XP82TyFWw
65350,27664,113916.0,
65359,407384,9795.0,
65514,1220719,14756.0,https://youtu.be/3IUR6P5VwGo
65577,420238,10199.0,https://youtu.be/I7b-Vfz0ga4
65585,901476,10521.0,https://youtu.be/KBDE4uznmIw
65588,447166,26235.0,https://youtu.be/DvH4PskPZ4M
65596,1259014,13635.0,https://youtu.be/n0O-P4bSWfM
65601,1179891,14435.0,https://youtu.be/afxUFef1fNY
65631,850253,13177.0,https://youtu.be/pQyaZ8wlNCM
65642,480669,14139.0,https://youtu.be/3XuWoe9NSic
65651,1135493,16999.0,https://youtu.be/TSIsIiH5KW4
65682,834001,12437.0,https://youtu.be/7HCWQjIHJic
65685,494238,2309.0,https://youtu.be/EsV2Z_il_L4
65738,105251,18543.0,https://youtu.be/w7Uvrt9eS04
65740,110982,21029.0,
65802,1114740,14560.0,https://youtu.be/Ib4VZ1uvP6U
65810,472198,14410.0,https://youtu.be/kDDv6pAbN_U
65882,815245,14254.0,https://youtu.be/SMAgwJrBeJM
65982,462465,10529.0,https://youtu.be/bwUB35s_hP8
66090,1020530,13510.0,https://youtu.be/kVr-gJnY6AI
66097,327597,14836.0,https://youtu.be/T6iQnnHNF50
66171,465580,13455.0,https://youtu.be/Pl3KNqCEtQ4
66198,963178,4959.0,https://youtu.be/HzVktMEvUts
66203,1001508,10184.0,https://youtu.be/2c3rxHgfRTo
66240,1079444,14849.0,https://youtu.be/UwFq5DVpKeI
66297,1054487,15060.0,https://youtu.be/-NeQ6aGWX74
66310,814685,13492.0,https://youtu.be/GmmpJSiqU3Y
66320,492931,4832.0,https://youtu.be/7IBG2V98IBY
66335,1265998,14711.0,https://youtu.be/GDLv1x2bi4I
66371,1069238,16804.0,https://youtu.be/RXTP_wRSHQw
66427,489235,1961.0,https://youtu.be/pfROegSomiw
66509,1201167,20829.0,https://youtu.be/kzciY15Q3BA
66511,1213019,30508.0,https://youtu.be/drdf8OeBUUM
66544,208629,18884.0,
66665,1176740,19255.0,https://youtu.be/Hp_ZwQH2nfI
66744,1023490,8832.0,https://youtu.be/cw-qm-liCPA
66783,758746,13207.0,https://youtu.be/J-gx4AHReGs
66785,901487,15067.0,https://youtu.be/HSBKqPbZz0Y
66798,838232,15159.0,https://youtu.be/rXoA6HRjDro
66915,102802,20421.0,https://youtu.be/w7axM3VHFqs
66934,1227926,14301.0,
66943,465430,13849.0,https://youtu.be/q1DIFtBcozI
67087,1155056,16538.0,https://youtu.be/um5DuTLzw-I
67168,926063,13094.0,https://youtu.be/vF1BJGl4nMc
67186,492044,18781.0,https://youtu.be/MRJA3lN0xCQ
67193,1135487,16558.0,https://youtu.be/c_CNK9g9Kj0
67197,448011,13811.0,https://youtu.be/A2oDiEVXuDo
67255,1132620,15472.0,https://youtu.be/rIrjgFphVIc
67267,862846,13090.0,https://youtu.be/syGGh1rbFCI
67295,1287845,15854.0,https://youtu.be/0l9VXZRAEuI
67361,1124039,16325.0,https://youtu.be/UVEusP3F_V0
67408,892782,15512.0,https://youtu.be/KrGiuIY-gDc
67508,765432,6968.0,https://youtu.be/6IVKAAsqcrI
67534,490086,13161.0,https://youtu.be/kCdtAFar0XM
67618,494277,13808.0,
67665,1157605,18094.0,https://youtu.be/t92nKWryKXw
67695,1197628,16991.0,https://youtu.be/I5-9mwLF-KM
67734,1091722,16614.0,https://youtu.be/4F--nHysJkw
67788,1093908,20048.0,
67799,1234541,16258.0,https://youtu.be/4aamMJ_8qZ4
67888,26676,55773.0,
67923,1013752,13804.0,https://youtu.be/ne5E7hOQqn0
67997,1226774,19833.0,https://youtu.be/NSTdPxndUzE
68073,1131729,18947.0,https://youtu.be/hRh1-cyWfGQ
68135,974661,16996.0,https://youtu.be/2wn6pAIRjjY
68157,361748,16869.0,https://youtu.be/uSEDz-my7XQ
68159,473705,16995.0,https://youtu.be/s1Sp1QvyQQI
68194,1226271,21641.0,https://youtu.be/RVnHpLho18c
68205,1121931,15092.0,https://youtu.be/t2koYVqwzT4
68237,1182345,17431.0,https://youtu.be/xV5udqNpP94
68269,962736,18320.0,
68319,458525,2080.0,https://youtu.be/8TQ-gD4UCmI
68347,1127715,21191.0,https://youtu.be/HFlTivEUlTw
68358,796366,13475.0,https://youtu.be/iGAHnZ555nI
68444,460810,16279.0,https://youtu.be/yuza5zUJRhk
68480,79718,11160.0,https://youtu.be/yjwEvzssehs
68486,1326972,15384.0,https://youtu.be/pd0bqLQrtdE
68522,393597,10946.0,https://youtu.be/DlF2zaiVyLM
68536,278736,30416.0,
68552,924129,15577.0,https://youtu.be/J3vAjpip1Ns
68554,808151,13448.0,https://youtu.be/zzjv-GUEDfg
68597,70653,42738.0,https://youtu.be/59aPiY2buLI
68600,787470,14141.0,https://youtu.be/IKy_bvHa1wU
68650,1032819,17740.0,https://youtu.be/x5Dfuhm-zwY
68659,489049,13532.0,https://youtu.be/OdoJujK7hSs
68791,438488,534.0,https://youtu.be/dayIedrLq_U
68793,1078912,18360.0,https://youtu.be/lPLY8O1y0qA
68835,476991,19375.0,https://youtu.be/fNoTwdruADE
68848,844286,21755.0,https://youtu.be/BFwQSk6WWgQ
68872,38823,8429.0,https://youtu.be/JM_KpDmdF98
68886,478724,19955.0,https://youtu.be/pLaqnK4UVIg
68932,821642,17332.0,https://youtu.be/z1YHoyCxdVQ
68945,169880,21832.0,https://youtu.be/7Q5-lhCpDIA
68952,1127180,16871.0,https://youtu.be/PPOaxHqoYxo
68954,1049413,14160.0,https://youtu.be/Ajcdb4FAL7A
68959,485323,14003.0,https://youtu.be/M_4nfoT93Rs
69069,1083456,17927.0,https://youtu.be/8VZ7bKZ4FWE
69118,910905,13975.0,https://youtu.be/I5NPIpRRhPU
69122,1119646,18785.0,https://youtu.be/tlize92ffnY
69131,443559,16164.0,https://youtu.be/jxiUMyqyWPw
69134,870984,17609.0,https://youtu.be/BO_wu_M2xjc
69140,479760,37924.0,https://youtu.be/6XLcRvf-slw
69211,415679,27134.0,https://youtu.be/Vr3uDod2Kd4
69224,119620,64968.0,
69227,106827,34300.0,
69251,479162,13856.0,
69275,1278340,14451.0,https://youtu.be/2qUo2tS6t7U
69278,457400,18162.0,
69304,780567,19724.0,https://youtu.be/70U393tWjrw
69306,1111422,18487.0,https://youtu.be/N8TtjRlX_3E
69394,1277737,33409.0,https://youtu.be/IWQ9phw1C9w
69406,1041829,18240.0,https://youtu.be/jHraHCjK094
69436,1045778,17610.0,https://youtu.be/4H_Eepvg3aU
69453,73260,27085.0,https://youtu.be/wxNhutT6gPQ
69469,1389762,19508.0,https://youtu.be/sPet3b0xG2k
69481,887912,12162.0,https://youtu.be/4mgWq9wZs2o
69495,910847,16240.0,https://youtu.be/KDO6ImFasS0
69516,1135092,8284.0,https://youtu.be/XPFRaCnkVzE
69524,772251,62128.0,
69526,1055369,8373.0,https://youtu.be/fnXzKwUgDhg
69529,1014762,62320.0,https://youtu.be/RoLYZf-1E8o
69604,1178663,19265.0,https://youtu.be/8NgdravJjjc
69606,821640,12556.0,https://youtu.be/wHLufMUep0o
69640,1152836,11322.0,https://youtu.be/pv0DMzFwEW4
69644,1080016,8355.0,https://youtu.be/byUCa2vjDik
69654,1131748,176241.0,
69685,285627,24232.0,
69712,1078588,10024.0,https://youtu.be/KGEDVTiI6E4
69720,475298,15423.0,https://youtu.be/uh7GKsVWpKw
69746,1295071,16440.0,https://youtu.be/ts9SKwNV3Cs
69757,1022603,19913.0,https://youtu.be/oBxR8cEt2xM
69784,889583,18480.0,https://youtu.be/pxyJ_ZQVhTI
69805,1146438,14728.0,
69844,417741,767.0,https://youtu.be/tAiy66Xrsz4
69849,75572,67479.0,
69860,901481,14687.0,https://youtu.be/F3YuFQ1ZQA8
69904,470055,9592.0,https://youtu.be/CahcqFwnRfM
69951,1054606,8054.0,https://youtu.be/Iqe85ffv9-w
69953,1278293,19929.0,
69988,1334537,23720.0,https://youtu.be/_1sQedSS5iQ
70015,1194238,22302.0,https://youtu.be/o_H17moBp2o
70159,1148204,21208.0,https://youtu.be/m5BSLNAKIZs
70183,1142988,20943.0,https://youtu.be/DvsZtGxsvV0
70206,844479,21407.0,https://youtu.be/EE1sL7QWL5c
70208,971209,12403.0,https://youtu.be/izudtkH3rkU
70286,1136608,17654.0,https://youtu.be/_BjWEn5yvmw
70293,1135503,24803.0,https://youtu.be/ozRK7VXQl-k
70301,1198138,17335.0,https://youtu.be/bXk6H17Ecjw
70305,1075417,13836.0,https://youtu.be/SX2PWpcJlrY
70334,1114677,18126.0,https://youtu.be/KwOcs1E97_w
70336,1046173,14869.0,https://youtu.be/aFtzNHTB4C0
70361,1160368,17134.0,https://youtu.be/2NvznP_gp_A
70451,1029235,13752.0,https://youtu.be/WbK4WTQFf9U
70492,28510,40743.0,https://youtu.be/yfFFZ3HCI1E
70521,1117666,19422.0,
70533,923811,15137.0,https://youtu.be/rof6qBz84vE
70545,848281,11115.0,https://youtu.be/zKkmfiGxY5w
70565,1092633,19905.0,https://youtu.be/319rv1jhR_Y
70599,452694,24420.0,https://youtu.be/3_8WZxHScMk
70637,830570,31216.0,https://youtu.be/KIetcsELZvo
70641,1151922,19556.0,https://youtu.be/wk1_kDJhyBk
70663,1032815,19840.0,https://youtu.be/-2iBfm1x7vU
70687,1331064,25183.0,https://youtu.be/ewisKyyuF78
70697,436339,19585.0,https://youtu.be/7GaEZ2e9Ijs
70703,103962,41682.0,https://youtu.be/fr1_TMVrYv4
70708,964185,11928.0,https://youtu.be/XJ_XTIsMKig
70728,1172570,18533.0,https://youtu.be/paa9knyJKrs
70862,1229360,22492.0,https://youtu.be/ZmBB10fII9Y
70932,865559,23049.0,https://youtu.be/AkRMBRxC_Gk
70946,105643,26914.0,https://youtu.be/9KCct4RwLNM
70984,1127896,26320.0,https://youtu.be/rDDeqPuIME0
70990,116607,35203.0,https://youtu.be/ed6O609Kz_E
70994,1311067,24150.0,https://youtu.be/66Xrr9KRSE0
71033,1305806,25376.0,https://youtu.be/ZhEuUDO0YUQ
71057,472033,12244.0,https://youtu.be/_qApXdc1WPY
71106,910554,22494.0,https://youtu.be/WBV340x3GcA
71108,1149362,37903.0,https://youtu.be/9JOXs8KEiDY
71129,1384590,17445.0,https://youtu.be/B_v_-A26xK8
71131,1000764,63581.0,
71135,1188729,19898.0,https://youtu.be/9q42L4XNVhQ
71147,48394,72083.0,
71156,1234548,10313.0,https://youtu.be/wyNcf4tNLb4
71160,1323925,17632.0,
71205,1131734,19994.0,https://youtu.be/C8azftM5puI
71211,1130080,11323.0,https://youtu.be/21uA1eWi59s
71248,1225822,12569.0,https://youtu.be/mgIJjka3PK8
71252,1144884,19912.0,https://youtu.be/x-MR-onocy0
71254,1034032,18501.0,https://youtu.be/P2g94xQmtHw
71264,844471,22794.0,https://youtu.be/BPH0ct2oXBg
71268,1385912,26367.0,https://youtu.be/nkUvBCW-tS4
71282,1286537,18570.0,https://youtu.be/IJDGUxqEdYY
71302,51380,18724.0,https://youtu.be/RYRWvMaFJjE
71304,762073,22536.0,https://youtu.be/j9XMJJ5DZso
71327,810784,29963.0,https://youtu.be/K2FkxivSuVg
71341,450336,30685.0,https://youtu.be/bllPxoe-7to
71379,1179904,23827.0,https://youtu.be/aXp6eO0ZrKM
71429,1262981,20178.0,https://youtu.be/VBzZvAzAMvY
71438,1087578,25050.0,https://youtu.be/9gPbHqmjhNU
71453,41842,91262.0,
71462,1313104,23128.0,https://youtu.be/FBWd-1vUNHI
71464,1019452,12573.0,https://youtu.be/mDKHWRbK2_Q
71466,1174730,28053.0,https://youtu.be/nkilMXjv0YE
71468,1071804,24869.0,https://youtu.be/ZBGeErufQdY
71484,985058,36800.0,https://youtu.be/vLPD_9uFmVI
71494,419724,23127.0,https://youtu.be/PKvitNahpTk
71500,862856,23202.0,https://youtu.be/CzfRvyJ1wjc
71518,1172233,22798.0,https://youtu.be/RQGPdXnb2Gg
71520,1058017,23082.0,https://youtu.be/vn71hYvyqCA
71530,986263,19959.0,https://youtu.be/TPS4cQDP-3Q
71535,1156398,19908.0,https://youtu.be/8m9EVP8X7N8
71550,1018818,18176.0,https://youtu.be/PySOYoQELfI
71579,1174732,24684.0,https://youtu.be/DUeYKwxTCGQ
71619,1035736,11156.0,https://youtu.be/isEnyrd2Moc
71640,1333634,26763.0,https://youtu.be/V08EBWQLzyU
71668,1078940,19899.0,https://youtu.be/X4j_NTFos9c
71732,902290,21910.0,https://youtu.be/sIQ-xcI1zKQ
71745,386117,16523.0,https://youtu.be/G6DD3K86X8k
71810,126388,3513.0,https://youtu.be/_SG7kiDdjMg
71823,808399,12572.0,https://youtu.be/VJVtzGhuDf8
71838,1197624,22803.0,https://youtu.be/LX6kVRsdXW4
71867,1075110,33806.0,https://youtu.be/U-pkqjmzVPo
71899,978762,24238.0,https://youtu.be/kGATShQbydk
71902,1186370,19918.0,https://youtu.be/rUPR7rxVKQk
71910,471041,24056.0,https://youtu.be/ZQzH98dSSk0
71970,37193,30506.0,https://youtu.be/6_MGMSzEMM4
71999,14646,2973.0,https://youtu.be/OY3PJrrK9zU
72011,1193138,22947.0,https://youtu.be/En0DYdjMVoY
72104,96880,44338.0,
72129,1233227,22804.0,https://youtu.be/MW8BaH-w7-4
72142,1128075,28422.0,https://youtu.be/5Fxa5NuVrqU
72165,450405,24418.0,https://youtu.be/93FNs4lDgeI
72167,1300851,22821.0,https://youtu.be/lSsvg_fcdd4
72171,1190536,24804.0,https://youtu.be/96Y24a0cyCE
72178,475783,14968.0,https://youtu.be/gama8x1E0r4
72224,1161418,22820.0,https://youtu.be/qdpFpfIBkXc
72226,432283,10315.0,https://youtu.be/VuIaCvIFWIA
72294,1067106,17979.0,https://youtu.be/i6-RJDJjkEg
72308,1286130,105077.0,https://youtu.be/ZmDtqSyvcc8
72330,1134629,4475.0,https://youtu.be/JU_FTUQ1iLI
72356,1425244,24480.0,https://youtu.be/gaCfY57LIkA
72378,1190080,14161.0,https://youtu.be/ce0N3TEcFw0
72395,929632,25793.0,https://youtu.be/urFY3jp759c
72405,1095217,11699.0,https://youtu.be/R0zPHEAphTM
72407,1259571,18239.0,https://youtu.be/q58iQSHhZGg
72424,298296,17774.0,https://youtu.be/pAdJsfL8jGE
72479,790712,28089.0,https://youtu.be/WJHKBCcI-D4
72489,1186367,22832.0,https://youtu.be/H6tg0YwLJQQ
72554,1242422,33273.0,https://youtu.be/Et37NAjAG7s
72591,120786,6058.0,https://youtu.be/2bA86VQAGYw
72601,1543920,34003.0,https://youtu.be/YixMJJzOCoA
72603,1526300,25472.0,https://youtu.be/SvjEHkYm4cY
72605,765010,7445.0,https://youtu.be/BvIj2H1ne0k
72624,878674,18595.0,https://youtu.be/A61PWlWh_ds
72641,878804,22881.0,https://youtu.be/KA56LqFszYI
72692,238414,15400.0,https://youtu.be/yKOeF8v67OI
72694,1247692,22640.0,https://youtu.be/heBOLodYfUI
72696,976238,22949.0,
72701,762125,16866.0,https://youtu.be/zaBAOVslv08
72714,358456,30238.0,https://youtu.be/Hm7Babs_FJU
72720,1315981,34653.0,https://youtu.be/KTQT6hGp96g
72731,380510,7980.0,https://youtu.be/QydPyttFzhs
72733,1057500,22954.0,https://youtu.be/kKLDqC0rLIY
72737,780521,10198.0,https://youtu.be/uQBy6jqbmlU
72874,119872,27719.0,
72919,1314228,24438.0,https://youtu.be/i4E05P-Hwt4
72921,7361,174598.0,
72982,1461312,61872.0,
72998,499549,19995.0,https://youtu.be/jm2sNLIPPvA
73015,1230414,22897.0,https://youtu.be/FtbsGSzTOyI
73017,988045,10528.0,https://youtu.be/zBQfbc1t_I8
73023,1263670,25196.0,https://youtu.be/Y0349E7kFEM
73042,1231580,23398.0,https://youtu.be/3DiQY9nSpX4
73106,1407050,26123.0,https://youtu.be/SWYLgOrrsno
73160,96142,27390.0,https://youtu.be/-VHcdmh6JwA
73211,1226681,23963.0,https://youtu.be/H4EoVxwJecM
73266,403702,22327.0,https://youtu.be/_6vVncYxUTI
73268,433362,19901.0,https://youtu.be/7ORxxsdc764
73290,1028532,28178.0,https://youtu.be/Y6U7mAnPtw4
73319,1216492,25195.0,https://youtu.be/wUwju8fo9tQ
73321,1037705,20504.0,https://youtu.be/yAQcwKY0Dik
73323,1343097,33613.0,https://youtu.be/vVGbPFdU96A
73344,1235166,21575.0,https://youtu.be/l69ARbQt-Ko
73386,976246,25927.0,https://youtu.be/pfevfBvR0Ys
73431,1107860,24271.0,https://youtu.be/UOWUwTlnxhM
73488,806027,1450.0,https://youtu.be/Z0-k5PmGryE
73499,110419,81895.0,
73501,49607,148435.0,
73515,472050,20107.0,https://youtu.be/FJyNcgNlsV8
73569,92501,21521.0,https://youtu.be/9MT6HKZpiQY
73676,485976,25676.0,https://youtu.be/BjHdKRhQCRo
73681,1320082,25205.0,https://youtu.be/3aait4aOxP0
73741,1182921,25602.0,https://youtu.be/3Io-Hfflq8k
73804,463872,2395.0,https://youtu.be/I4IwYe5N1o0
73808,1190539,13855.0,https://youtu.be/akiHkFxV24w
73822,82727,57978.0,https://youtu.be/Llcgzs1jNOM
73854,58536,13382.0,https://youtu.be/W6IAY9bSP7s
73858,918511,13358.0,https://youtu.be/AQKkYL2pbHY
73876,443676,15255.0,https://youtu.be/skwVUuVSjHg
73881,1187043,20453.0,https://youtu.be/K0eDlFX9GMc
73929,1038686,22894.0,https://youtu.be/P6p01-in6-k
74075,1185266,23988.0,https://youtu.be/srbmLtGc6vQ
74089,54176,51120.0,
74095,98692,21453.0,https://youtu.be/3wOqciTZRik
74154,1185416,13477.0,https://youtu.be/NuTkHDVGWug
74226,105438,94706.0,https://youtu.be/N172cmoSsGc
74228,1187064,26466.0,https://youtu.be/RFLvVYetuTE
74275,1045772,8952.0,https://youtu.be/01dljIcgiMw
74282,92571,40724.0,https://youtu.be/hK64_7dEO-w
74324,1278469,33602.0,https://youtu.be/cpkN0JdXRpM
74342,56903,33728.0,https://youtu.be/-KnXdeKyzIE
74370,1172994,25983.0,https://youtu.be/z9vJF61_NLU
74450,817230,32856.0,https://youtu.be/fXyHuuYtR00
74452,780653,7978.0,https://youtu.be/NS3nTkvvHi8
74458,1130884,11324.0,https://youtu.be/qdPw9x9h5CY
74508,844330,13949.0,
74510,1216487,24253.0,https://youtu.be/oSsodK7KFXQ
74530,814255,32657.0,https://youtu.be/R86InkfdboA
74532,1385867,23742.0,https://youtu.be/NAH8qgVY9jE
74545,1139328,11439.0,https://youtu.be/WrvkY6rAgHU
74553,485601,26963.0,https://youtu.be/tMPhHTtKZ8Q
74580,1273678,23172.0,
74624,1186830,26428.0,https://youtu.be/RbuEhwselE0
74647,1220220,22805.0,https://youtu.be/3t1wAAO9x6U
74668,1247640,15357.0,https://youtu.be/jDDFNpj9xBQ
74677,1352852,18489.0,
74683,282744,19962.0,
74685,455407,29427.0,https://youtu.be/TfeK0aN9w24
74688,989757,22971.0,https://youtu.be/r0fq5dd0C60
74696,1512201,45576.0,https://youtu.be/cKAVPfI_8MU
74698,808510,23023.0,https://youtu.be/JqnjK79fGSw
74727,68519,20871.0,
74750,1245112,10664.0,https://youtu.be/XPNY-94UfG4
74754,368226,17473.0,https://youtu.be/KRAUPqK9Y7I
74789,1014759,12155.0,https://youtu.be/9POCgSRVvf0
74791,1433540,40623.0,https://youtu.be/w3uG8LLuVPQ
74795,947810,22972.0,https://youtu.be/e3KJ21TLKVE
74851,1179034,26389.0,https://youtu.be/-jAbatBqqSc
74868,1235124,23488.0,https://youtu.be/YVbdd8oOwOY
74916,1234654,27583.0,https://youtu.be/cwdliqOGTLw
74946,815236,34016.0,https://youtu.be/oWJJGXvL7PM
74948,1289406,25941.0,https://youtu.be/zA_fB1SbtHQ
75341,1403981,23169.0,https://youtu.be/iFFas72-dTY
75389,445939,15846.0,https://youtu.be/HaaMPMrg8oY
75395,1323045,44363.0,https://youtu.be/5cZPZ7dwvZk
75416,116401,26623.0,
75446,1104083,31299.0,https://youtu.be/eOwjfPJEwxc
75803,1305583,34563.0,https://youtu.be/wKfmsOfYNh8
75805,1038919,27573.0,https://youtu.be/t1EcJJ6XzBc
75813,1151359,12834.0,https://youtu.be/rGRiuTbpjLw
75816,1247704,31723.0,https://youtu.be/fjdBwE44RT4
75947,57318,32688.0,https://youtu.be/3XBg6BgOSgs
75985,1053424,31867.0,https://youtu.be/jl9Nvg4yuus
76030,795351,28355.0,https://youtu.be/oTXOxLI0kVQ
76054,765128,36970.0,https://youtu.be/VmLSHC6N1Pk
76060,1135525,34423.0,https://youtu.be/4-RjVZ5E3Vg
76077,1231587,23048.0,https://youtu.be/CZoViO13tq8
76091,1216496,30018.0,https://youtu.be/0oBwQHWeYxo
76093,892769,10191.0,https://youtu.be/KZtbJ_I9IFM
76143,1181927,21467.0,
76173,1149361,27936.0,https://youtu.be/fEph0QOxMZM
76175,800320,18823.0,https://youtu.be/TfyunOnMGqM
76251,1250777,23483.0,https://youtu.be/RdBiTjy7AEI
76293,1279935,35056.0,https://youtu.be/aspBKFz2dBI
76301,401398,13417.0,https://youtu.be/-n-aCYNr__Y
76738,1583323,52903.0,https://youtu.be/j9SipMwaK68
76743,314121,8980.0,
76751,1033467,25572.0,
76763,1017451,27586.0,https://youtu.be/39qrViRxCqw
77177,884762,141714.0,
77191,1321509,34803.0,https://youtu.be/LkbR3nQqcrk
77201,862467,37861.0,https://youtu.be/Es-CEAWXcfw
77206,1196141,33217.0,https://youtu.be/It4DJi918z4
77233,1039647,36443.0,https://youtu.be/3HLzmH9VB6A
77266,445953,12411.0,https://youtu.be/gpYlgpusS14
77364,480255,34813.0,https://youtu.be/OmFTjvdrfyY
77414,1294226,35690.0,https://youtu.be/7v88MYrr9hE
77421,1336617,39053.0,https://youtu.be/lMw0kLmuHOE
77427,1467304,37169.0,https://youtu.be/glfBurdSUS8
77455,1587707,39452.0,https://youtu.be/oHJBdDSTbLw
77561,1228705,10138.0,https://youtu.be/5fUQkLdJ2kE
77667,1470023,37931.0,https://youtu.be/PKYrghKwu2E
77688,90206,4180.0,https://youtu.be/ohBNZZKmtnw
77709,1056437,15877.0,https://youtu.be/oddimR3JNcg
77795,381940,34069.0,https://youtu.be/ROxGAncAi2U
77798,1179056,23437.0,https://youtu.be/aNWZVIYGapI
77800,1341167,37495.0,https://youtu.be/o_yOtVBR0CM
77841,1210106,37565.0,https://youtu.be/-EwEFLnlxvM
77846,118528,12219.0,https://youtu.be/s07eOhWSqQc
77866,955308,20662.0,https://youtu.be/gnT3DRvQXXM
77881,307076,21245.0,https://youtu.be/DeFPWDgDzBc
77893,1368116,34626.0,https://youtu.be/2-DFFNUE1-U
77931,1355599,37511.0,https://youtu.be/k4uwrghMdSo
78034,1196204,36801.0,https://youtu.be/XYDeHIszUqA
78039,1120985,46705.0,https://youtu.be/aw0NChcdQfQ
78041,1103153,37821.0,https://youtu.be/NXX51rOSHuE
78088,1462758,26388.0,https://youtu.be/d8KBYAvYpO4
78103,472562,30527.0,https://youtu.be/mikwRioy0eE
78105,473075,9543.0,https://youtu.be/m--uWEyMbrY
78116,878835,40247.0,https://youtu.be/zi9WlsYCr-k
78142,1081935,25846.0,https://youtu.be/rnFhbq1n0_Y
78160,397612,198306.0,
78174,1261945,37786.0,https://youtu.be/Djz0q-GeboM
78209,1226229,32823.0,https://youtu.be/N6ixkr0-qvo
78218,914863,38199.0,https://youtu.be/F_7b3kzWzg8
78264,1212436,34806.0,https://youtu.be/cut4IW0oz1w
78266,1017460,37707.0,https://youtu.be/NL3Glfcx4_I
78316,892318,37056.0,https://youtu.be/165tXUPESnk
78349,1258197,29917.0,https://youtu.be/hbivC9ztGOE
78467,1075747,20533.0,https://youtu.be/3Ppqbnhp7PI
78469,429493,34544.0,https://youtu.be/exyzEFrmLuM
78499,435761,10193.0,https://youtu.be/2BlMNH1QTeE
78544,993779,198308.0,
78574,1399683,39013.0,https://youtu.be/bE_X2pDRXyY
78620,63557,32068.0,https://youtu.be/P8u7zNIsNWo
78626,269743,21531.0,https://youtu.be/SUAs8CE4oEY
78637,892791,10192.0,https://youtu.be/WV8bbMxPBdc
78703,1179794,39545.0,https://youtu.be/pxS_FWBOW0M
78746,1144539,40819.0,https://youtu.be/kcRyNY13Nnc
78772,1325004,24021.0,https://youtu.be/hZxJzhIPTTg
78836,1191111,34647.0,https://youtu.be/j8SKVcDc4po
78893,938283,10196.0,https://youtu.be/WdoiHMCVqMQ
78959,1217616,15102.0,https://youtu.be/RY8DdS38P44
79006,416716,76180.0,https://youtu.be/XJG5xzhNnCc
79008,1308667,16023.0,https://youtu.be/U7y0v_Fjv2w
79057,1424381,34851.0,https://youtu.be/1Er_EeF2Ozc
79073,1333667,37659.0,https://youtu.be/hMMo3EmIfJw
79091,1323594,20352.0,https://youtu.be/zzCZ1W_CUoI
79132,1375666,27205.0,https://youtu.be/JE9z-gy4De4
79134,1375670,38365.0,https://youtu.be/Nk1ERmswxsY
79139,963966,27022.0,https://youtu.be/NDPPUJqFgks
79185,1013743,37834.0,https://youtu.be/VDoNfrBlY3o
79224,1155076,38575.0,https://youtu.be/XY8amUImEu0
79242,842926,39781.0,https://youtu.be/RixlpHKfb6M
79251,1273235,73861.0,https://youtu.be/RcHq2W1dXRU
79259,1248971,40850.0,https://youtu.be/zBZ8mTtoI9I
79274,1569923,40662.0,https://youtu.be/EcFghlzjEak
79293,944835,27576.0,https://youtu.be/LbkQTB-OJsk
79299,874957,,
79333,60161,39768.0,
79357,485947,31011.0,https://youtu.be/mpi0qsp3v_w
79428,427152,38778.0,https://youtu.be/CVY_IRA8NTw
79501,352465,36274.0,https://youtu.be/Li2Xnrp8wdI
79536,1227536,25335.0,
79553,1386932,37472.0,https://youtu.be/4ynwOQX1A7k
79572,493949,38843.0,https://youtu.be/VP5FW5KA6Go
79590,1205535,24122.0,https://youtu.be/uGyLFdzhw-c
79592,1386588,27581.0,https://youtu.be/D6WOoUG1eNo
79677,1522863,53190.0,https://youtu.be/dKTpGn3BM64
79684,437405,39414.0,https://youtu.be/iumOefBwx00
79695,1320253,27578.0,https://youtu.be/G_OQpXk8vAQ
79702,446029,22538.0,https://youtu.be/j66qP9Larlg
79798,1424797,26280.0,https://youtu.be/ES1EuUHqcvI
79868,1220214,38150.0,https://youtu.be/uDE5L6xXNDY
79879,464154,43593.0,https://youtu.be/AImr8U_7CX4
79895,1179025,35552.0,https://youtu.be/a6djPGS3RCA
79897,1194263,44718.0,https://youtu.be/C25TG5kLJGw
79946,1285309,41479.0,https://youtu.be/n2Y3GoN2PGw
80083,142235,28609.0,https://youtu.be/B4VX95mjiT4
80094,1320244,38358.0,https://youtu.be/dOxQ7DmBQRg
80124,284492,49943.0,
80126,1440728,27579.0,https://youtu.be/ChQB0vpCQWw
80139,1117523,14158.0,https://youtu.be/D2HmdYiWMeA
80162,1183276,37905.0,https://youtu.be/aPjnHm3ZGUs
80166,889573,41210.0,https://youtu.be/EEYqgyXyk9A
80219,985694,23631.0,https://youtu.be/7fGKttdOWQE
80241,1322312,38073.0,https://youtu.be/1PHW-pyURHo
80363,1220634,35791.0,https://youtu.be/SRRN6MvCdeg
80454,1428453,60678.0,
80463,1285016,37799.0,https://youtu.be/rBCNU0XT9GY
80478,62043,85692.0,https://youtu.be/xZQywgSjg84
80489,840361,23168.0,https://youtu.be/uAjECYnrYks
80549,1282140,37735.0,https://youtu.be/KNbPnqyvItk
80551,879870,38167.0,https://youtu.be/mjay5vgIwt4
80553,1049402,38568.0,https://youtu.be/C4h4ZY8whbg
80572,1356864,43939.0,https://youtu.be/7B9g1Qg43cI
80584,1067733,15179.0,
80586,817177,43949.0,https://youtu.be/shN4dt583Y0
80590,1027718,33909.0,https://youtu.be/q7j8leLG8fc
80615,1219342,41216.0,https://youtu.be/I_vJ0jS3i3o
80693,804497,43923.0,https://youtu.be/0dSk92CbuFE
80727,1251757,38842.0,https://youtu.be/m3gcb_9Q10E
80748,23753,25694.0,https://youtu.be/-iaZZx-ldvU
80831,1228987,41402.0,https://youtu.be/a7pl481di_4
80834,1727587,45745.0,https://youtu.be/HOfdboHvshg
80839,1028576,39486.0,
80846,1314655,44040.0,https://youtu.be/wYy7igKD21A
80858,1414382,38303.0,
80860,1055292,38408.0,https://youtu.be/ZNSeUYw95NY
80862,1584016,42296.0,https://youtu.be/BuE98oeL-e0
80864,1182350,38031.0,https://youtu.be/QO6atZvg4y0
80880,1423995,44113.0,https://youtu.be/evhh3NE3fyw
80906,1645089,44639.0,https://youtu.be/FzrBurlJUNk
80917,1470827,43933.0,https://youtu.be/X-z-fsKf_cU
80969,1334260,42188.0,https://youtu.be/sXiRZhDEo8A
81018,775489,41201.0,https://youtu.be/Gf7TJ3z6Jus
81087,886539,16344.0,https://youtu.be/XphAPuNppQA
81132,1612774,45649.0,https://youtu.be/6s2uiPubmoA
81156,1116184,16290.0,https://youtu.be/fKwjU_pSSW4
81158,1559549,39312.0,https://youtu.be/-DjqR6OucBc
81191,1566648,39440.0,https://youtu.be/h9FLXNiGtQs
81229,1245526,39514.0,https://youtu.be/JlFkRY9xLmc
81257,1340107,44716.0,
81383,1465487,41211.0,https://youtu.be/1WCVzEAa38c
81417,1536044,41436.0,https://youtu.be/ftD6rIAR-Hw
81456,1600524,51241.0,https://youtu.be/YknK1G-g-qc
81512,1212419,44603.0,https://youtu.be/toJPUHh3EKI
81520,1156466,38234.0,https://youtu.be/qq-yqajCo6k
81535,1477076,41439.0,https://youtu.be/A1PxwwdEXao
81537,1231583,41733.0,https://youtu.be/hEtu68oxBfc
81562,1542344,44115.0,https://youtu.be/OlhLOWTnVoQ
81564,1001526,38055.0,https://youtu.be/6CJUQr4Vs40
81591,947798,44214.0,https://youtu.be/2Pxc_5f27Kg
81681,41497,41058.0,
81782,477080,44048.0,https://youtu.be/l__gGyq21U8
81784,1126618,38357.0,https://youtu.be/s9lWUqraDoU
81786,1020773,48303.0,https://youtu.be/7sTf6PRFylU
81788,1458175,43539.0,https://youtu.be/lCOpDla3lVo
81791,1421051,39210.0,https://youtu.be/iEga7Hz9a3U
81819,1164999,45958.0,https://youtu.be/ygyeEOcKGWM
81831,1467273,36940.0,https://youtu.be/PFJpbtWLHww
81834,926084,12444.0,https://youtu.be/Su1LOpjvdZ4
81845,1504320,45269.0,https://youtu.be/HXMqX9s67kY
81847,398286,38757.0,https://youtu.be/gsYKF8ecC8g
81910,1326733,41999.0,
81932,964517,45317.0,https://youtu.be/LRIZ4mCi5Ps
81949,1403988,41556.0,https://youtu.be/0bQakUseu4g
82041,1316536,46420.0,https://youtu.be/1jkPj0Nso30
82053,1194417,45324.0,https://youtu.be/wUQVZ6MlZ64
82088,1611211,47979.0,https://youtu.be/KE_yskjXBOA
82093,1213648,48838.0,https://youtu.be/Hsm9jQcq0Ms
82095,1564585,42684.0,https://youtu.be/mnoW5-DmIUM
82152,1152398,38117.0,https://youtu.be/2jtZmQ_GM8Y
82167,758752,43347.0,https://youtu.be/h6w7Dh-QxzY
82169,980970,10140.0,https://youtu.be/LuGUVkO0cRM
82202,1243957,37710.0,https://youtu.be/HgNiFN_gttA
82242,1401143,48395.0,https://youtu.be/tuvq7XF35lQ
82366,1270835,43919.0,https://youtu.be/-p7Asu0zaR4
82378,1175709,46503.0,https://youtu.be/Ca6hW4J7Jeo
82459,1403865,44264.0,https://youtu.be/Q5fEgKj9QNs
82461,1104001,20526.0,https://youtu.be/m9CTGwEZiPk
82499,1341188,42888.0,https://youtu.be/bS7CmZdhwmQ
82527,1423894,46829.0,https://youtu.be/OtNlrEBrp8Y
82534,1172991,44129.0,https://youtu.be/xa5qg7cB1ZQ
82641,61597,54178.0,https://youtu.be/jd8GXguZJfQ
82667,1588170,49797.0,https://youtu.be/uXIx5cxrvDs
82684,1488163,46788.0,https://youtu.be/aIcP9LE4m9c
82744,1433108,41283.0,https://youtu.be/SbJ3Itb4vsI
82765,1319718,35138.0,https://youtu.be/OuqpelCg6kA
82767,935075,27585.0,https://youtu.be/2vXjg_UApr4
82848,11541,23282.0,
82852,970866,39451.0,https://youtu.be/KfmGjA1OJ5A
82854,1320261,38745.0,
82857,1517252,50071.0,https://youtu.be/AV9iah71iPQ
83086,1126591,42297.0,https://youtu.be/_KqN85L-Vzk
83132,1568921,51739.0,https://youtu.be/ncXbAhTzIYc
83134,1465522,46838.0,https://youtu.be/NdNpFoWrBDQ
83177,1302067,41515.0,https://youtu.be/9iyYTz0Bh0Y
83270,1371155,46138.0,https://youtu.be/OD-MuEKbOAM
83349,990407,40805.0,https://youtu.be/PMA-taGtfXs
83369,1023114,49009.0,https://youtu.be/mMRJonfmQY0
83374,1032751,46528.0,https://youtu.be/Kq64CHaV8yA
83480,479997,23047.0,https://youtu.be/yjCg3WCzKaU
83601,1426352,43950.0,https://youtu.be/FYcS09xisRE
83613,409847,49849.0,https://youtu.be/0JlTboo4cPM
83796,1217637,14556.0,https://youtu.be/RBZVsLoSsDU
83803,1620446,40619.0,https://youtu.be/k3XqALiIQHI
83827,1391092,52013.0,https://youtu.be/vNKPEp6aEqQ
83910,1578275,44564.0,https://youtu.be/0WK6cYefv2I
83969,32410,43810.0,
83976,1740047,63578.0,https://youtu.be/K9bPJmy68Rs
84152,1219289,51876.0,https://youtu.be/4TLppsfzQH8
84156,1683876,89704.0,https://youtu.be/cijkIXXiSW4
84187,860906,22843.0,https://youtu.be/CUCOMe2qx0k
84189,1242432,43947.0,
84240,1422032,53596.0,https://youtu.be/lfjROoB2O-A
84246,39502,52844.0,
84273,1781069,54293.0,https://youtu.be/QYLLFpNn4lM
84374,1411238,41630.0,https://youtu.be/X7bRikS7C3o
84392,1189340,50348.0,https://youtu.be/IFwE3UgCMIk
84414,1699114,56590.0,https://youtu.be/K9x2pGc_y9o
84512,21910,120843.0,
84523,63186,39029.0,
84553,50832,148432.0,
84601,1401152,48138.0,https://youtu.be/vSXUgkCjdBM
84615,1477837,52067.0,https://youtu.be/d7LkZwnfwfc
84637,377981,45772.0,https://youtu.be/tgO03BFtvSc
84696,1320239,50204.0,https://youtu.be/TH65zyrzmfI
84716,1499666,18438.0,https://youtu.be/061ZyqHhdCo
84772,1092026,39513.0,https://youtu.be/16Jfld1-kOI
84799,69738,37618.0,https://youtu.be/rpMOBrntEBs
84844,238883,20993.0,https://youtu.be/PeWGNfQhfPY
84847,1366312,183894.0,
84942,1502404,47327.0,https://youtu.be/jouaan70m4c
84944,1192628,44896.0,https://youtu.be/wIKG4s_uSRg
84950,810922,50725.0,https://youtu.be/ZN6FP9BzD6I
84952,1590089,54186.0,https://youtu.be/F73eXXiMwB4
84954,1385826,38050.0,https://youtu.be/fSeWHl1PaKs
85020,472399,27582.0,https://youtu.be/CMklQNn0OH0
85022,480687,48988.0,https://youtu.be/nJxwye_VdS8
85025,1034389,49494.0,https://youtu.be/SItBFjaLArU
85056,1464540,46529.0,https://youtu.be/XR2QSlHpKg4
85131,1217613,44943.0,https://youtu.be/Yt7ofokzn04
85179,1474276,28874.0,https://youtu.be/HQ7q7eHzs-Q
85213,1510938,56831.0,https://youtu.be/l0MSitTAYyA
85259,61199,36540.0,
85261,1305591,50321.0,https://youtu.be/JWYVQzG0rYk
85295,1618435,47533.0,https://youtu.be/cOxeq6Z_0gQ
85316,72410,72185.0,
85334,93146,26011.0,https://youtu.be/UV7h4-2ZUqE
85342,1555149,47931.0,https://youtu.be/_gnJB10WTpE
85354,411272,15362.0,https://youtu.be/XgYzDUhoah0
85367,1564367,50546.0,https://youtu.be/fpj7i2CPt8M
85394,1664894,59490.0,https://youtu.be/wmMUlNeLApU
85397,1486185,49730.0,https://youtu.be/VR4Ccj7fdFs
85399,1464174,38322.0,https://youtu.be/0bnDBexQ-Yw
85401,1512235,45132.0,https://youtu.be/tLj_Bzw8n90
85412,1740707,46146.0,https://youtu.be/uvwEyHeRSvE
85414,945513,45612.0,https://youtu.be/fAp0dzFXL6k
85438,1229822,38684.0,https://youtu.be/8IFsdfk3mlk
85510,978764,23629.0,https://youtu.be/vJ0xYZ5mVMc
85565,1487118,58232.0,https://youtu.be/87Ocy8J0RYM
85736,1334585,13413.0,https://youtu.be/osErRS4m4S8
85774,1424432,58496.0,https://youtu.be/sfosF-ZAbR4
85780,1701991,110639.0,
85788,1591095,49018.0,https://youtu.be/62rpZcMYa0A
85796,1640459,49010.0,https://youtu.be/ssHEAOrAdCU
85881,1606392,55725.0,https://youtu.be/_TfeGeg6Erg
85885,1263750,48650.0,https://youtu.be/27gpqR5ADUs
86000,1560139,39356.0,https://youtu.be/ESD3mlgpSwM
86014,1650043,60307.0,
86028,1220888,53172.0,https://youtu.be/6OkJht5KB-I
86059,1411704,50359.0,https://youtu.be/Z7M3ofz3TvA
86066,820096,64484.0,
86068,450827,75725.0,
86142,1436045,58857.0,https://youtu.be/Xpm007vne54
86190,993842,50456.0,https://youtu.be/7ImxHJtLEDs
86237,78588,367647.0,
86279,1194612,54527.0,https://youtu.be/qoyKe-HxmFk
86286,94939,23521.0,https://youtu.be/Vb9FcQBALCw
86290,1179947,46105.0,https://youtu.be/GaUvt81gH9c
86293,1334512,49012.0,https://youtu.be/SiJvHi-dUVU
86295,1262416,41446.0,https://youtu.be/JKRtyVLWV-E
86298,1436562,46195.0,https://youtu.be/P1GRO31ve5Q
86320,1527186,62215.0,https://youtu.be/6IZGwvxhXvw
86332,800369,10195.0,https://youtu.be/uHBnrJowBZE
86345,1421373,45523.0,
86347,1190722,30969.0,
86355,480239,56780.0,https://youtu.be/6W07bFa4TzM
86377,927619,24447.0,https://youtu.be/Y8ynUspj4c8
86487,1492030,202241.0,
86504,405455,167966.0,
86548,1067583,55787.0,https://youtu.be/CFxM3M0mwHM
86593,1223236,57586.0,
86628,1416801,51209.0,https://youtu.be/my8-64UXupM
86644,1596343,51497.0,https://youtu.be/P1UVXvKnCLM
86668,1347439,241620.0,
86721,1013607,42521.0,https://youtu.be/vaDvCEL8Dyk
86781,1255953,46738.0,https://youtu.be/XJ69WnwvZhE
86815,1596346,43959.0,https://youtu.be/MWeOjBCi3c4
86817,491152,49022.0,https://youtu.be/U2p1u13R-eE
86833,1478338,55721.0,https://youtu.be/FNppLrmdyug
86835,822847,38321.0,https://youtu.be/hinWQiv2rVc
86864,55198,39410.0,https://youtu.be/83j8YlkU7J8
86880,1298650,1865.0,https://youtu.be/Ax6md6HoZ2o
86882,1605783,59436.0,https://youtu.be/FAfR8omt-CY
86892,1527788,51608.0,https://youtu.be/38rPoGSr19U
86898,478304,8967.0,https://youtu.be/RrAz1YLh8nY
86911,1411697,45243.0,https://youtu.be/ohF5ZO_zOYU
86922,1528313,52077.0,https://youtu.be/m3nHe_DOKmo
86960,1176724,21469.0,https://youtu.be/ydQV56Tj0bQ
87028,1265990,49950.0,https://youtu.be/7NX30f8b1Oo
87192,1478964,59678.0,https://youtu.be/m0ntk1o4V3k
87194,1441912,59468.0,https://youtu.be/0hy54CpKeqk
87197,1533117,51533.0,https://youtu.be/uAOz_28BJ0g
87222,1302011,49444.0,https://youtu.be/FQ63rqSRrEI
87232,1270798,49538.0,https://youtu.be/XKF6J6kgs0s
87234,1440292,49020.0,https://youtu.be/6CAntLzsQ74
87287,1307861,70862.0,https://youtu.be/AndtsMdk2fc
87298,1531663,45658.0,https://youtu.be/MZC-s2oNLT0
87304,1532503,55347.0,https://youtu.be/yA4OE09Bt60
87306,1650062,37686.0,https://youtu.be/t-0XuYxh67w
87413,115658,19963.0,
87430,1133985,44912.0,https://youtu.be/ojYMekJgqJU
87444,1340773,56272.0,
87483,1396218,58224.0,https://youtu.be/7Js0ADU4owQ
87485,1284575,52449.0,https://youtu.be/GahC5cVsU6A
87520,1399103,38356.0,https://youtu.be/XeUtb5L9iNE
87522,1583420,59861.0,https://youtu.be/x_-tWhlcQok
87529,1240982,38319.0,https://youtu.be/zcfAN5FcoVY
87660,1742683,65034.0,https://youtu.be/fXQ5VfBTNpg
87785,1135084,22907.0,https://youtu.be/0DItbZIVKhk
87834,312941,73884.0,
87867,1222817,38317.0,https://youtu.be/pNJxxRi7AeE
87869,1499658,51540.0,https://youtu.be/VpUeQV8sdOc
87876,1216475,49013.0,https://youtu.be/lg5hj2c5Nkk
87960,1253565,24792.0,
88069,1934231,67109.0,https://youtu.be/YyYq4rrvjdQ
88094,1764726,64780.0,https://youtu.be/quC36o_9ZLo
88108,1067774,59860.0,https://youtu.be/X0n3Q_VDQk8
88125,1201607,12445.0,https://youtu.be/5NYt1qirBWg
88129,780504,64690.0,https://youtu.be/inTc4Q_gEWQ
88140,458339,1771.0,https://youtu.be/W4DlMggBPvc
88163,1570728,50646.0,https://youtu.be/W7U03cW7k-Y
88179,1563738,51828.0,https://youtu.be/DVOei5MjGQY
88235,1540133,67913.0,https://youtu.be/iJxBKglv2zw
88267,1449283,51162.0,https://youtu.be/bmO-_i8AyCw
88272,1714208,65599.0,https://youtu.be/GL50yBcw5wA
88327,69518,28039.0,https://youtu.be/lzxdKcN4zu4
88345,323250,13931.0,https://youtu.be/13WMAsV3tqM
88356,472181,41513.0,https://youtu.be/vc0dljW2ZaU
88405,1632708,50544.0,https://youtu.be/MxfaGMuiniI
88448,1360822,50004.0,https://youtu.be/SbP_OKg3rFs
88515,1297919,55846.0,https://youtu.be/UrYUrkj_6BY
88593,1230385,57361.0,https://youtu.be/eZ9cUe0j9l8
88672,1637706,59968.0,https://youtu.be/1yvn8a16B9Q
88697,120240,209802.0,https://youtu.be/l8TZtviEZ-M
88699,1500491,51620.0,https://youtu.be/e9L88V0yh1U
88744,1318514,61791.0,https://youtu.be/P1yKN0llkrY
88746,1687281,51993.0,https://youtu.be/WVBbXHuD1C0
88785,1488555,49520.0,https://youtu.be/p3W7SIrMMaQ
88810,1454029,50014.0,https://youtu.be/3eajzW3XW7Q
88812,1622547,62206.0,https://youtu.be/_o8u4pIf3Hs
88911,1455151,39413.0,https://youtu.be/PyxcjirJXJg
88932,1622979,55779.0,https://youtu.be/24abND3yDq0
88954,1268799,55465.0,https://youtu.be/rILHv9oFq38
89028,1270761,46261.0,https://youtu.be/3kLU13UN7Zo
89030,1438176,58151.0,https://youtu.be/txgGhyjPZGg
89039,1549572,55420.0,https://youtu.be/EpTy1EvMqqI
89047,1403177,44835.0,https://youtu.be/jkKjafEIebw
89072,1464580,52015.0,https://youtu.be/atjH_jEr1Io
89085,1226753,48289.0,https://youtu.be/ApMEDQbV2cI
89087,1657507,62835.0,https://youtu.be/HCxPLlFWdFo
89090,1621444,55244.0,https://youtu.be/M8kINiFhplc
89118,1189073,63311.0,https://youtu.be/PavJUoZNT7g
89190,816462,37430.0,https://youtu.be/aRVD3nURewE
89208,1104006,16335.0,https://youtu.be/wzxg93Ah1wg
89281,1316037,40016.0,https://youtu.be/jE5dJDgZ644
89305,1716772,69798.0,https://youtu.be/vnJkwF7yb8c
89343,873886,48572.0,https://youtu.be/uJ1v6oFHefc
89386,1417592,72744.0,https://youtu.be/GzI8OhR0IVY
89388,1742650,70868.0,https://youtu.be/bS7CmZdhwmQ
89427,1633356,65055.0,https://youtu.be/nDmLLGTQlXY
89470,1598778,39538.0,https://youtu.be/4sYSyuuLk5g
89492,1210166,60308.0,https://youtu.be/RAG74hfW4pM
89580,1560970,55785.0,https://youtu.be/RwFij9KM-qU
89582,1632547,68341.0,https://youtu.be/ieTAZUXrBD0
89586,1825918,71689.0,https://youtu.be/ih9rPC0-1Bs
89678,844794,18093.0,https://youtu.be/84pIV2MjYLc
89745,848228,24428.0,https://youtu.be/hIR8Ar-Z4hw
89753,1340800,49517.0,https://youtu.be/VW-F1H-Nonk
89759,1832382,60243.0,https://youtu.be/58Onuy5USTc
89761,1571222,48231.0,https://youtu.be/ZhunuJRo8jA
89774,1291584,59440.0,https://youtu.be/I5kzcwcQA1Q
89804,1124035,10316.0,https://youtu.be/Uha0XfGBdMw
89837,1788391,74725.0,https://youtu.be/aqkqF--v1tg
89840,1448755,49021.0,https://youtu.be/2Q8VIPJAox8
89862,1242599,58699.0,https://youtu.be/IY3FRWcK_LI
89864,1306980,40807.0,https://youtu.be/pVObFYOU9rE
89898,459748,63375.0,https://youtu.be/ch3KGQg9klc
89904,1655442,74643.0,https://youtu.be/qjCQmpNkBI4
89939,41414,123723.0,
89945,1520494,59852.0,https://youtu.be/e1K7qTwXky4
90057,1675192,64720.0,https://youtu.be/hUraDx3oFVg
90243,58652,58878.0,https://youtu.be/i-yHW3drgs4
90245,86907,37239.0,https://youtu.be/lTzJ5qsYzpQ
90249,433035,39254.0,https://youtu.be/obYuPJH2oTE
90343,1068242,68817.0,https://youtu.be/fVyU-Hvzpt4
90345,905372,60935.0,https://youtu.be/JIdw2B6zipc
90353,1533013,59437.0,https://youtu.be/gV9CpJQyjCs
90357,1204340,76543.0,https://youtu.be/nvyqXFmV-LI
90374,1441326,50837.0,https://youtu.be/ERREgOobLOs
90376,1242460,71859.0,https://youtu.be/bV7Y5cylhNc
90384,497329,10005.0,https://youtu.be/Hq8DGAgwFJI
90403,1509767,52451.0,https://youtu.be/tNMeRJMKpdw
90405,1637688,49530.0,https://youtu.be/xhYUaR5QiUs
90428,466893,44754.0,https://youtu.be/g85NSsbzlyI
90430,1692486,72113.0,https://youtu.be/Zvg_wK6smK4
90439,1615147,50839.0,https://youtu.be/5RIU83i-WMM
90469,1778304,72571.0,https://youtu.be/raF9HO4OTcc
90471,1582248,72432.0,https://youtu.be/LVxH9UXEoMY
90522,1634122,58233.0,https://youtu.be/wCsSzZU-sQ4
90524,1600195,59965.0,https://youtu.be/CEVkp5Je7m0
90528,1440345,53487.0,https://youtu.be/qhfYPrsVpVI
90531,1723811,76025.0,https://youtu.be/Op9iQiB_ANI
90576,770703,63492.0,https://youtu.be/bgkxGrsX-A4
90600,1614989,70670.0,https://youtu.be/MBjn4tdxC00
90603,1672723,69735.0,https://youtu.be/8o8O3E9XSgo
90630,1784538,77801.0,https://youtu.be/W2UZZV3xU6Q
90647,448694,58423.0,
90717,471042,59108.0,https://youtu.be/Z4KXF7NWFRE
90719,1616195,88794.0,https://youtu.be/87UeEHrQpDc
90738,1646980,73499.0,https://youtu.be/pKRKoZIjiFk
90746,983193,17578.0,https://youtu.be/LTnCE_SaU38
90769,1510934,40658.0,https://youtu.be/VH6VqnHS_3I
90809,1847731,65229.0,https://youtu.be/czDuT1AhuT8
90863,1113829,75964.0,
90866,970179,44826.0,https://youtu.be/nZGyAx7YyYM
90888,1253864,37958.0,https://youtu.be/pE3yR8bZ1pY
90890,810913,71880.0,https://youtu.be/Aft-IW9fO5c
90943,1972663,77365.0,https://youtu.be/wSaTLiuRZ5Q
90945,685628,94174.0,
91077,1033575,65057.0,https://youtu.be/3R7OzS54hbo
91079,1758692,60420.0,https://youtu.be/yx2CVSnQwZA
91094,1204342,64328.0,https://youtu.be/Mq5LfuvRBVM
91104,1324999,50619.0,https://youtu.be/PQNLfo-SOR4
91126,1568911,57212.0,https://youtu.be/tafBTls8RuA
91128,376136,23514.0,https://youtu.be/-m0yqS3jodU
91233,945571,13060.0,https://youtu.be/PjNNcfPZaKE
91261,1239426,38336.0,
91266,1071358,15157.0,https://youtu.be/AIeKQRj6lXk
91273,1181795,30618.0,
91323,1366344,57431.0,https://youtu.be/kTmF4UnkkbA
91325,477302,64685.0,https://youtu.be/jgp8rR2fykU
91337,1124388,45708.0,https://youtu.be/rNbriNtEGSA
91353,109162,9369.0,https://youtu.be/GgFlDipuvzw
91355,371552,9642.0,https://youtu.be/nBZE7eQ4tvI
91386,1402488,65759.0,https://youtu.be/ZjJnKjkwEKw
91414,1430607,51052.0,https://youtu.be/7tk-WZSqIGQ
91470,1634136,91550.0,https://youtu.be/C7CdL8xXmxE
91483,1308729,70074.0,https://youtu.be/maXSTzmY86g
91485,1764651,76163.0,https://youtu.be/ip_CYHdyUBs
91488,84701,13396.0,https://youtu.be/HRLhxj0D59Y
91500,1392170,70160.0,https://youtu.be/qoUT7q2iTbQ
91529,1345836,49026.0,https://youtu.be/GAjBzu8ggi0
91535,1194173,49040.0,https://youtu.be/43WTCO8-C4w
91542,1515091,58574.0,https://youtu.be/amE1MxxRUFI
91571,1372686,101173.0,https://youtu.be/bsYrGIQnmxo
91622,1625346,57157.0,https://youtu.be/okfAW8OztkI
91628,1598822,62838.0,https://youtu.be/pnDzKi5j_9Q
91630,1229238,56292.0,https://youtu.be/7wkih9Yvxq0
91653,1389137,74465.0,https://youtu.be/Fopeq7wx4sw
91658,1568346,65754.0,https://youtu.be/svucpVzRBD4
91660,1093357,71469.0,https://youtu.be/IgXzLMQuQ6Y
91666,42665,16939.0,
91671,1615918,55301.0,https://youtu.be/-dOc_fqmcZo
91688,1251743,51995.0,https://youtu.be/TYiYHfciJwE
91690,1720616,80038.0,https://youtu.be/AsazQGwqTQw
91784,1682246,59006.0,https://youtu.be/tHhl8Q29Mag
91842,1524137,77866.0,https://youtu.be/Rp0b5ZXIUvE
91860,83318,269963.0,
91869,1787660,75301.0,https://youtu.be/dlNZo10pCts
91873,1710396,63574.0,https://youtu.be/FiNEwLKmSq0
91890,1007029,71688.0,https://youtu.be/IKPltuiEVJ8
91935,1541149,72842.0,https://youtu.be/Eaq03LQ-KMw
91947,1336006,79896.0,https://youtu.be/bN1ZV-aYooY
91974,1496025,52520.0,https://youtu.be/tUcrbUCWKQc
91976,1601913,75174.0,https://youtu.be/0ex3kvVa-48
91978,1568338,49527.0,https://youtu.be/sBJSfqdhyTg
91981,1726738,55741.0,https://youtu.be/tJEWZ33guH4
92008,1506999,70435.0,https://youtu.be/Og9dz4KNhJk
92046,780002,31337.0,
92048,896872,65760.0,https://youtu.be/E56OYUV7BWw
92094,995036,15044.0,
92192,1772240,50357.0,https://youtu.be/-82qd_rCzOs
92198,1214962,74998.0,https://youtu.be/bTAVMVJTrv0
92234,485985,72431.0,https://youtu.be/NVq6Xr5fcfk
92243,1410063,76758.0,https://youtu.be/cj2uhyfVNmQ
92259,1675434,77338.0,https://youtu.be/dvdJ--DV0Uo
92264,1598828,54054.0,https://youtu.be/VqaDZsHnpJA
92309,1594562,58428.0,https://youtu.be/UbY4rFaaeCg
92348,64714,58704.0,https://youtu.be/b2A718NDTUw
92391,1703199,50698.0,https://youtu.be/Qn3fDvUXFps
92420,1706593,76726.0,https://youtu.be/AQ9XG-j4kvU
92422,1596365,65086.0,https://youtu.be/Z2UZwaEUeE0
92427,1802810,80125.0,
92439,1645080,64678.0,https://youtu.be/oJZeU7PuytA
92475,1955162,192695.0,
92494,439553,13976.0,
92507,1599348,59961.0,https://youtu.be/oWzTOoOpFa8
92509,1606389,72570.0,https://youtu.be/PcL24s-S6ns
92535,2112999,80379.0,
92637,203612,54146.0,
92643,2011971,78480.0,https://youtu.be/gjNCkxnT-xE
92665,1996264,84200.0,https://youtu.be/cMZhDdNfrE0
92674,1509130,73700.0,
92681,1397514,72545.0,https://youtu.be/IVX7OidrkXQ
92694,1439572,51999.0,https://youtu.be/A18GfVdNP1U
92730,249131,64029.0,
92760,57859,37464.0,https://youtu.be/A2GeonvTlK8
92938,1071875,71676.0,https://youtu.be/ibZPd9MX0zg
92954,1073510,21634.0,https://youtu.be/fNv7vHbi1Kw
93006,2033193,54507.0,
93008,2040264,59017.0,
93022,1129427,51875.0,
93040,98769,26397.0,
93114,56171,59045.0,https://youtu.be/51uh1PT6I58
93134,1805297,57243.0,https://youtu.be/ppH4MBsVTKU
93139,1705773,52454.0,https://youtu.be/AqZlCWkH4P0
93193,1530983,45569.0,https://youtu.be/M9MouXxXREA
93208,100409,25831.0,https://youtu.be/x5Jown0os74
93242,1838544,79548.0,https://youtu.be/giRMhrOdVzg
93270,1636826,57214.0,https://youtu.be/X28d7fbRGSQ
93272,1482459,73723.0,https://youtu.be/XbGnmKPSq9k
93287,1053810,73937.0,https://youtu.be/JCBAP2wId5M
93297,1591479,75674.0,https://youtu.be/35b_UqGYZgw
93320,383678,38674.0,
93326,1596350,59962.0,https://youtu.be/oleuD8479uM
93363,401729,49529.0,https://youtu.be/WR6HUkzxjR0
93443,1456635,74387.0,https://youtu.be/Jj3mIhLF2kU
93502,1535970,63493.0,
93510,1232829,64688.0,https://youtu.be/BjRs18rV1FI
93512,1588334,82532.0,https://youtu.be/yA1w_eX0XsY
93563,1592525,81796.0,https://youtu.be/BQ4hZqrIM9w
93598,1680114,67748.0,https://youtu.be/WQQG2zJN7PM
93610,1477109,61984.0,https://youtu.be/NofVaIpUxHk
93721,1772925,80767.0,https://youtu.be/heWRagwzVPo
93723,1667307,82533.0,https://youtu.be/-UGIkWvfBEQ
93740,1441952,81025.0,https://youtu.be/LqzwMX3ftLI
93766,1646987,57165.0,https://youtu.be/8jEWLCZA7R8
93790,1683526,74308.0,https://youtu.be/KXLa3swAa8Y
93805,1034314,10679.0,https://youtu.be/4lJAw_BtM2g
93819,1610996,74777.0,https://youtu.be/aa1UJLqYeBU
93831,1605630,71552.0,https://youtu.be/1akixU65dDY
93838,1899353,94329.0,https://youtu.be/GDYwcjhvD-Y
93840,1259521,22970.0,https://youtu.be/7NiAWF7VIFY
93855,1912398,74306.0,https://youtu.be/yruArw21EGA
93980,383010,76489.0,https://youtu.be/RQGXqn00hf4
93982,1486192,70436.0,https://youtu.be/XMG9HawX1do
93988,417349,147269.0,
94011,1307873,54271.0,https://youtu.be/HwntbsRIYNs
94015,1667353,62764.0,https://youtu.be/31JOXM_Nk20
94018,1440129,44833.0,https://youtu.be/wvXKvbIAq2k
94070,1412386,74534.0,https://youtu.be/UbJssTq5oNs
94122,1605782,91356.0,https://youtu.be/9iyg5gB3nT8
94130,1682181,84404.0,https://youtu.be/2393JZxbiKc
94150,1435513,75802.0,https://youtu.be/pKgdLjDZ6ig
94160,1401113,31967.0,https://youtu.be/2A9Jwjl29Mw
94262,52587,37467.0,https://youtu.be/0eXZvsSzITA
94266,1195478,72207.0,https://youtu.be/Us-5iN5aFqE
94323,1621045,67660.0,https://youtu.be/vxTN4eX4Vss
94325,1327194,77877.0,https://youtu.be/t2LI5OOifsQ
94405,1656190,72387.0,https://youtu.be/s3kTkk4k_5Q
94478,1077368,62213.0,https://youtu.be/4cVcpz8H3Pk
94494,1641385,89326.0,
94503,1657299,40161.0,https://youtu.be/rzKabVjQFQQ
94661,1434447,26815.0,
94677,1645170,76493.0,https://youtu.be/cYplvwBvGA4
94735,490048,28500.0,https://youtu.be/91G_d5J7gNg
94777,1409024,41154.0,https://youtu.be/aoyV49FfjOU
94780,1735898,58595.0,https://youtu.be/7HyhpISiVRQ
94799,1748207,86812.0,https://youtu.be/U8xElfWyexo
94810,1298554,77561.0,https://youtu.be/GaBX2sY6V2E
94833,1430626,72197.0,https://youtu.be/7qNuS8KauZc
94864,1446714,70981.0,https://youtu.be/cJMIzdf1eo8
94867,2040560,111440.0,https://youtu.be/hTkcqutbS7E
94896,1704573,92591.0,https://youtu.be/pQ5YN5epsaw
94919,1196340,12645.0,
94931,1592281,86555.0,https://youtu.be/9dhBppugluM
94953,1655460,50647.0,https://youtu.be/Oz7xMY1AbbI
94959,1748122,83666.0,https://youtu.be/RBCRe73dZb0
94985,1567609,80389.0,https://youtu.be/ETppILg_CYc
95004,934706,13640.0,https://youtu.be/l3keuiWzY-Q
95067,763831,72358.0,https://youtu.be/BsohmWonrCg
95088,1862079,84332.0,https://youtu.be/xa8dz8w4YCc
95105,1277953,80321.0,https://youtu.be/PlkWVkpP59U
95135,1742336,84355.0,https://youtu.be/1Na2I2b6edA
95145,142251,39144.0,https://youtu.be/0PNzQ_D8fjY
95147,142249,39145.0,https://youtu.be/nE8WLaCQKCU
95149,1398941,22855.0,https://youtu.be/k2gq7YeMS40
95163,142248,116776.0,https://youtu.be/DIjku6BtYW4
95165,142240,39100.0,https://youtu.be/RuViG2-w_To
95167,1217209,62177.0,https://youtu.be/TEHWDA_6e3M
95170,118692,13313.0,https://youtu.be/A2xh1BwSpL4
95175,1292594,63193.0,https://youtu.be/hJDidwZ2_Wo
95182,142233,39101.0,https://youtu.be/6nkQu1l5Grs
95193,143808,13761.0,https://youtu.be/vkXMJaZJoak
95199,1586265,76494.0,https://youtu.be/3Ef0GCdpnN4
95201,1859650,81836.0,https://youtu.be/kV43JZ6yWS8
95207,1611224,72331.0,https://youtu.be/2ilUeTRuDpY
95218,2008513,89874.0,
95307,1336608,80585.0,https://youtu.be/jFiDeufhxSY
95309,1307068,88005.0,https://youtu.be/EmXWcXKXWBk
95311,1245104,13042.0,https://youtu.be/q1K9EH90CyA
95313,455565,13932.0,https://youtu.be/D9JkGNhwxb0
95377,479113,13933.0,https://youtu.be/8A7Pe8oGhq8
95441,1637725,72105.0,https://youtu.be/xXDAs23aSQc
95449,1915581,77930.0,https://youtu.be/Dd0XPRo4LZQ
95473,142237,39103.0,https://youtu.be/sGqAtYAkwDo
95475,1125254,24752.0,https://youtu.be/nqT9HQma79A
95497,142241,39104.0,https://youtu.be/Ph2tugLEjpc
95499,142242,34433.0,https://youtu.be/61dVyIHK0NM
95508,1598873,95516.0,https://youtu.be/SwjhaBCZIiI
95510,948470,1930.0,https://youtu.be/WLxul0Vzuhk
95519,142238,39105.0,https://youtu.be/DJZ3vjBqYFU
95543,1667889,57800.0,https://youtu.be/uDvtgm2REGI
95558,2125435,84175.0,https://youtu.be/pvqZzSMIZa0
95583,1615065,82525.0,https://youtu.be/8imzQaoEwsA
95624,1313113,31218.0,https://youtu.be/SW_3vg4vdr8
95633,1078933,40770.0,https://youtu.be/Q8tiOuKjp9c
95654,131409,13929.0,https://youtu.be/gEkAxjjuUE0
95690,1568341,80468.0,https://youtu.be/hNae-InUJ74
95717,1820723,83191.0,
95720,1298649,80035.0,https://youtu.be/PhN1xnCyqR8
95738,283851,193976.0,
95744,1602472,84165.0,https://youtu.be/EzBwdx2OZ_8
95761,1726669,73567.0,https://youtu.be/fF8dz-JPjNk
95771,285036,44251.0,https://youtu.be/ioU887K1Obk
95780,142234,39106.0,https://youtu.be/QQS1n9VZuOg
95796,1137996,14863.0,https://youtu.be/56v3LxpSZK0
95839,216621,16716.0,https://youtu.be/upAYkFugbco
95843,58154,52906.0,
95858,248808,13930.0,https://youtu.be/2VyPPDpT2xU
95873,1839492,103332.0,https://youtu.be/xb3_AE-UinY
95875,1386703,64635.0,https://youtu.be/wbE6Wkzuydc
95939,1924394,103747.0,https://youtu.be/iELanfA565Y
95949,1630637,56909.0,
95965,142245,39323.0,https://youtu.be/A2gpattMh34
96004,142247,39324.0,https://youtu.be/43HmSc1Z-sM
96007,142232,18095.0,https://youtu.be/gcqR2sMrwO0
96020,1235841,76696.0,https://youtu.be/ntVyIw2n3jw
96079,1074638,37724.0,https://youtu.be/YvV3g8hLlyU
96084,57286,58383.0,
96110,1790886,77953.0,https://youtu.be/HjXyHqJVqWI
96114,1990181,85414.0,https://youtu.be/QPofHkR5K9E
96121,1535438,82696.0,https://youtu.be/tjymM95UWlc
96150,2125666,84327.0,https://youtu.be/CYOnT3Gqe9U
96281,1623288,77174.0,https://youtu.be/mI4L-H0TeNI
96283,2023453,82650.0,
96373,1441940,109584.0,https://youtu.be/cfQlRks4fuo
96411,2076781,76360.0,https://youtu.be/Ur7v_wJ7Nrw
96417,1547234,49526.0,https://youtu.be/Pn6ie1zCkZU
96430,1462769,71864.0,
96432,1212450,82633.0,https://youtu.be/HK-Q3wYsOgA
96448,1714203,71668.0,https://youtu.be/ZbWepf-zVHw
96471,106104,202043.0,
96488,2125608,84334.0,https://youtu.be/tDw7OqVBT-w
96518,365651,263947.0,
96520,114182,215999.0,
96530,1619277,83403.0,https://youtu.be/Tb6erLy9yjg
96563,2028530,83660.0,https://youtu.be/B43Cj-JEJdo
96567,1840417,83686.0,https://youtu.be/lTlh70mx-eM
96588,1981677,114150.0,https://youtu.be/8dItOM6eYXY
96606,770802,89708.0,https://youtu.be/YdOd0CbKDvM
96608,114308,67166.0,
96610,1276104,59967.0,https://youtu.be/2iQuhsmtfHw
96616,1232200,87428.0,https://youtu.be/MAT1SmITnNE
96655,1990314,84329.0,https://youtu.be/a_gAJk_CfPI
96691,1855325,71679.0,https://youtu.be/hoyMT-7wEqs
96726,1710417,100529.0,
96728,1560747,68722.0,https://youtu.be/RApl06pYIuU
96737,1343727,49049.0,https://youtu.be/3Sp-2FvUNv0
96811,1855199,77016.0,https://youtu.be/TYGXe5ggBx0
96815,2105044,84348.0,https://youtu.be/-uOISibzrUI
96821,1659337,84892.0,https://youtu.be/x0nTfbg24Qs
96829,2106476,103663.0,https://youtu.be/BSVDnUgJVYY
96832,2076220,103328.0,https://youtu.be/sVsAixfCL4Q
96861,1397280,82675.0,https://youtu.be/otHUjWVgIig
96917,1582507,82505.0,https://youtu.be/9SNvuq7bULo
96935,319901,45397.0,https://youtu.be/iKXL0fAf1M4
96945,1638328,85735.0,
96964,1658837,86597.0,https://youtu.be/bQiZ-llvYwM
96975,1592873,80271.0,https://youtu.be/4P6mXZzY9nc
97024,2053425,97365.0,https://youtu.be/WbZtsTAdt-c
97168,1183919,90125.0,https://youtu.be/YvNlAZ3xqwI
97172,1142977,62214.0,https://youtu.be/2e1_XxakM-I
97188,1922777,82507.0,https://youtu.be/apghx7q9oeY
97194,376921,92171.0,
97225,837562,76492.0,https://youtu.be/q4RK3jY7AVk
97230,2014338,110354.0,https://youtu.be/aFGJY_NJwwg
97285,54325,71723.0,
97304,1024648,68734.0,https://youtu.be/3RrtxIci4T0
97306,1931533,86838.0,https://youtu.be/fUFUd5m7UH8
97328,1872818,84306.0,https://youtu.be/yBUCyxJwHm0
97470,1886493,75736.0,https://youtu.be/GE2CV47Hc7c
97643,1649444,80280.0,https://youtu.be/NQckiIgNezw
97665,1597522,99770.0,https://youtu.be/eLr8aU-sTb8
97701,2109184,82990.0,https://youtu.be/BSCyPfiTlkI
97742,1712170,94348.0,https://youtu.be/Uw7PhPD31Ws
97752,1371111,83542.0,https://youtu.be/ByehYal_cCs
97757,424755,72867.0,
97785,938330,61012.0,https://youtu.be/f06VJSsh8II
97836,1648179,87826.0,https://youtu.be/fkgdeh_hzQs
97858,1655416,126797.0,https://youtu.be/Tv8oX82DByU
97860,1764234,64689.0,https://youtu.be/qZT98W6GZpA
97866,1966604,84287.0,https://youtu.be/dmmYc46nSHY
97870,1866249,113947.0,https://youtu.be/6T7vqxwuWEM
97904,2063781,84341.0,https://youtu.be/n1J1IKeqAoI
97913,1772341,82690.0,https://youtu.be/87E6N7ToCxs
97921,1045658,82693.0,https://youtu.be/EI_3ywJLQio
97923,1907668,87502.0,https://youtu.be/WmjawuFvDu4
97936,1781769,96724.0,https://youtu.be/RxtsC_LZ9eI
97938,454876,87827.0,https://youtu.be/j9Hjrs6WQ8M
97950,1258972,97430.0,https://youtu.be/ZBUpXKzmJww
97988,1713476,123105.0,https://youtu.be/ctkkn1qSYKw
98061,1900893,98631.0,https://youtu.be/a6xK4LV9TYU
98083,1753968,65851.0,https://youtu.be/bR26swEzZ84
98122,1942884,80215.0,https://youtu.be/GhaT78i1x2M
98124,2313197,123025.0,https://youtu.be/J0H7Du2txOE
98154,443272,72976.0,https://youtu.be/nvP-ZrzA2lk
98160,1493157,135708.0,https://youtu.be/0_n9_UzNoso
98175,1545106,73935.0,https://youtu.be/I22Lqr9IRKY
98203,1673434,50620.0,https://youtu.be/bUXjqQ4GKRg
98230,1715873,58547.0,https://youtu.be/-k5y4bLU5X4
98239,1234719,60747.0,https://youtu.be/qtzL95vq3xQ
98243,1446192,81188.0,https://youtu.be/aPLiBxhoug0
98279,2006040,101519.0,https://youtu.be/LQ1CGSMoqfo
98296,1667310,97614.0,https://youtu.be/UqjlM_J93Yk
98361,1531901,102780.0,https://youtu.be/Ej2YBAuqvGk
98491,2388725,140420.0,https://youtu.be/mM6cLnscmO8
98499,79315,19274.0,https://youtu.be/MQSUruKozOY
98503,80623,18867.0,https://youtu.be/vQgyu8JMsog
98585,975645,112336.0,https://youtu.be/_Uw6fweoB8E
98604,1798188,83389.0,https://youtu.be/a0DIxdy8CZA
98607,1483797,71883.0,https://youtu.be/R2H_FsmxWzc
98623,86605,25539.0,https://youtu.be/h-d_Jsu6834
98633,89177,10044.0,https://youtu.be/ELB7XKAmQFs
98697,66798,34280.0,
98799,1979172,110392.0,
98809,903624,49051.0,https://youtu.be/CXqZK-nbZ74
98836,1477855,87504.0,https://youtu.be/ic3rsg6mQlA
98908,1241017,40722.0,https://youtu.be/qC4gPYIMyhI
98961,1790885,97630.0,https://youtu.be/k7R2uVZYebE
99005,1925431,139567.0,https://youtu.be/j9Auh9MI-Kw
99007,1588173,82654.0,https://youtu.be/x3ErWNBX9Rc
99030,1901040,83186.0,https://youtu.be/xB5tLxkaoK8
99087,1540128,77875.0,https://youtu.be/musnXxhyxik
99106,1694020,82687.0,https://youtu.be/UAwiiGUCeLE
99112,790724,75780.0,https://youtu.be/kAbxn_F8lps
99114,1853728,68718.0,https://youtu.be/_iH0UBYDI4g
99117,1758830,89492.0,https://youtu.be/2NvTjCELbrk
99122,97550,41153.0,https://youtu.be/43rAACwFPRk
99130,113376,44470.0,https://youtu.be/lEopHQHTLCs
99145,1649419,80278.0,https://youtu.be/PaY8EeUYh10
99149,1707386,82695.0,https://youtu.be/28sHoKcpugw
99191,115813,16315.0,https://youtu.be/EgDSetDxR8A
99415,1047540,88042.0,https://youtu.be/sP-uO3B8ip0
99437,1783732,75761.0,https://youtu.be/_rvkyNABa78
99532,230534,193380.0,
99574,2091473,133694.0,https://youtu.be/vzEcZJSdW-4
99636,2181931,118628.0,https://youtu.be/8dWir9Q_Vek
99638,1244666,38010.0,https://youtu.be/vC5E4-LRrTk
99721,1572315,76617.0,https://youtu.be/Z0xYPG-gX0U
99728,1321870,82682.0,https://youtu.be/LlbN5cQKZik
99750,1491044,68812.0,https://youtu.be/CJIXOx2-GZ8
99764,2396224,147538.0,
99813,2166834,142061.0,https://youtu.be/dD2VyqyKvwg
99846,2366308,135921.0,https://youtu.be/A4nkPNWUlaY
99853,1762248,105538.0,https://youtu.be/byI0WG-lpzw
99910,1549920,76640.0,https://youtu.be/BS-FyAh9cv8
99917,2084989,145197.0,https://youtu.be/5U9KmAlrEXU
99992,1770734,84336.0,https://youtu.be/-jdSpJ0EtMk
100044,1806234,69372.0,
100068,1911553,85872.0,https://youtu.be/slF4yFbS-NE
100083,1333125,87818.0,https://youtu.be/RrvFBjsglA4
100106,2152198,128190.0,https://youtu.be/SzrpPgnZ71o
100159,2023690,117974.0,https://youtu.be/RQLE6QWleCo
100163,1428538,60304.0,https://youtu.be/ErGy23X0B9Q
100194,2274356,146837.0,
100226,1853643,118677.0,https://youtu.be/RsmcVU4HdKg
100277,2153963,93858.0,https://youtu.be/HoelUhjVXas
100302,1374992,58244.0,https://youtu.be/6HUx8n91huU
100304,2081437,162145.0,https://youtu.be/t_jk3MBoQ-Y
100306,165623,18912.0,https://youtu.be/IWwPIjN1wPg
100326,1389096,121824.0,https://youtu.be/kK0wWvROGAE
100383,2053463,109421.0,https://youtu.be/uhB5PdcB2OI
100390,2024432,109431.0,https://youtu.be/uO12W35DpsQ
100397,1935896,87436.0,https://youtu.be/hU2NHb_pKso
100487,1559547,109491.0,https://youtu.be/r9rjhB7KWEc
100498,1606378,47964.0,https://youtu.be/mXTImBrEKUc
100507,1711425,107811.0,https://youtu.be/SsXK2QH-cOE
100527,1702439,112949.0,https://youtu.be/SCCdqVFA-88
100553,2092588,134481.0,
100556,2375605,123678.0,https://youtu.be/cTozJLf-Px0
100579,1659343,122857.0,https://youtu.be/hHp5n5jhAqE
100611,765446,68179.0,https://youtu.be/gkJXlIPPYe0
100714,2209418,132344.0,https://youtu.be/NRVLVPWzeek
100737,882977,134411.0,https://youtu.be/rieI5g9fgRc
100810,2387433,145135.0,https://youtu.be/K8iLp1xQtPQ
100843,1954701,130739.0,https://youtu.be/oMwUSipMzFA
100882,2017561,170657.0,https://youtu.be/g3JzljB3zQg
100906,100107,28090.0,https://youtu.be/ayGfSML_cOQ
101025,1351685,81005.0,https://youtu.be/xpkcEIsgGmU
101070,2258858,129112.0,https://youtu.be/neU-ycIOCWY
101072,1663636,59255.0,
101074,51850,43650.0,
101076,1583421,72559.0,https://youtu.be/2vAo4rJPqQ4
101088,1682180,86825.0,https://youtu.be/sOyxxhuvAmo
101112,1623205,68728.0,https://youtu.be/DylgNj4YQVc
101142,481499,49519.0,https://youtu.be/4fVCKy69zUY
101283,790628,124459.0,https://youtu.be/QS2XGtjlAGI
101360,1911644,158011.0,https://youtu.be/LHrZxG9W3RI
101362,2302755,117263.0,https://youtu.be/ar-IaAx7s8k
101415,1763303,84199.0,https://youtu.be/Pa5963ftpDc
101423,427531,55892.0,https://youtu.be/asP9Fs2aNWs
101525,1817273,97367.0,https://youtu.be/KepnbJT5nBw
101529,1935902,127867.0,https://youtu.be/g30KBZ4m61Y
101531,1745862,173153.0,https://youtu.be/P2Mqjdlh9Yg
101577,1517260,72710.0,https://youtu.be/SRKjf8b4f2E
101612,1814621,144340.0,https://youtu.be/fclznaYtZEQ
101739,1288558,109428.0,https://youtu.be/ocisB70gHl8
101741,1924429,68727.0,https://youtu.be/976y9Xm6BkY
101765,1986843,133698.0,https://youtu.be/3-ykIh-9mJA
101864,1483013,75612.0,https://youtu.be/tx6_JMDFfWI
101884,1507563,59963.0,https://youtu.be/0ipC-bjnH4A
101895,453562,109410.0,https://youtu.be/9d8h6OrPJ5A
101962,2140203,110420.0,https://youtu.be/SmhtOXCmTSY
101973,1433811,127517.0,https://youtu.be/EtTSyOlG3rg
102007,903135,13647.0,https://youtu.be/-8cMfBIQF88
102025,61549,42699.0,https://youtu.be/CWLX-tegi18
102033,1980209,134374.0,https://youtu.be/YmAQoc-yVdk
102058,1325753,15257.0,https://youtu.be/BG-yJRb7vZQ
102066,1977895,121606.0,https://youtu.be/H0nYmo4pZOE
102070,1525366,84204.0,https://youtu.be/4e3izWdh9WM
102084,2027128,76589.0,https://youtu.be/uBrvW9FbfDw
102088,1462900,44865.0,https://youtu.be/ZD-dPu-GLRQ
102123,1245492,109414.0,https://youtu.be/kliQSsD_npo
102125,1300854,68721.0,https://youtu.be/VcZdrfDeJTo
102165,2055765,174321.0,https://youtu.be/8fqAU3kYKWA
102194,1935179,103731.0,https://youtu.be/DTEDfEhKwLo
102217,152183,25117.0,
102278,1551630,165739.0,https://youtu.be/uADqhdOpDu0
102338,75202,45736.0,https://youtu.be/qgltK4S47MY
102378,762138,72525.0,https://youtu.be/H6GCDAcvuCs
102407,1343092,64682.0,https://youtu.be/l6yANES3TMM
102445,1408101,54138.0,https://youtu.be/RJ1qOs7jkIQ
102481,2234155,116741.0,https://youtu.be/G3W6IESxRKs
102590,462246,16150.0,https://youtu.be/1gIvErj3uTU
102602,76391,27861.0,https://youtu.be/d9PjkuE30vU
102666,70233,20803.0,
102684,1602613,77987.0,https://youtu.be/XiSq-7QQDQg
102686,1951261,109439.0,https://youtu.be/96TelFMZwHc
102716,1905041,82992.0,https://youtu.be/-1ysq_lKovg
102720,848537,116711.0,https://youtu.be/_KqNCnd8AN4
102735,78937,197467.0,https://youtu.be/LD6UJ6hdT7g
102742,389448,86282.0,https://youtu.be/-TPZ1sV3wD4
102747,7264,2077.0,
102749,78938,197481.0,
102760,1489167,42151.0,https://youtu.be/Ldm7DWBZQsg
102800,2347569,121986.0,https://youtu.be/YdxCnCvCngk
102802,1731697,104755.0,https://youtu.be/V3Z8Vr7N4OI
102819,1291580,119675.0,https://youtu.be/IeqViWgc7QE
102823,262240,130824.0,
102852,1091863,86843.0,https://youtu.be/eS6R131MbL0
102880,1815862,82700.0,https://youtu.be/-r9IXze_tPM
102903,1670345,75656.0,https://youtu.be/DaavRAV8a0A
102984,1857842,133463.0,
102993,1727388,147773.0,https://youtu.be/GiH5wmuexZY
103027,2094064,91739.0,https://youtu.be/A3XV8XfJA-Y
103042,770828,49521.0,https://youtu.be/vGrBV1C4hgo
103048,2179116,156700.0,https://youtu.be/cLnAiVI4R2Q
103075,2184339,158015.0,https://youtu.be/A2bVeqhzuSs
103085,1879032,174188.0,https://youtu.be/9oaS_N1zsqo
103107,2396566,159014.0,https://youtu.be/2kgRq_pGN2g
103137,2132285,96936.0,https://youtu.be/NcE2fj-EtJY
103141,1453405,62211.0,https://youtu.be/xBzPioph8CI
103171,1978524,160085.0,https://youtu.be/ikVuR-zicfM
103210,1776196,80518.0,https://youtu.be/H2gf7PUw7Gc
103219,2103217,103620.0,https://youtu.be/R5IS6XSXQ_s
103221,1935065,120292.0,https://youtu.be/nSSB3ZxaYvM
103228,1663662,68726.0,https://youtu.be/hQAQxQop6Io
103233,2465238,177271.0,https://youtu.be/1ESRWuw4LoE
103235,1924396,152742.0,https://youtu.be/zJGleGyahC8
103245,391728,53928.0,https://youtu.be/ioWyUonJWPs
103249,816711,72190.0,https://youtu.be/TvRCQM2HrXs
103253,1535108,68724.0,https://youtu.be/oIBtePb-dGY
103335,1690953,93456.0,https://youtu.be/EK3j98PHaGM
103339,2334879,117251.0,https://youtu.be/aVzMUz3coio
103341,1213663,107985.0,https://youtu.be/hFo7eJR2cvc
103366,1893256,136418.0,https://youtu.be/8c77ONP5QnM
103372,2404463,136795.0,https://youtu.be/1O3iRdiplB0
103384,1210819,57201.0,https://youtu.be/LoVhgaj6PiE
103449,1829012,109099.0,https://youtu.be/iV6BzEAZTUY
103483,2450186,159117.0,https://youtu.be/8Rto5cyknzU
103502,1877797,136386.0,https://youtu.be/phrg6IzNJSg
103539,1714206,157386.0,https://youtu.be/0dCfbBwFI2Y
103543,2265534,157375.0,https://youtu.be/x92mfhWERew
103596,2724064,205321.0,https://youtu.be/ZX0213FumK0
103602,2523852,178946.0,https://youtu.be/pZk3hM8BoyM
103606,2205697,111969.0,https://youtu.be/CMRImFmYeao
103609,103978,30963.0,https://youtu.be/113aS4qO2Co
103624,2334649,157354.0,https://youtu.be/vHkKUPHn8TE
103655,790736,49524.0,https://youtu.be/nt59JjtWFSU
103685,2375574,179111.0,https://youtu.be/cRRvzjkzu2U
103688,1457767,138843.0,https://youtu.be/k10ETZ41q5o
103755,1860353,77950.0,https://youtu.be/VlRtm8Gh9PQ
103772,1430132,76170.0,https://youtu.be/DwG56k6VGOE
103801,2265398,172533.0,https://youtu.be/Dj9Q92s97Uc
103810,1821694,146216.0,https://youtu.be/56vPzBENK9Y
103819,2234025,198062.0,https://youtu.be/MagOLStZWvs
103865,2053423,192126.0,https://youtu.be/exPIwTobVhc
103883,1272878,136400.0,https://youtu.be/AK6EbfdnTHg
103980,2334873,160588.0,https://youtu.be/3UBv1S4Ajfs
103984,2358891,179144.0,https://youtu.be/koxRDhAQOpw
104017,181947,58447.0,https://youtu.be/-Lg4_QaFm_c
104069,2510998,185574.0,https://youtu.be/KEtAfAa67TY
104074,1854564,76285.0,https://youtu.be/xg3znoE9m7I
104076,2017020,77931.0,https://youtu.be/W-yEIIMtwCA
104078,469021,177699.0,https://youtu.be/5J4z-jjvNto
104129,2016940,76544.0,https://youtu.be/QTBpTHLqrD0
104141,346578,21683.0,https://youtu.be/Qe9evYaBZ9M
104211,1723121,138832.0,https://youtu.be/O7NHfAzg7Yg
104218,2191701,109418.0,https://youtu.be/EClDbUb-bgc
104241,1650554,59859.0,https://youtu.be/1zcMLxIuuww
104243,1411250,87421.0,https://youtu.be/au2xw42-8IA
104245,1691917,151960.0,https://youtu.be/YRjztG65XgI
104272,2545118,158999.0,https://youtu.be/w2vG_Ifu4zg
104283,2013293,149870.0,https://youtu.be/q3kdZpeVbLM
104303,2357129,115782.0,https://youtu.be/uMlBzsObomo
104337,1327773,132363.0,https://youtu.be/eZ4xDTz8Avc
104339,2294677,157360.0,https://youtu.be/EiCwrjV06fI
104374,2194499,122906.0,https://youtu.be/7OIFdWk83no
104419,1494772,30061.0,https://youtu.be/EJruJxZJEvI
104457,1853739,83899.0,https://youtu.be/3ZKQU0YYkNw
104644,2546038,147129.0,
104760,2167202,146227.0,https://youtu.be/eBcVxXwFowI
104780,211653,49802.0,
104837,93820,17282.0,https://youtu.be/SfNo9_2Q6K8
104841,1454468,49047.0,https://youtu.be/OiTiKOy59o4
104863,1486834,212716.0,https://youtu.be/-VJmjBYvc6Q
104875,2245195,115199.0,
104879,1392214,146233.0,https://youtu.be/doPNgss-ntc
104906,1985019,156711.0,https://youtu.be/xQL8d5NTHlY
104908,2226417,91586.0,https://youtu.be/aEByNYajexQ
104913,1979320,96721.0,https://youtu.be/QKAr42gxjhM
104925,2404311,112205.0,https://youtu.be/-SwDU04Oeak
104944,2370248,169813.0,https://youtu.be/LfwabBAwzJU
105020,97081,102059.0,https://youtu.be/Nh5S04pmCPM
105037,1758795,129139.0,https://youtu.be/UKGigK17eSs
105121,1844203,121676.0,https://youtu.be/YadOlYY_3ko
105197,1821549,129670.0,https://youtu.be/YvW_DmfKfSk
105211,2390361,209263.0,https://youtu.be/lhQ3mmsACw8
105213,2229499,138697.0,https://youtu.be/zAE6YFikffs
105246,2027140,157820.0,https://youtu.be/dh3V-dFlmyk
105250,432232,51452.0,
105254,2332579,157409.0,https://youtu.be/IggigMRZLkw
105325,2274570,172828.0,https://youtu.be/dknb76qw0Oo
105351,2364841,146238.0,https://youtu.be/UFPqyNvNzvU
105355,2278871,152584.0,https://youtu.be/J_ekBcdPzIk
105468,1985966,109451.0,https://youtu.be/3QCJTbHU60U
105504,1535109,109424.0,https://youtu.be/TzU3UJuV80w
105540,166960,51985.0,
105585,2002718,106747.0,https://youtu.be/7fGKttdOWQE
105593,1450321,85889.0,https://youtu.be/tymWDB7gtK4
105653,1211956,107846.0,https://youtu.be/BrV-SXI6Nmo
105720,62457,55370.0,https://youtu.be/6KBztmDgSAk
105731,1939659,133805.0,https://youtu.be/szzw_SQlfpU
105746,2708946,173495.0,https://youtu.be/ghPZ3KxAYSQ
105755,2193215,109091.0,https://youtu.be/sitiAk4WLQ8
105801,2187884,158752.0,https://youtu.be/66xbaiDwGj4
105835,1825157,146015.0,https://youtu.be/mzw0wEcsfxE
105844,2024544,76203.0,https://youtu.be/z02Ie8wKKRg
105954,2017038,152747.0,https://youtu.be/dPv7kzQs59A
106002,1731141,80274.0,https://youtu.be/vP0cUBi4hwE
106062,3063516,208134.0,https://youtu.be/_MSrAwfagG4
106072,1981115,76338.0,https://youtu.be/npvJ9FTgZbM
106100,790636,152532.0,https://youtu.be/KDvPcBeOn8E
106144,2304426,194101.0,https://youtu.be/jrHcLLWCVI0
106330,1204975,137093.0,https://youtu.be/TvK3m0wJutI
106438,2431286,205220.0,https://youtu.be/a8WyFLsdtNw
106441,816442,203833.0,https://youtu.be/38K6u_z5Gug
106487,1951264,101299.0,https://youtu.be/zoKj7TdJk98
106489,1170358,57158.0,https://youtu.be/gAo95e7_XKA
106491,1335975,64686.0,https://youtu.be/DEoDulGTElE
106540,2387559,146239.0,https://youtu.be/MaM0RzdeQmk
106542,1196948,41602.0,https://youtu.be/YKzWBjENRwc
106594,2147048,137312.0,
106642,2779318,253941.0,
106648,1743724,80662.0,https://youtu.be/_zJKyadomrE
106696,2294629,109445.0,https://youtu.be/TbQm5doF_Uc
106766,2042568,86829.0,https://youtu.be/9JvHEDJEguY
106782,993846,106646.0,https://youtu.be/Slj4-Sv-YNA
106785,2312718,204082.0,https://youtu.be/BjFTuZH7E2c
106839,2304771,192136.0,https://youtu.be/0a8DQcS26Vs
106873,860907,75629.0,https://youtu.be/pwLw2hNNz2M
106883,1462901,174311.0,https://youtu.be/omz9Ih_p7GU
106889,3089388,212063.0,https://youtu.be/fMrzKkhIph4
106916,1800241,168672.0,https://youtu.be/h5Cb4SFt7gE
106918,359950,116745.0,https://youtu.be/Bp_cxxqOaPM
106920,1798709,152601.0,https://youtu.be/ne6p6MfLBxc
106927,1381512,39260.0,https://youtu.be/ZrbYRfDu3is
107013,188504,45697.0,https://youtu.be/0dmbhaFaKTQ
107069,1091191,193756.0,https://youtu.be/0cPJ1ifjBDs
107141,2140373,140823.0,https://youtu.be/nijccxWvyXU
107159,130377,40897.0,
107314,1321511,87516.0,https://youtu.be/jfJDAlMgRK4
107338,2969050,209232.0,https://youtu.be/K4POzMIsKTc
107348,1229340,109443.0,https://youtu.be/6VdGI5-z_hg
107406,1706620,110415.0,https://youtu.be/3Np3v7xnNJk
107408,70861,37129.0,
107410,86723,20894.0,
107412,60584,20878.0,
107436,2345567,166271.0,https://youtu.be/sClAdBHrZNg
107447,2166616,158990.0,https://youtu.be/ydK-aSFIoHw
107449,1292569,27190.0,https://youtu.be/UCsdnewPSZc
107462,2458106,180894.0,https://youtu.be/Dxmal-7WmyA
107565,2987732,233063.0,https://youtu.be/p7a1h0V1AhI
107630,1247667,27584.0,
107702,1661382,64807.0,https://youtu.be/1bQSOBJCPQE
107723,465657,13194.0,https://youtu.be/wvrT9boajOQ
107771,1714915,152603.0,https://youtu.be/pkeWhokaPPs
107780,2227830,230657.0,
107846,110420,13632.0,
107945,1847548,122796.0,https://youtu.be/30qVNOXByxQ
107951,2295196,204810.0,https://youtu.be/3xnHUrlZgnw
107953,2263944,126963.0,https://youtu.be/sp60avoyT9k
107962,2325002,243531.0,https://youtu.be/tYgrQSYjsrQ
107997,2309021,159128.0,https://youtu.be/YFqzMt-PVp0
107999,142244,39102.0,https://youtu.be/qd017xX0Y2E
108078,1937118,206408.0,https://youtu.be/cwA3R71nGgE
108090,142250,39148.0,https://youtu.be/JyN86BcP3WY
108156,1408253,168530.0,https://youtu.be/SD4cQwr7n5Y
108188,1205537,137094.0,https://youtu.be/S8EaxDvZt4w
108190,1840309,157350.0,https://youtu.be/WI1Jqx47Uw8
108192,1094249,6418.0,https://youtu.be/zuHyMEIxnMA
108540,1816518,126319.0,https://youtu.be/UJ1rmOYLr2U
108601,1714833,137968.0,https://youtu.be/1w5Q3_qGp1Y
108689,1418377,100241.0,https://youtu.be/NXc5epxOH_c
108715,1609479,157099.0,https://youtu.be/F3MeyUawSsg
108727,1937390,110414.0,
108729,2316411,181886.0,https://youtu.be/aVvgt3jIUsc
108795,1186373,15359.0,https://youtu.be/kIF-uZhCeIc
108928,2177771,152760.0,https://youtu.be/oBfMOmR4S9M
108932,1490017,137106.0,https://youtu.be/fZ_JOBCLF-I
108945,1234721,97020.0,https://youtu.be/_w_BPRUdmsQ
108949,2172985,209247.0,https://youtu.be/qe0OU2ZibFI
108981,2382009,249397.0,
109042,1545660,74461.0,https://youtu.be/zyougFDZ7zU
109161,2406252,197082.0,https://youtu.be/Q1LZ6JoUkJc
109183,1878942,99367.0,https://youtu.be/um2Rvx_dawg
109187,2333804,157834.0,https://youtu.be/AQPLsCXtY9M
109191,1837709,137321.0,https://youtu.be/DBSj1MKwx6A
109241,1937133,146375.0,
109282,1559038,103732.0,https://youtu.be/CnI_L-liswg
109295,2511428,210047.0,https://youtu.be/80C3yttlDjU
109313,328955,17684.0,
109317,1978532,249923.0,https://youtu.be/tOCDrc8Min4
109372,1826590,222899.0,https://youtu.be/LsPrbMigoOU
109374,2278388,120467.0,https://youtu.be/G1jG8HUY4zI
109383,2073520,84319.0,https://youtu.be/COpJwAeuWHo
109416,1349482,21474.0,https://youtu.be/X6ZQltG65sI
109483,1800246,225565.0,https://youtu.be/Mvr-NQrqF6I
109487,816692,157336.0,https://youtu.be/LY19rHKAaAg
109569,2172934,192102.0,https://youtu.be/iVLRDwLv3kg
109576,2193265,205724.0,https://youtu.be/TBjKcuGI0kI
109578,2024469,225574.0,https://youtu.be/XSF6GPNXr9Y
109596,1407052,85444.0,https://youtu.be/kNfNx_2aAEk
109633,2591814,198375.0,https://youtu.be/FMabhvDoolc
109673,1253863,53182.0,https://youtu.be/bsoJaQ2gZh4
109687,1385956,202141.0,https://youtu.be/Rikc7foqvRI
109723,2212008,242076.0,https://youtu.be/FhxaFepjdLQ
109846,864835,82703.0,https://youtu.be/aMl2tTVwsZA
109848,1441395,97370.0,https://youtu.be/J7bAZCOk0Sc
109850,2369135,136797.0,https://youtu.be/e73J71RZRn8
109853,2355495,242042.0,https://youtu.be/eoWlZmwt8ac
109864,2771372,177494.0,https://youtu.be/wq1R93UMqlk
109895,2170299,209403.0,https://youtu.be/RDIiE56j-_w
109897,3210686,235260.0,https://youtu.be/-Hsl5UG9O_c
109941,2268617,83201.0,https://youtu.be/Gn-IGOy0N_4
109968,2409302,134350.0,https://youtu.be/wr03JVWdCks
109971,2955316,236737.0,
110102,1843866,100402.0,https://youtu.be/7SlILk2WMTI
110127,1959490,86834.0,https://youtu.be/fdu10cX3pWA
110130,1821658,227783.0,https://youtu.be/Euf_u3caHmM
110281,188766,53168.0,https://youtu.be/8fsA0w2TxVA
110286,2059171,155084.0,https://youtu.be/dtyF9dRI7tc
110297,2281587,145220.0,https://youtu.be/Vcw2Aje5KU0
110330,1801061,119360.0,https://youtu.be/_e1RmjWqX1Y
110350,3203290,256561.0,https://youtu.be/R-RKqGaNq-Y
110387,2390962,209799.0,https://youtu.be/J-NSyMTpkYI
110501,2265171,180299.0,https://youtu.be/7VuBSopwyO4
110541,106475,25706.0,https://youtu.be/zQ4pC0cshFs
110553,1872181,102382.0,https://youtu.be/DlM2CWNTQ84
110586,2234003,157832.0,https://youtu.be/3iBJbcHq-oU
110591,2388715,157547.0,https://youtu.be/gA1dCfn8PBA
110603,2528814,249660.0,https://youtu.be/bMjo5f9eiX8
110611,1179031,244509.0,https://youtu.be/XkyuV69YZcM
110655,2357291,172385.0,https://youtu.be/J9L06tdcG8A
110669,2246565,262481.0,https://youtu.be/KYaddaNQH5s
110718,2258345,214030.0,https://youtu.be/DuKoub-Sy9k
110730,2209764,157353.0,https://youtu.be/QheoYw1BKJ4
110746,1870419,167575.0,https://youtu.be/1SSEm5vzNBM
110771,2203939,193610.0,https://youtu.be/BlHMHLuJWbo
110773,2828996,184345.0,https://youtu.be/HXxWBgQk-zg
110781,279967,12242.0,https://youtu.be/gWf2Cg00kD0
110826,1430612,254473.0,https://youtu.be/EhFZ4jAD_fU
110882,2692904,210479.0,https://youtu.be/TsBDYAYnQb0
111113,2004420,195589.0,https://youtu.be/VI18Jc2roqY
111146,3600760,258096.0,https://youtu.be/reqILL6saoA
111320,3014666,252680.0,https://youtu.be/Leb6Vnhbp1A
111360,2872732,240832.0,https://youtu.be/l7zAV_MDC68
111362,1877832,127585.0,https://youtu.be/gsjtg7m1MMM
111364,831387,124905.0,https://youtu.be/oHKGx1pzczg
111375,2463288,187596.0,https://youtu.be/QPbTfB8OrsI
111384,2359024,188166.0,https://youtu.be/W0XGOxFnm9A
111443,2883512,212778.0,https://youtu.be/GO4gFillQOc
111551,2309961,210947.0,https://youtu.be/PtfSuXbPYUU
111617,1086772,232672.0,https://youtu.be/V6cKLTmDB-k
111622,1980929,198277.0,https://youtu.be/uTRCxOE7Xzc
111659,1587310,102651.0,https://youtu.be/LaArkjF7AnM
111663,2784512,254474.0,https://youtu.be/7onFrBK_hKE
111680,1483324,194722.0,https://youtu.be/aGKtJ0ZffLY
111732,2301592,137698.0,https://youtu.be/GMM5tZOsr3Q
111743,2557490,188161.0,https://youtu.be/gVfvGKol8Ns
111759,1631867,137113.0,https://youtu.be/eb8wTIcGLgQ
111781,2381249,177677.0,https://youtu.be/F-qBD17wwrQ
111785,1079372,20880.0,
111795,1647668,198185.0,https://youtu.be/lEtNIoPxcq8
111800,2429074,174323.0,https://youtu.be/l7hSNYcA7pE
111817,2402085,192133.0,https://youtu.be/981Ql4R2xC8
111844,2996648,255268.0,https://youtu.be/XNfeAHF3XQ8
111913,2560102,248212.0,https://youtu.be/apQY96cH5SM
111921,2582846,222935.0,https://youtu.be/3Ixw15DE-xY
112006,2112281,82881.0,https://youtu.be/ukS_OOX3S3M
112070,2172584,157851.0,https://youtu.be/ltwkZFB1HtM
112138,2294449,187017.0,https://youtu.be/qP755JkDxyM
112171,455944,156022.0,https://youtu.be/BP_FwE0Z7no
112175,1646971,82702.0,https://youtu.be/1Y0erVF9cLI
112183,2562232,194662.0,https://youtu.be/egYzOALlYyU
112290,1065073,85350.0,https://youtu.be/oNC3NYWh1vI
112303,2239832,184098.0,https://youtu.be/N8b6kVSZNLE
112316,1742044,209451.0,https://youtu.be/6tC1yOUvvMo
112326,119781,27460.0,https://youtu.be/JNBRum247m0
112334,3268458,250658.0,https://youtu.be/o-PT1AZSdHQ
112370,2109248,91314.0,https://youtu.be/S30VkLn5a2o
112421,1605717,171372.0,https://youtu.be/Wptv2iDdTZM
112450,2398249,180296.0,https://youtu.be/9a0GCGXJk40
112454,2357461,186988.0,https://youtu.be/Ph2dID8chxQ
112460,2980706,218836.0,
112497,2103254,226486.0,https://youtu.be/4B_GllcxpuI
112512,1677561,64246.0,https://youtu.be/5PRPSPCD4uQ
112515,2321549,242224.0,https://youtu.be/88DDAyYkvis
112552,2582802,244786.0,https://youtu.be/Q7kZy3T6vRM
112556,2267998,210577.0,https://youtu.be/2-_-1nJf8Vg
112580,1294970,152790.0,https://youtu.be/rTmvY11m_0E
112623,2103281,119450.0,https://youtu.be/DpSaTrW4leg
112727,2377322,184346.0,https://youtu.be/2RR42oZX3-U
112749,2465146,253235.0,https://youtu.be/hX5pXdUw8Is
112788,1956620,225886.0,https://youtu.be/sxl4aOyHSwo
112804,2884206,244267.0,https://youtu.be/sEGppIgwKf0
112818,2975578,238636.0,https://youtu.be/3mfRasMXmL4
112852,2015381,118340.0,https://youtu.be/3CqymRQ1uUU
112868,2910814,242095.0,https://youtu.be/uehQEldYkTs
112897,2333784,138103.0,https://youtu.be/KATn_m-AX9I
112911,1267297,184315.0,https://youtu.be/HydiAICZq6I
112940,1972571,157849.0,https://youtu.be/x_brlcjskE0
113159,2581244,244566.0,https://youtu.be/JjysgllBzHQ
113186,2402603,209269.0,https://youtu.be/3vGdCjpJ4Tg
113207,2473602,239566.0,https://youtu.be/d9ELTgk6p54
113225,2870756,229297.0,https://youtu.be/nzcPdGxuewU
113252,3504048,253306.0,https://youtu.be/Ysde4KaFirk
113275,2980648,228194.0,https://youtu.be/_kgUXVQiJYs
113278,3139086,242643.0,https://youtu.be/-6abltUcric
113280,1967697,192623.0,https://youtu.be/ei3oedWt1Kw
113313,2503154,244610.0,https://youtu.be/F9uLLF29c1w
113345,1617661,76757.0,https://youtu.be/gQHKolIqBGs
113348,1291150,98566.0,https://youtu.be/dwXFsrp6WBs
113350,2048770,273404.0,https://youtu.be/E0tBBJVPh6c
113374,127710,48347.0,
113378,435651,227156.0,https://youtu.be/fMUli947oIE
113394,2140577,174337.0,https://youtu.be/WhTA9Ru68iY
113416,1396523,286709.0,https://youtu.be/3c-YiIC5Bz4
113453,1924435,193893.0,https://youtu.be/Mx03VkB-TPE
113532,3097204,242022.0,https://youtu.be/G-O6OU03CSw
113565,2383068,211067.0,https://youtu.be/pdROBLUzXS8
113573,458481,189.0,https://youtu.be/XVjDcUCui0w
113604,1355630,249164.0,https://youtu.be/wH6PNeTy6Nc
113705,2737050,221902.0,https://youtu.be/0ppwJIRqFE0
113741,2866360,220289.0,https://youtu.be/YixSld-6PqM
113780,2870612,256274.0,https://youtu.be/lVGDpcNmZxs
113829,2756032,242090.0,https://youtu.be/y_Dk1QdNq4E
113849,1682186,88573.0,https://youtu.be/eC-DRJ_1x5A
113862,2980592,241848.0,https://youtu.be/9tyL6OzBMt8
114028,3169706,234200.0,https://youtu.be/LoDhhLgobt4
114044,3177316,254191.0,https://youtu.be/bZE9TBKKGD4
114060,1600196,154400.0,https://youtu.be/RJZtoAKDf_8
114066,2920540,246400.0,https://youtu.be/2DgvUSP3YHc
114074,1571249,244772.0,https://youtu.be/nhULZJDXLaE
114126,430916,27286.0,https://youtu.be/hv2YiC__nvc
114180,1790864,198663.0,https://youtu.be/3b946aGm0zs
114184,2994190,244506.0,https://youtu.be/_1MDrwqjeGo
114246,365907,169917.0,https://youtu.be/aTKBowDjMQg
114265,2034031,244264.0,https://youtu.be/4o8peGbqxeI
114335,121731,32891.0,
114396,1621046,230779.0,https://youtu.be/q81a7KBEMVs
114494,3042408,284427.0,https://youtu.be/5vnjheCqRIs
114554,2576852,149871.0,https://youtu.be/iPm7HfO3mis
114601,1371150,239678.0,https://youtu.be/fH0cEP0mvlU
114627,208502,15916.0,
114662,2179136,190859.0,https://youtu.be/iq7smHSQPho
114670,3099498,246403.0,https://youtu.be/BCQJnOn0ru0
114678,1626146,254375.0,https://youtu.be/iWFVAIbIkS4
114707,1528071,149509.0,https://youtu.be/B3AZx-cNM78
114713,3322940,250546.0,https://youtu.be/xabuZwG3XyM
114762,2140619,286554.0,https://youtu.be/wc3QfS0beAM
114795,829150,49017.0,https://youtu.be/BRhjwiglXvQ
114818,2494280,227300.0,https://youtu.be/pnhZ3DBaPM0
114847,1971325,262543.0,https://youtu.be/PDw_BVUVAQQ
114925,2326612,244761.0,https://youtu.be/MjQJQumFn94
114935,2397535,206487.0,https://youtu.be/xxG-YfedrfU
115065,1639826,146381.0,https://youtu.be/c9R9x9RfyGE
115111,379000,48585.0,
115122,3416742,246741.0,https://youtu.be/WBly4AfHc3c
115149,2911666,245891.0,https://youtu.be/6r0s41Ju5XA
115151,2556874,208869.0,https://youtu.be/e2IbFEEINxE
115170,1872194,205587.0,https://youtu.be/ZBvK6ni97W8
115203,1778338,295538.0,https://youtu.be/GRvo9QabEIg
115210,2713180,228150.0,https://youtu.be/09w9MTtZDEM
115216,2720680,266285.0,https://youtu.be/LwBS3a9HOWI
115231,2170593,239563.0,https://youtu.be/hAx6-bW7EuM
115502,2509850,289727.0,https://youtu.be/cL-tP03XoH4
115569,2872718,242582.0,https://youtu.be/7uaYhPpV7G4
115617,2245084,177572.0,https://youtu.be/8IdMPpKMdcc
115664,2262227,228326.0,https://youtu.be/_i69CJc1BgE
115667,1638002,200727.0,https://youtu.be/dOMTh9Jd81w
115680,2669336,273271.0,https://youtu.be/7BzYpF24LpY
115713,470752,264660.0,https://youtu.be/sDkEF7Db7Gw
115727,77292,40081.0,https://youtu.be/qJdww5ck-TI
115819,3043542,234862.0,
115828,2459156,251232.0,https://youtu.be/ivNMSxPE-_w
115877,2175842,116440.0,https://youtu.be/gV-NRwLV2qU
115969,1883092,178446.0,
116044,103961,55596.0,https://youtu.be/f2lRqz0Urvs
116138,2802154,265180.0,https://youtu.be/2oo7H25kirk
116169,1460743,44092.0,
116207,2249221,185567.0,
116411,2991224,238628.0,https://youtu.be/WdHwowSRRcs
116413,2870808,260001.0,https://youtu.be/t0GHipa17o4
116419,2968804,256092.0,https://youtu.be/5Sy9OQBYlVk
116505,2043932,79723.0,
116529,1966566,203793.0,https://youtu.be/GXpLfi7B-t0
116668,2832470,241842.0,https://youtu.be/npcIxjIKFuQ
116718,30947,37133.0,
116724,2036416,84111.0,https://youtu.be/v5H6wE47FrI
116738,1273207,77067.0,https://youtu.be/HZK6gZn38yQ
116797,2084970,205596.0,https://youtu.be/j2jRs4EAvWM
116799,1791528,171274.0,https://youtu.be/BTRMkQzFYHI
116817,1798243,244403.0,https://youtu.be/Xq6XgPSgzmA
116823,1951265,131631.0,https://youtu.be/IXshQ5mv1K8
116849,2751310,295315.0,https://youtu.be/q-lauONf9F4
116887,1528100,147441.0,https://youtu.be/6k8qeqZycgE
116897,3011894,265195.0,https://youtu.be/Utq0aDEp084
116941,99878,17009.0,
116963,102940,21811.0,https://youtu.be/Mjzqs6bStXQ
116977,2096672,100042.0,https://youtu.be/dmNddThxi4c
116985,2064968,206821.0,https://youtu.be/Qwu51SYfQQs
117107,3128900,261037.0,https://youtu.be/O1Qb3_7mauw
117109,3534838,301566.0,
117133,1055300,17808.0,https://youtu.be/T-XVN4-07sI
117176,2980516,266856.0,https://youtu.be/_EnhOKk7BxM
117192,2986512,282848.0,https://youtu.be/TWwYLlcPekA
117364,3455224,263614.0,https://youtu.be/PUFCtFtV3mE
117368,484439,10258.0,
117444,1865505,110416.0,https://youtu.be/VrhoOzW8oF8
117466,1390411,205775.0,https://youtu.be/K-H35Mpj4uk
117511,3762944,303623.0,https://youtu.be/LyMeLxe7NPE
117529,369610,135397.0,https://youtu.be/aJJrkyHas78
117531,3106868,215032.0,https://youtu.be/QOPLs_ogF-0
117533,4044364,293310.0,https://youtu.be/PX2uyP9QGjs
117545,3759416,170522.0,https://youtu.be/_Npe5FV_dTA
117572,2402619,294538.0,https://youtu.be/Mvx2J9XX138
117590,2170439,227159.0,https://youtu.be/utriEZFno0E
117630,104135,88107.0,https://youtu.be/EVT1xh-tmcI
117646,214641,10473.0,https://youtu.be/bTBR6tUE3fI
117849,115650,25518.0,https://youtu.be/xB1HHt-gfa8
117851,1911658,270946.0,https://youtu.be/KHGHEpUeUwo
117867,2614684,252178.0,https://youtu.be/kIYDNyEkJP4
117877,1355638,75491.0,https://youtu.be/0EQAeLo3MC8
117881,3316960,284293.0,https://youtu.be/oGN9b_KJb_8
117887,1109624,116149.0,https://youtu.be/7bZFr2IA0Bo
117895,4046784,294254.0,https://youtu.be/SDofO3P2HpE
117922,2100546,79218.0,
118082,1567437,244458.0,https://youtu.be/aKp-lDM5fus
118166,91364,70966.0,https://youtu.be/uN8eris65VI
118198,2304915,250798.0,https://youtu.be/FclTE28oI3Y
118248,1274586,297596.0,https://youtu.be/PUCggOyEmDA
118270,1865393,123107.0,https://youtu.be/bhpyUTho3vU
118290,117238,17135.0,https://youtu.be/aVrw1tFY4QQ
118326,2543702,270005.0,https://youtu.be/EzzHcrlWpig
118354,1216491,245916.0,https://youtu.be/u3jD-NrIVhM
118512,972785,15261.0,https://youtu.be/OQ9-DEIKJy8
118530,200215,42441.0,
118572,2130270,253272.0,https://youtu.be/PTPVJCp4mU4
118696,2310332,122917.0,https://youtu.be/Y6Fv5StfAxA
118700,1020072,273895.0,https://youtu.be/kPgs2zshD9Y
118702,1809398,227306.0,https://youtu.be/rGlsxVfCSyQ
118706,2261331,246080.0,https://youtu.be/Urrve_J9F_g
118784,1782451,22285.0,https://youtu.be/DCZ4U_eRn30
118814,2139555,277547.0,https://youtu.be/JlvyE_Rhzy8
118834,906325,24388.0,https://youtu.be/hQH2-LRmnI8
118862,2017486,137347.0,https://youtu.be/_7tOgHYnvgE
118880,2326554,252171.0,https://youtu.be/2zyGQuEkDT8
118888,424934,20147.0,
118894,1599351,32916.0,https://youtu.be/WtvQ6aD2mvY
118896,3612616,265177.0,https://youtu.be/PlZB2LLjzZY
118900,2305051,228970.0,https://youtu.be/xOPl8gKdmYE
118924,2784678,284296.0,https://youtu.be/jejCmmawzLY
118930,3823690,308571.0,https://youtu.be/eGC1cUyYXHo
118985,1126590,87093.0,https://youtu.be/lHDNhWUUhFY
118997,2180411,224141.0,https://youtu.be/sNVGDZHRJXM
119068,3179568,243684.0,https://youtu.be/_WCw2RgA8oY
119141,2788710,228967.0,https://youtu.be/BJu0KYd5-_M
119145,2802144,207703.0,https://youtu.be/Th_KrhqmHk8
119153,2290153,191489.0,
119155,2692250,181533.0,https://youtu.be/THxsWvtbMjM
119167,1343740,51239.0,https://youtu.be/nqbR5FmwAnE
119218,2280378,120605.0,
119655,1121096,68737.0,https://youtu.be/5i90Qr0Qi6w
119714,3788052,298533.0,https://youtu.be/Rfz8WXysf6A
119828,76360,19946.0,https://youtu.be/dCXUXxuffeM
119964,910885,286532.0,https://youtu.be/TGkBu_qALpg
120130,2061702,92321.0,https://youtu.be/qXLSRH31Yao
120138,2338151,297222.0,
120466,1823672,198184.0,https://youtu.be/lyy7y0QOK-0
120478,3674140,265297.0,https://youtu.be/OivMlWXtWpY
120625,3560686,285700.0,https://youtu.be/cy0CgeWWW1w
120635,2446042,260346.0,https://youtu.be/JuU0M2xBasc
120637,2717822,201088.0,https://youtu.be/-CA95Bzpy7s
120761,17271,126644.0,
120783,2452200,294652.0,https://youtu.be/_9Bf9JkRwzU
120799,1340138,87101.0,https://youtu.be/_hLRtchRPE0
120807,2246779,86705.0,https://youtu.be/vKaijlTs2Ns
120813,1503646,27317.0,
120827,95330,68352.0,
120919,3837196,267573.0,https://youtu.be/OJA6GRDNuIs
121007,1164647,14749.0,https://youtu.be/CIeFD_rW-2Q
121035,3132738,289394.0,
121097,105606,50327.0,https://youtu.be/8Na0hOYk5hM
121099,324941,13654.0,https://youtu.be/S13zxIByQXg
121129,3138104,244688.0,https://youtu.be/_Qcf8TVX2zo
121169,2570858,250225.0,https://youtu.be/P-xIMBnclyA
121171,3264102,256876.0,https://youtu.be/a_euhvZQMaw
121231,3235888,270303.0,https://youtu.be/zoNa1WH3GR8
121253,2561546,287084.0,https://youtu.be/ziRIF0kWOJs
121338,56912,19254.0,
121342,55831,26190.0,
121372,1717578,46967.0,
121374,1254947,32836.0,
121469,988083,14862.0,https://youtu.be/PmGmOc6HGmQ
121715,2215489,102517.0,
121781,472602,30178.0,https://youtu.be/trBgCyZpaa4
122092,408828,14407.0,https://youtu.be/6-tlAWY-Jz4
122246,1935929,84575.0,https://youtu.be/VoLDPTkEYIg
122260,1127205,133365.0,
122433,61557,47003.0,https://youtu.be/BV9cEHiIH5g
122490,2761578,256740.0,https://youtu.be/ho-0qtPDF0I
122627,117223,80985.0,https://youtu.be/z2C9uolAOKM
122882,1392190,76341.0,https://youtu.be/MonFNCgK4WE
122884,3195644,280092.0,https://youtu.be/eiDph99MdZ4
122886,2488496,140607.0,https://youtu.be/sGbxmsDFVnE
122888,2638144,271969.0,https://youtu.be/gLJdzky63BA
122890,803096,68735.0,https://youtu.be/65AjY_nRdqE
122892,2395427,99861.0,https://youtu.be/0WM915QsOyI
122896,1790809,166426.0,https://youtu.be/jnVk2C2YrSA
122898,974015,141052.0,https://youtu.be/PXrgvNXfN7M
122900,478970,102899.0,https://youtu.be/cx3joJnXydc
122902,1502712,166424.0,https://youtu.be/AAgnQdiZFsQ
122904,1431045,293660.0,https://youtu.be/9vN6DHB6bJc
122906,1825683,284054.0,https://youtu.be/xjDjIWPwcPU
122912,4154756,299536.0,https://youtu.be/QwievZ1Tx-8
122916,3501632,284053.0,https://youtu.be/ue80QwXMRHg
122918,3896198,283995.0,https://youtu.be/wUn05hdkhjM
122920,3498820,271110.0,https://youtu.be/dKrVegVI0Us
122922,1211837,284052.0,https://youtu.be/HSzx-zryEgM
122924,3385516,246655.0,https://youtu.be/Jer8XjMrUB4
122926,2250912,202249.0,
122932,2113659,268171.0,https://youtu.be/TnORJy_2tzg
123200,1439235,31981.0,
123310,117942,36983.0,
123545,41190,228074.0,
123553,2379386,252360.0,https://youtu.be/CFZ0YAqjQh4
123947,3442006,284276.0,https://youtu.be/ZktUjO9Xles
124273,1705115,48132.0,https://youtu.be/1OLRLrV6xrE
124404,1429433,85439.0,https://youtu.be/pxY5nAMdm2U
124484,74739,114735.0,https://youtu.be/tWL3yWXNauk
124851,1698647,279828.0,https://youtu.be/mBv7OhUCOeg
124853,63804,72585.0,
124859,2039393,284536.0,https://youtu.be/7CFBu0EommA
125221,48992,108181.0,https://youtu.be/Qn8qHh40-pI
125914,3045616,210860.0,https://youtu.be/Fi7SXfdfGtw
125916,2322441,216015.0,https://youtu.be/6FDTMRK7-24
125970,173886,27850.0,https://youtu.be/YgUY4oBrdak
125974,414078,34560.0,https://youtu.be/eJD_l_K1Asc
126088,193164,48874.0,
126090,73099,36129.0,
126142,101095,159704.0,
126420,2923316,250066.0,https://youtu.be/QY_IOn0fsc0
126426,1808482,321130.0,
126430,374463,189197.0,
126482,4191054,302429.0,
126548,1666801,272693.0,https://youtu.be/YGBNMNaJ6M4
126577,2243469,89247.0,https://youtu.be/1i11wAnX38U
126921,465997,9948.0,https://youtu.be/2yH6Rkgo9OE
127052,59550,20875.0,https://youtu.be/hrvzSFKqifk
127096,2436386,227719.0,https://youtu.be/8Yih-CxTWsw
127098,4368814,321594.0,
127108,2381111,167073.0,https://youtu.be/IzgsaBGwap8
127114,3416744,249688.0,https://youtu.be/9Jl6qBNfQC4
127116,3726704,309299.0,https://youtu.be/sngGqBOLWaI
127130,2872462,309245.0,https://youtu.be/SHNEG61-h2g
127132,3346224,309503.0,https://youtu.be/4M9dvJv9rZQ
127134,1178665,232572.0,https://youtu.be/1NjYUr1k8rA
127136,2273657,245706.0,https://youtu.be/Y_NiP_bqlns
127146,4229236,319075.0,https://youtu.be/DsB6SzPV9B0
127152,4257858,318224.0,https://youtu.be/ixgd38EZIR0
127164,4284010,318044.0,https://youtu.be/z7jIOawq8y8
127172,2917506,194537.0,https://youtu.be/XqvJFseb5nI
127180,2044056,125336.0,
127184,3090634,283330.0,https://youtu.be/_4yhW36jY8o
127194,3534602,308638.0,https://youtu.be/3PzB1Feeocw
127198,3850214,308639.0,https://youtu.be/jzm-SwQfYqo
127202,2582496,308369.0,https://youtu.be/FjU1M24Jlek
127204,3844362,308024.0,https://youtu.be/xq2MhdSqX7s
127212,420293,308032.0,https://youtu.be/7LviGTHud5w
127298,1883180,110390.0,https://youtu.be/iy8PWgf8lvg
127319,1850397,72784.0,https://youtu.be/6IZJAra4gLc
127323,3480796,307663.0,https://youtu.be/QxAoLvmH7gQ
127390,888817,278468.0,
128087,69409,102959.0,
128089,1420554,27866.0,
128097,3234126,216553.0,
128099,3958494,289333.0,https://youtu.be/o_lM68xXLvo
128197,102002,89292.0,
128360,3460252,273248.0,https://youtu.be/GRG7fAPksbg
128366,3628334,251016.0,
128488,2231253,265208.0,https://youtu.be/zC7gAb8veZo
128512,3622592,286565.0,https://youtu.be/F1dDr4b36Mo
128520,884732,252838.0,https://youtu.be/73ME8Zhw5QQ
128542,2535470,290999.0,https://youtu.be/oJoRHFn7QRw
128592,3181822,241251.0,https://youtu.be/MgbBwovOOoc
128594,3007302,263105.0,https://youtu.be/WNdW9TzxGrk
128620,4226388,320007.0,https://youtu.be/sqeWbhO8rXY
128695,2650978,248933.0,https://youtu.be/VsLnBQ4IyCc
128736,1571404,37058.0,https://youtu.be/Qow5_R0ab7w
128832,2474024,206296.0,https://youtu.be/9FKjLJZdycI
128838,2554274,201085.0,https://youtu.be/oquZifON8Eg
128842,3829170,300803.0,https://youtu.be/ngLwnXEJCpA
128852,206636,17870.0,
128900,137355,195862.0,
128902,1772382,105554.0,
128908,1466054,117098.0,https://youtu.be/U89Xb9j6beo
128914,3500822,259395.0,
128944,119310,11425.0,https://youtu.be/ilSd567cYso
128968,348124,15567.0,https://youtu.be/dUr6plz3NHU
128975,2637294,243938.0,https://youtu.be/KKBMtjXexI0
128991,3723996,269711.0,
129011,195753,13590.0,
129229,2290553,286873.0,https://youtu.be/nks4ADHm9BQ
129250,2933474,325358.0,https://youtu.be/PqwDB7N6ujA
129313,2392672,179150.0,https://youtu.be/Qr6D6Z7IAAg
129333,2582426,278632.0,https://youtu.be/NQSyv92xZJY
129354,2381941,256591.0,https://youtu.be/6vY9UPiI4eQ
129397,2247732,119569.0,
129428,2555736,268238.0,https://youtu.be/3REYWGRmLnQ
129514,963207,13643.0,
129657,2401097,290764.0,https://youtu.be/obHGqI9AnP0
129659,2097298,228203.0,https://youtu.be/74eJaVQFybI
129737,2358925,239573.0,https://youtu.be/8yb9Dn2mnMg
129779,2636124,196750.0,https://youtu.be/yP7KAeqK2kM
129937,2199571,241554.0,https://youtu.be/plrh783KCqg
130050,1991031,279972.0,https://youtu.be/MCSYNT7Xrfs
130052,1780798,112454.0,https://youtu.be/PNtZu-3di38
130073,1661199,150689.0,https://youtu.be/n44EWI92Tc8
130083,2917388,228968.0,https://youtu.be/yuLt2TJckKY
130087,3203616,238215.0,https://youtu.be/kMVGScC0vDA
130444,2418558,175774.0,https://youtu.be/s3hr0sXT8qo
130450,3332064,266647.0,https://youtu.be/Y1wRv8vTpxo
130452,1791682,252512.0,https://youtu.be/LfFGwbr0AKI
130482,41968,27036.0,https://youtu.be/Gjz5zr5yg9E
130490,2908446,262500.0,https://youtu.be/jfaqVegF2mo
130498,120471,39385.0,
130518,468445,213110.0,
130520,2224026,228161.0,https://youtu.be/Du4jTG7-93k
130576,2649554,245703.0,https://youtu.be/8UU_CC81aGM
130578,2515034,266396.0,https://youtu.be/Ug9xufczPVE
130634,2820852,168259.0,https://youtu.be/B3Ms2yFvus0
130686,2118624,293970.0,https://youtu.be/bwke66eJ4H8
130840,3395184,241855.0,https://youtu.be/jsDX-0Z67U4
130842,4475970,327029.0,
130970,484855,13015.0,
130976,2182001,184155.0,https://youtu.be/BRWyTgdWKZY
130978,87650,32334.0,
131013,2561572,257091.0,https://youtu.be/aAn5NQO3GKk
131023,3892434,305091.0,https://youtu.be/6uaWekLrilY
131098,2204315,238302.0,https://youtu.be/KeAbUaTAUKs
131104,64146,33436.0,https://youtu.be/D4dZ0dG1a_g
131130,1114698,24696.0,https://youtu.be/z4F7DmvR_cc
131237,1595366,35428.0,https://youtu.be/LXBkjw0wojk
131439,2393845,237756.0,https://youtu.be/MoApWLxwEr8
131480,2548208,298093.0,https://youtu.be/r5mt6FI7RT8
131578,107930,44664.0,https://youtu.be/QIZ5xAXo-Y0
131610,92216,46836.0,https://youtu.be/R8230LzdwMU
131656,2872750,263109.0,https://youtu.be/O_ZRKMaNIy0
131714,2493486,308504.0,https://youtu.be/QStraY8MdKk
131724,4299972,321640.0,
131739,4324274,321528.0,https://youtu.be/ICOmWEVuM1U
131749,2922440,268523.0,
131796,2404425,304357.0,https://youtu.be/wu9JeTX6Sdw
131826,4073952,320996.0,https://youtu.be/9wJ-zm1aVZM
131920,2962876,228108.0,https://youtu.be/sE9so4izwuA
131934,89538,30296.0,https://youtu.be/IJ4rF-g7mk0
132046,1964418,158852.0,https://youtu.be/lNzukD8pS_s
132084,113638,335145.0,
132153,2656588,253303.0,
132157,3450650,256961.0,https://youtu.be/9caWuoYjFF4
132333,3149640,278990.0,
132335,3365778,270400.0,https://youtu.be/cdWMxOAVHUE
132362,124770,14572.0,https://youtu.be/F4P8eOH89ow
132422,3104930,278316.0,https://youtu.be/1T1oX1gZHnA
132424,2726560,228205.0,https://youtu.be/uEDb35R7na8
132454,1555440,254936.0,https://youtu.be/aR4zXRdh73I
132462,3622332,313074.0,https://youtu.be/2VdfP1aNKyA
132488,2404299,319389.0,https://youtu.be/LNHihFE8Osw
132496,1772288,256924.0,https://youtu.be/d2U-MnSv8aw
132584,327698,50794.0,https://youtu.be/s33tlnR-J7M
132618,2044801,192712.0,https://youtu.be/Lm4tyQw2LhA
132660,3064298,332340.0,https://youtu.be/kLtSNWOao-M
132796,2126355,254128.0,https://youtu.be/F1ZewAPl7L0
132800,2788716,284537.0,https://youtu.be/r0KEe-hMsLg
132888,3098812,300302.0,
133115,3699674,268159.0,
133195,2679042,249070.0,https://youtu.be/giNpP8VBIN8
133217,4312536,335819.0,
133281,3623726,275601.0,https://youtu.be/x8PVK6Hky2A
133365,3155242,306482.0,https://youtu.be/sutAdO2fNBI
133377,3327624,301728.0,https://youtu.be/usfgPPHTq3Y
133419,2848292,254470.0,https://youtu.be/OgPm-yaLoyo
133545,2980472,258099.0,https://youtu.be/LoGzbn_HVsA
133645,2402927,258480.0,https://youtu.be/Y6ekAV16RIs
133712,76727,31139.0,
133716,55400,42279.0,
133771,3464902,254320.0,https://youtu.be/LTNZmOJxuAc
133780,3499048,256057.0,https://youtu.be/cm49CH4qtSg
133782,1881002,287424.0,https://youtu.be/UgjrjR42Ado
133798,2967224,268920.0,https://youtu.be/eeMlkBkigIA
133802,3205376,223485.0,https://youtu.be/8oAs_t_Z260
133832,2403021,171424.0,https://youtu.be/aGGPTlrX_PE
133867,1731701,248574.0,https://youtu.be/HwLY3aiT26U
133879,60330,5061.0,https://youtu.be/jVGJzp-EffA
134004,439876,25973.0,https://youtu.be/PpfCHBc1Jhc
134019,59855,47759.0,
134021,2486678,259954.0,https://youtu.be/9HimzZ6QG2o
134041,72613,20870.0,
134095,874952,104522.0,
134109,1217565,25936.0,https://youtu.be/QXdO1d8s3Vo
134130,3659388,286217.0,https://youtu.be/ej3ioOneTy8
134158,2948790,333381.0,https://youtu.be/KCXcbaYk7-o
134170,3472226,251516.0,https://youtu.be/5PwtSA1aKG4
134184,1198196,20963.0,https://youtu.be/V23ItIy4ma4
134214,3312830,310593.0,https://youtu.be/pSvgKy90t4Y
134246,3247714,334074.0,https://youtu.be/1lnEyZEoYJU
134248,4382552,318256.0,https://youtu.be/o2dQojRHX9Q
134252,80037,27937.0,
134326,80439,10986.0,https://youtu.be/1GT3cSCpwyY
134334,419058,20359.0,https://youtu.be/1rJQQCZcq2s
134368,3079380,238713.0,https://youtu.be/ltijEmlyqlg
134393,3152624,271718.0,https://youtu.be/xETobANYaNc
134515,85204,17381.0,https://youtu.be/sz-kHa0TH1k
134524,3817848,280276.0,https://youtu.be/6qbymj_yAfo
134528,1243974,222936.0,https://youtu.be/hZGP4AR46Eg
134775,3672840,300168.0,https://youtu.be/lwMlpp8GIAI
134783,1674771,188222.0,https://youtu.be/SGSE_XPF4_g
134796,4393514,321109.0,
134808,3133722,343371.0,https://youtu.be/uiD__NNZEZQ
134847,1924273,86541.0,
134849,45708,53210.0,
134853,2096673,150540.0,https://youtu.be/1HFv47QHWJU
134859,2415458,307931.0,https://youtu.be/5cPjBtGr4PQ
134861,3043546,250556.0,
134881,903657,271714.0,https://youtu.be/Xne-_S34T1c
135133,1951266,131634.0,https://youtu.be/SoKIqLEGhI0
135137,2120120,257344.0,https://youtu.be/v5kTR1MGBuw
135143,3183660,259316.0,https://youtu.be/Vso5o11LuGU
135198,1585255,42293.0,
135216,193524,74849.0,https://youtu.be/F3-Df7ROAxA
135288,3168230,280996.0,https://youtu.be/WhPPq9cmPCc
135436,2709768,328111.0,https://youtu.be/eWI_Jsw9qUs
135456,1024215,18839.0,https://youtu.be/Gf6YFrV7zes
135518,2140379,238615.0,https://youtu.be/Mc4sz6neHDs
135532,1618442,274854.0,https://youtu.be/QJDRdGxGw8U
135534,3850590,287903.0,https://youtu.be/h6cVyoMH4QE
135536,1386697,297761.0,https://youtu.be/m0Xb9BhfVjY
135567,1628841,47933.0,https://youtu.be/FrS7PThzR8s
135569,2660888,188927.0,https://youtu.be/NwpvjQKdpvI
135777,495034,19670.0,https://youtu.be/A1-PEkuuWi8
135787,297814,37588.0,https://youtu.be/tMFNsIrnP90
135803,84921,41378.0,https://youtu.be/vAyalHtQUkE
135815,79043,141131.0,https://youtu.be/0UnqfOiQzhs
135861,2637276,214756.0,https://youtu.be/mSG3R_2Uisw
135885,1727770,86828.0,https://youtu.be/0CYVGN98ZLA
135887,2293640,211672.0,https://youtu.be/Wfql_DoHRKc
135937,111190,10450.0,https://youtu.be/lErnYQKfzp0
136012,115714,36692.0,https://youtu.be/8LcEMyaLhUg
136016,1979388,105864.0,https://youtu.be/daFnEiLEx70
136018,1355683,261023.0,https://youtu.be/R_F-lVhSfx8
136020,2379713,206647.0,https://youtu.be/z4UDNzXD3qA
136024,86148,17922.0,
136297,363828,72886.0,https://youtu.be/_5haWERmZFc
136305,3899796,331446.0,https://youtu.be/JS9hjJJ9nWc
136341,1421378,16390.0,https://youtu.be/_eCfQTHXvVM
136353,418141,12902.0,https://youtu.be/b2g9SkMQg0o
136355,2235542,119321.0,https://youtu.be/B5mkK6hvPVA
136359,191423,36972.0,
136443,1082588,20720.0,
136445,246641,34509.0,
136447,246645,34513.0,
136449,1260502,14092.0,https://youtu.be/ZAK2PVKio0g
136469,218388,261414.0,
136471,1999192,74510.0,https://youtu.be/ikHGAAsjils
136503,808508,60293.0,
136511,4209802,300685.0,
136540,1296373,85860.0,https://youtu.be/0IL4Iu1U3ww
136556,1980162,81003.0,https://youtu.be/AXBKz66L25Y
136562,2080374,321697.0,https://youtu.be/9XEh7arNSms
136564,2884018,225728.0,https://youtu.be/017nWFKsshY
136598,1524930,296099.0,https://youtu.be/_FKPbgZ6un4
136602,2428170,250574.0,https://youtu.be/o2y8kKsxeII
136654,2967008,254024.0,https://youtu.be/ag_I15RBl-0
136664,4442130,324333.0,
136666,2758904,239568.0,https://youtu.be/8FJu4H7-OwE
136778,3248600,312796.0,https://youtu.be/91f2vHdkAKc
136786,1629242,317744.0,https://youtu.be/3ibgWtcvj5A
136800,2145829,240483.0,https://youtu.be/zr_5U4y6EG8
136816,3525346,309887.0,https://youtu.be/OIyriNPGDPQ
136834,455135,33723.0,https://youtu.be/SHp8GUAf59k
136838,496325,38918.0,https://youtu.be/X_ssASoORKA
136840,2517558,217412.0,https://youtu.be/Hbg69unPhrA
136850,67952,30341.0,https://youtu.be/gKlz5jM2zw4
136859,1321869,79698.0,https://youtu.be/0sgAgzTmq0k
136864,2975590,209112.0,https://youtu.be/s9EkdAHqtvU
136912,2181959,128767.0,
136958,87746,44859.0,https://youtu.be/tCb4y5WOvIk
137218,94673,88673.0,https://youtu.be/n28bh8lHb_E
137337,2870648,331781.0,https://youtu.be/fq4oqmUs92U
137345,3511542,253622.0,https://youtu.be/7ZRnB4BNq6w
137517,207374,29419.0,
137595,2268016,264999.0,https://youtu.be/oLoyU3xYwbs
137857,3040964,278927.0,https://youtu.be/YW97nCUE3ZA
137859,1286785,65973.0,
137863,3819668,303857.0,https://youtu.be/uRlSMA1XKYA
138036,1638355,203801.0,https://youtu.be/w_Ky4KPzKwY
138186,2140423,337879.0,https://youtu.be/n7YZ1FkRR0o
138204,3895884,287689.0,https://youtu.be/rpsMi3Q2fok
138208,3488710,285783.0,https://youtu.be/4W6byFcD5uE
138210,4172430,300671.0,https://youtu.be/Wpsqh73gB78
138396,1951299,158182.0,
138546,2796678,301748.0,https://youtu.be/fR4COuXHFdg
138610,2309260,299245.0,https://youtu.be/sceO71zQrVw
138632,2808986,240566.0,https://youtu.be/yE6uWRwZc2U
138702,3689498,293299.0,
138798,4126340,335970.0,https://youtu.be/XHm34jVpeIo
138835,122227,49418.0,https://youtu.be/OVh58xKhT2s
138966,382868,60843.0,https://youtu.be/v_UvG9ngKnM
139052,2402101,182560.0,https://youtu.be/pbQib4tE9Lo
139130,465316,62931.0,
139157,4328798,329134.0,
139385,1663202,281957.0,https://youtu.be/LoebZZ8K5N0
139415,3715320,282984.0,https://youtu.be/5Wf-ouBdYY8
139511,904049,21784.0,https://youtu.be/_ucDY4hfvms
139640,3411432,326215.0,https://youtu.be/spcghvLHXdk
139642,1798684,307081.0,https://youtu.be/Mh2ebPxhoLs
139644,3397884,273481.0,https://youtu.be/Yfhu5JIxnZc
139655,3086442,284303.0,https://youtu.be/HCjApb9EDcg
139717,2134170,346592.0,https://youtu.be/DMKEcButRNo
139747,443465,283350.0,https://youtu.be/VrNwcGVGrBw
139855,2401878,291270.0,https://youtu.be/WQkHA3fHk_0
139857,4005402,318781.0,https://youtu.be/SiVAGDTmlpY
139859,3017864,212168.0,https://youtu.be/mv_bOdNbVNo
139915,1725986,253344.0,https://youtu.be/5LXXzs1GjQo
139994,128221,30459.0,
140016,2737926,329289.0,https://youtu.be/7V632s1VOBY
140038,82562,11441.0,https://youtu.be/nm-0XQVtBqU
140110,2361509,257211.0,https://youtu.be/f6dKhzYgksc
140133,95312,27412.0,https://youtu.be/dA1UeYkDKLs
140162,3774694,292431.0,https://youtu.be/mR4JLD84RBo
140174,3170832,264644.0,https://youtu.be/yfBdUPAjiVQ
140237,3687398,277546.0,https://youtu.be/sG3YXUBoroM
140247,4178092,328425.0,https://youtu.be/5syic-DKYZc
140265,246643,25161.0,
140267,4263482,310131.0,https://youtu.be/97OQ7MQC5Ck
140289,3877674,296313.0,https://youtu.be/v8DqgXTWtGQ
140301,3793788,351964.0,https://youtu.be/O0Vvy5RI8WU
140359,1413314,281979.0,https://youtu.be/5YyNly0uEmA
140481,1329665,278604.0,
140523,3567288,298312.0,https://youtu.be/oUmYRfjfL7k
140525,1741273,290751.0,https://youtu.be/NODxOb3hgag
140541,516,143634.0,https://youtu.be/rzdgAc8TR5o
140561,4705522,343295.0,
140627,4084744,332270.0,https://youtu.be/tsfOuqMOmDk
140711,3316948,261392.0,https://youtu.be/sSgzIJbKNz8
140715,1398426,277216.0,https://youtu.be/-F5WcFPDzko
140725,3813310,310133.0,https://youtu.be/MBK_9GlVlc0
140737,830361,134777.0,
140816,3824458,308084.0,https://youtu.be/aA6r2jbzEMI
140850,1706598,258284.0,https://youtu.be/6QT0zKjvRfE
140852,225009,50162.0,https://youtu.be/RJI_szKnDbo
140928,2446980,274479.0,https://youtu.be/GVzSZFz7jF8
140956,1677720,333339.0,https://youtu.be/1hrwbc5qCZ4
141004,1976009,228066.0,https://youtu.be/cvESrJ5GdHc
141131,4600952,354556.0,https://youtu.be/uyZSbTDG1TU
141400,77973,48297.0,https://youtu.be/Bb8s4irJiBk
141408,1727776,273477.0,https://youtu.be/hKrAyaadZLg
141422,3077214,245168.0,https://youtu.be/Y4jBXQM7mIk
141513,3457734,253255.0,https://youtu.be/B5SL2-AZ2aU
141544,3672742,310135.0,https://youtu.be/AFlZ6pVtnv0
141646,3816372,287241.0,
141668,3832914,323272.0,https://youtu.be/mIl-XY9t_Lw
141688,3569230,276907.0,https://youtu.be/3pHZpqu8fes
141718,3705412,323373.0,https://youtu.be/qz3kt1gh0OE
141749,810819,306819.0,https://youtu.be/v3qEphMRGIc
141799,2490326,241843.0,https://youtu.be/S8xQLN181kY
141810,79679,27924.0,https://youtu.be/rtVOC8xyNic
141816,75468,27934.0,
141818,186408,27935.0,
141820,67789,46010.0,
141830,70439,57778.0,
141836,73442,42275.0,
141844,65670,31648.0,
141846,4425064,324308.0,https://youtu.be/SrlPyKxdMX4
141866,4062536,313922.0,https://youtu.be/T_Tklsuiako
141890,1365050,283587.0,https://youtu.be/2xb9Ty-1frw
141928,3487994,317981.0,https://youtu.be/vI8VF5sUGQ0
141994,4009460,295884.0,https://youtu.be/z5-yA66kaVc
142020,62083,2798.0,
142056,3221698,230896.0,https://youtu.be/cr-cyTGtzy8
142074,3605418,263472.0,https://youtu.be/1vGZWY5MFY0
142115,296310,200813.0,
142196,1151911,32285.0,https://youtu.be/JCwqAumipRc
142222,1172049,303991.0,https://youtu.be/3UnSXelOJo0
142366,643109,327389.0,https://youtu.be/G0AduCtrKVE
142372,1018765,10317.0,https://youtu.be/BLZo_ILZhfk
142420,462335,254302.0,https://youtu.be/9LG801J-fnE
142422,3530002,296100.0,https://youtu.be/RI5diat7M7Q
142424,2625810,334538.0,https://youtu.be/_TRSvK-Omwc
142444,3067274,285840.0,https://youtu.be/d7zoICSi1-I
142448,2719848,253412.0,https://youtu.be/5CKZwKpV06U
142456,3792960,330764.0,https://youtu.be/DbovUX9W8ug
142488,1895587,314365.0,https://youtu.be/WgnrwwiIDlI
142507,1596345,245698.0,https://youtu.be/YpHXBKvmmKo
142509,3072482,325348.0,https://youtu.be/4JVgQzBG5Ho
142536,2503944,295964.0,https://youtu.be/ZtQq3MKv4W4
142550,4176776,315841.0,https://youtu.be/u1NFyrOtsbA
142558,315152,18303.0,
142598,2965466,296065.0,https://youtu.be/3p0KIrh8hyM
142602,3702996,329263.0,
142831,453671,19636.0,https://youtu.be/qc5yaw9zcS8
142961,3642618,277967.0,
142997,2510894,159824.0,https://youtu.be/I7NR9MLK5W4
143001,3475596,330206.0,https://youtu.be/YGpxFjDoQwU
143031,805559,13968.0,
143245,1754656,309809.0,https://youtu.be/ihi491RQo5A
143255,1957938,301228.0,https://youtu.be/e8esvhj-R8c
143257,3774466,330112.0,https://youtu.be/J4QAQVWvFcE
143355,451279,297762.0,https://youtu.be/VSB4wGIdDwo
143365,4287320,339988.0,https://youtu.be/QUlr8Am4zQ0
143367,490215,68730.0,https://youtu.be/cuTjBL28l0U
143385,3682448,296098.0,https://youtu.be/owhBnicLZt4
143410,4034452,316042.0,https://youtu.be/168LvOIoUUw
143458,3720058,273197.0,https://youtu.be/w51kUGnkM3E
143472,1694021,244316.0,https://youtu.be/T7hIqnKsuQk
143511,3327994,359364.0,https://youtu.be/0-Retnj3TsA
143525,3560464,319996.0,https://youtu.be/92n88iB5QAY
143559,2735292,323792.0,https://youtu.be/1DINtpjYnkw
143859,475290,270487.0,https://youtu.be/vMUUKtF_BF0
143896,4144504,319073.0,
143969,4176826,318917.0,
144210,3597400,259985.0,https://youtu.be/zkASAZGIuu0
144222,2947832,230211.0,https://youtu.be/6o7YvfPdHqw
144262,2537390,333287.0,https://youtu.be/UYNusXkYo6g
144352,2347134,141819.0,https://youtu.be/U5-503ia7nU
144478,2191400,211005.0,
144522,398563,5846.0,
144606,270288,4912.0,https://youtu.be/mWyLE7kjGrw
144620,1051904,257445.0,https://youtu.be/dr8hmqAgbtg
144714,3862750,304372.0,https://youtu.be/CikoxQ4ytI4
144716,3164256,253414.0,https://youtu.be/HOV14l58Ekg
144734,1817771,218784.0,https://youtu.be/eNXH63gCOG8
144976,2494362,294963.0,https://youtu.be/4KNWbfRDEv8
145080,3454574,329020.0,https://youtu.be/j4IDwG_FMpM
145150,2910904,298382.0,https://youtu.be/uPCyjqGH914
145283,3626804,291343.0,https://youtu.be/eDgRMdT1QVI
145418,3203606,294016.0,https://youtu.be/jLuxQhdUqLY
145491,270560,34729.0,https://youtu.be/eXYxDpR_x18
145724,71647,74836.0,
145745,187598,268788.0,
145839,3322364,321741.0,https://youtu.be/oYGt8Cy_nUc
145935,2452042,227973.0,
145951,172184,36693.0,https://youtu.be/4WBjZPH0FDA
145994,216755,27940.0,
146024,92745,45227.0,
146028,83100,84254.0,
146210,3748440,288171.0,https://youtu.be/vGVPutY2JsE
146244,118983,13986.0,https://youtu.be/BdhPleFcEJ0
146309,4272866,315465.0,https://youtu.be/a1oM-9ND3WA
146656,3076658,312221.0,https://youtu.be/JQ9OhBYjTds
146662,2065968,91417.0,https://youtu.be/hXT5yAthfQM
146682,2980626,324325.0,https://youtu.be/1txduZwL2Yg
146684,5184298,367326.0,
146688,1291570,339527.0,https://youtu.be/kEu7BS8IsuA
146730,3593046,360203.0,https://youtu.be/fpp5m6c0-jc
146986,82726,53179.0,
147002,343663,39850.0,https://youtu.be/A0Xpq2WKBxw
147142,478566,19100.0,https://youtu.be/m9AVJneYFSg
147196,134614,20975.0,
147250,229922,127605.0,
147282,1863347,83456.0,
147286,86333,127608.0,
147300,91942,270393.0,
147326,459944,126846.0,
147328,80263,72093.0,
147330,79902,72095.0,
147372,4050552,317182.0,https://youtu.be/kAJqeMOJCsg
147374,1998643,315623.0,https://youtu.be/Nz3grrD4t3Y
147376,1672218,315620.0,https://youtu.be/4bEOrsJkijE
147378,1337072,282963.0,https://youtu.be/LHBdNoWV3Ls
147380,1321969,317190.0,https://youtu.be/EhMbWeIqUFc
147382,1061123,335209.0,https://youtu.be/BUE-QAvk58o
147384,827573,282758.0,https://youtu.be/kDI__5ExTu4
147410,3577624,321751.0,https://youtu.be/I7-c66mbzXA
147657,82153,63441.0,https://youtu.be/fTLCUuDg1B8
147662,64265,48300.0,https://youtu.be/MGYtWsud5AQ
147936,185534,104515.0,
148166,3748512,339751.0,https://youtu.be/hgAvkXH4dmI
148172,2304933,299687.0,https://youtu.be/kmxLybfGNC4
148238,4537842,364067.0,https://youtu.be/1W4RhZzNBMA
148424,4594834,340275.0,https://youtu.be/FEbeUK4EAbM
148482,3859076,300693.0,https://youtu.be/3-9Y1kQYj5Q
148592,3291148,323656.0,
148626,1596363,318846.0,https://youtu.be/1kQc3mmtH-o
148632,4270878,333088.0,
148652,2479478,347969.0,https://youtu.be/qUp7Qgimn38
148667,5069564,367735.0,https://youtu.be/V-xUD7pmh5I
148671,495241,246355.0,https://youtu.be/Py13jdAhR-k
148675,4843046,369879.0,
148709,2322517,237584.0,https://youtu.be/jZWccH3UFlI
148775,1369845,26736.0,https://youtu.be/GRizB__8zHk
148881,4171032,303867.0,https://youtu.be/XdV1uFwtCpo
148888,1608290,329833.0,https://youtu.be/4CL4LNWHegk
148956,1292566,259694.0,https://youtu.be/akwGjUeU6YA
148978,3028018,201223.0,https://youtu.be/0O7b4nTRy2A
148982,77429,26702.0,https://youtu.be/YSAmUDlUUhQ
149011,2386404,279690.0,https://youtu.be/7apn63fyu_A
149144,3345472,282069.0,https://youtu.be/dcVuEbnq-8Y
149146,3345474,282070.0,https://youtu.be/6WsrsXJle5U
149330,182015,125464.0,
149334,4550098,340666.0,https://youtu.be/SI45fDplBpw
149350,3201722,356486.0,https://youtu.be/J47OSRORyk4
149352,1528854,274167.0,https://youtu.be/arhMMJx7tCU
149354,1850457,266294.0,https://youtu.be/vRnhEjP3R-c
149380,5056034,362886.0,https://youtu.be/ihdCdGR6s-E
149406,2267968,140300.0,https://youtu.be/yqN7nHM1YTA
149508,2132405,92499.0,https://youtu.be/2HTxk13yP3M
149566,1734589,102051.0,https://youtu.be/_V7BZy-dCyc
149590,3703908,344041.0,https://youtu.be/qRq0crHd1e8
149612,2112277,256687.0,https://youtu.be/KA-yuXSJQYo
149830,1374989,58431.0,https://youtu.be/y5N7OyoTCXg
149902,2504640,302026.0,https://youtu.be/btT2DdJ2BSQ
150254,4935372,354216.0,https://youtu.be/XpRnCZQWqDU
150401,3511596,325173.0,https://youtu.be/HmBnZpC-ri4
150548,3845232,370646.0,
150554,119571,32643.0,https://youtu.be/W6iTSq0lqKk
150596,4701546,371759.0,https://youtu.be/J-L-ByHzto0
150604,2718440,272548.0,https://youtu.be/wRoMpeUGZ9I
150696,4449576,371492.0,https://youtu.be/F16SUg83Tlg
150993,3510480,284514.0,https://youtu.be/dbUkcx2htEk
151311,4144190,326094.0,https://youtu.be/8C7OewoxnKI
151315,2869728,323675.0,https://youtu.be/Eh0w35EiG_I
151317,3471098,312669.0,https://youtu.be/nAoEoWrOe8g
151455,1083452,319888.0,https://youtu.be/hyzQjVUmIxk
151479,101893,222619.0,
151501,4019560,331962.0,https://youtu.be/su72UDDUPko
151557,3018070,273899.0,https://youtu.be/kNXkJMXPBGc
151559,4086032,337029.0,https://youtu.be/D-txflEWoRE
151653,3564794,340255.0,https://youtu.be/N8JTK6P2MEM
151687,3231054,335778.0,https://youtu.be/X_GekaqndMI
151695,2580382,329004.0,https://youtu.be/aH66dngiW0Y
151739,1860213,291870.0,https://youtu.be/skl7gYRZHwE
151745,56405,21266.0,https://youtu.be/dUJW7BubKL4
151759,3270538,333377.0,https://youtu.be/zI_Ik7OppEI
151763,3355694,333040.0,
151769,189160,77294.0,
151777,2025690,300673.0,
151781,856797,18874.0,https://youtu.be/JFwwv8FvLgU
152037,4366830,348089.0,https://youtu.be/7gZWGRD0Glg
152063,2404233,205584.0,https://youtu.be/tuVg_6UaQsU
152065,4285496,336808.0,https://youtu.be/4ff7TcnqHUc
152071,3499096,323677.0,https://youtu.be/UZTexap1KtU
152077,1179933,333371.0,https://youtu.be/yQy-ANhnUpE
152079,3300542,267860.0,https://youtu.be/oQhX4JxGHtw
152081,2948356,269149.0,https://youtu.be/jWM0ct-OLsM
152083,3553442,279641.0,https://youtu.be/dxAcIWDi8ps
152085,3147312,258363.0,https://youtu.be/HlvgZfPUlqc
152091,3381008,267193.0,https://youtu.be/_YtclB_02wA
152105,66963,20051.0,https://youtu.be/I773m9D4wgo
152173,88263,92060.0,
152270,3715122,330348.0,https://youtu.be/15GR_v9s2fw
152284,3910804,378779.0,
152372,4935334,354251.0,https://youtu.be/jIhXXOjGXUA
152591,2888046,365222.0,https://youtu.be/klg-nxejrp8
152658,4592572,353609.0,https://youtu.be/9g0v6osrKJA
152711,1276121,148184.0,
152970,4698684,371645.0,https://youtu.be/tICv8QH3oM0
153070,347840,44351.0,https://youtu.be/drjQfQtv2BQ
153236,962762,40123.0,https://youtu.be/4AlCRIoVzLQ
153386,75703,46632.0,
153408,380249,16403.0,
154065,4104054,332721.0,https://youtu.be/eLEhGWIdWag
154358,2400291,334495.0,https://youtu.be/79IUKC9gS-8
154975,5326448,383809.0,https://youtu.be/ch0HsuYu_TI
155064,1974419,301365.0,https://youtu.be/rzH7Jc83eQI
155168,1971571,140554.0,https://youtu.be/iHDCE1BISYY
155288,2057392,333352.0,https://youtu.be/jGOdNUGLfRI
155358,4991652,359025.0,
155509,2091935,333385.0,https://youtu.be/5dSDOlC-MoM
155589,134854,55495.0,
155659,4136084,315664.0,https://youtu.be/9rRVCNffvKk
155743,3760922,302688.0,https://youtu.be/JQ-1Ts3BChM
155774,4899406,314029.0,https://youtu.be/84cSaJqtyD4
155812,1468846,186759.0,https://youtu.be/VOhRKseKN2E
155820,4139124,342521.0,https://youtu.be/K9zy27apgI8
155892,2507238,254952.0,https://youtu.be/mGRAYRs2964
156025,5480340,387893.0,https://youtu.be/74tcmiPJt_o
156371,2937696,295699.0,https://youtu.be/8WAulKwKHbY
156387,3544112,369557.0,https://youtu.be/oJyR3Atf5q8
156553,3763866,351065.0,
156605,5247022,370755.0,https://youtu.be/E8_L9kqie7s
156607,2381991,290595.0,https://youtu.be/V9cPxenX1-0
156609,4438848,325133.0,https://youtu.be/uldqs2kW25g
156675,63465,29398.0,
156706,3733774,301608.0,https://youtu.be/AruOw2UUq8E
156726,5022702,376570.0,https://youtu.be/WQG1S-WpJw8
156781,1585985,24784.0,
156783,1794821,49381.0,
157108,108317,1659.0,https://youtu.be/orHfgnsJWd4
157110,109000,1652.0,https://youtu.be/xU-JHUI5xok
157122,787524,353326.0,https://youtu.be/NP0lUqNAw3k
157130,2474932,366901.0,https://youtu.be/PkS1Q_Ik5BM
157172,90334,7237.0,
157200,2241351,303858.0,https://youtu.be/xT3SLHlnEUI
157270,3628584,326423.0,https://youtu.be/l2vPDGStL4k
157296,2277860,127380.0,https://youtu.be/NQu-153MnGQ
157312,2702724,323676.0,https://youtu.be/V8GAMZqJqjs
157340,1985949,153518.0,https://youtu.be/Hksyh33N5dg
157369,3715854,327536.0,https://youtu.be/AjuyrRTqfkE
157407,3212232,332411.0,https://youtu.be/bLSGiaLz_sg
157432,4651410,384737.0,https://youtu.be/NWnrow_02mA
157699,3774114,302401.0,https://youtu.be/QlSAiI3xMh4
157775,117876,34935.0,
157865,2865120,234004.0,https://youtu.be/SNTaFzXlP8E
158022,3703750,386891.0,https://youtu.be/PX2OcqBFKJ8
158027,4788944,380254.0,
158035,2374144,245917.0,https://youtu.be/iSQDBYhJzJQ
158238,3799694,290250.0,https://youtu.be/GQR5zsLHbYw
158254,4763168,383121.0,https://youtu.be/NkfKechADow
158388,77278,3786.0,https://youtu.be/KjAIt7usK7M
158398,102083,44238.0,
158402,5653294,380111.0,
158528,4052882,332567.0,https://youtu.be/EgdxIlSuB70
158721,206334,13099.0,
158783,4016934,290098.0,https://youtu.be/wYsdzNIcJNc
158813,2567026,241259.0,https://youtu.be/anvGUW-vsLE
158830,3691740,267935.0,https://youtu.be/Y6ZbRD1T7uI
158842,5111874,359871.0,https://youtu.be/Rld_9l7t_nQ
158872,1700841,223702.0,https://youtu.be/GAJrBPUVDJM
158874,165348,13125.0,https://youtu.be/q60-2qZaDNk
158882,5368354,387398.0,
158956,2667380,384798.0,https://youtu.be/4TlxF6S4uoY
158966,3553976,334533.0,https://youtu.be/w5jeBvjcJe4
158972,4048272,374475.0,https://youtu.be/Ym8ZpHhxcl8
159061,5215952,293670.0,https://youtu.be/VUWAgbXSJ4Y
159069,106591,83501.0,
159077,4501454,337154.0,https://youtu.be/Y2KtQz2bhLg
159093,3110958,291805.0,https://youtu.be/JzZh8kJJwe4
159161,5066574,396292.0,
159193,4513674,339397.0,https://youtu.be/4NRQPTE2Y-c
159403,185481,37433.0,
159415,4034354,347031.0,https://youtu.be/4v92gXetGqA
159441,4769836,389053.0,https://youtu.be/lZ1fKYmF4qU
159510,68972,5434.0,https://youtu.be/lKM-1H2x_08
159690,3949660,308531.0,https://youtu.be/ubursnjg8NA
159717,2452386,318121.0,https://youtu.be/BSXn-lIs4Y0
159755,3960412,341012.0,https://youtu.be/Q9RoNzJrmDo
159779,5051278,398854.0,
159811,211281,33108.0,
159817,795176,192040.0,
159849,5192124,400608.0,https://youtu.be/TXBbLRRGxMc
159858,3065204,259693.0,https://youtu.be/VFsmuRPClr4
159976,995868,245913.0,https://youtu.be/XBrfxHOXsDE
160080,1289401,43074.0,https://youtu.be/D3i2CqernTE
160271,1489889,302699.0,https://youtu.be/J_8OsnCTRx8
160289,5275892,377462.0,https://youtu.be/HrB3rOcrJxg
160341,118745,30948.0,
160400,1703957,267192.0,https://youtu.be/xZ_IsVxIPTc
160422,43147,68309.0,
160438,4196776,324668.0,https://youtu.be/F4gJsKZvqE4
160440,2263814,278348.0,https://youtu.be/LXhSAO6_HKU
160527,66806,90351.0,https://youtu.be/4M-dEYJxZNg
160563,918940,258489.0,https://youtu.be/dLmKio67pVQ
160565,4094724,316727.0,https://youtu.be/9rqIJcY9hMc
160567,2823054,316023.0,https://youtu.be/VpQNa2-5d2U
160569,3416828,278154.0,https://youtu.be/Ohq6NmKMja8
160571,4786282,345911.0,https://youtu.be/H_nTMprod00
160573,2788732,294272.0,https://youtu.be/Xhv5Kc8dmv8
160644,4193394,340611.0,https://youtu.be/lZyntxG7Ccs
160646,4437216,337874.0,https://youtu.be/7ftRLo6nKcI
160684,3963816,359412.0,https://youtu.be/FX2BNMwH3Ag
160718,5613056,399106.0,https://youtu.be/Cn5l7HJaYuA
160730,1735907,274504.0,https://youtu.be/JGSut0cTyJs
160836,798722,70193.0,https://youtu.be/eO96m3VE5Ws
160848,3666024,337703.0,https://youtu.be/9Wf57f5F09c
160872,4796122,400411.0,https://youtu.be/T-bH1EeUhpQ
160954,3531824,328387.0,https://youtu.be/2PR9MOPTI7g
160978,422370,49037.0,https://youtu.be/V1qCXRT-aek
160980,3263904,363676.0,https://youtu.be/6Tbkbx4Hz8Q
161008,99595,118430.0,https://youtu.be/i0uLH8MnHzU
161024,5849950,404022.0,https://youtu.be/6VcszNLRWPE
161032,65794,44510.0,
161044,136535,16909.0,https://youtu.be/DvdOYwyVfd8
161127,1355631,325789.0,https://youtu.be/hiPO2mTg2XE
161131,2005151,308266.0,https://youtu.be/KWs5qnZnhfo
161290,3903852,403232.0,
161354,4853102,382322.0,https://youtu.be/ZQTqu1_iQkw
161580,4651520,376659.0,https://youtu.be/MVzDKTh49zs
161582,2582782,338766.0,https://youtu.be/igD-fXiHRRY
161594,5595168,390734.0,https://youtu.be/nGl_2gYrfM0
161634,4160708,300669.0,https://youtu.be/7koudwTqe0Q
161830,3732950,314420.0,
161918,4831420,390989.0,https://youtu.be/hYypNJN17YI
161922,1878870,376660.0,https://youtu.be/oPO5J8Ap578
161966,3716530,337674.0,https://youtu.be/nU3fBiidmDI
162082,5700672,396535.0,https://youtu.be/0_sV9luPnMk
162344,4970632,376482.0,https://youtu.be/uDr1W-Dm4do
162350,2404435,333484.0,https://youtu.be/q-RBA0xoaWU
162414,4975722,376867.0,https://youtu.be/9NJj12tJzqc
162478,2461150,213681.0,https://youtu.be/zIkzuXDhCcQ
162578,4302938,313297.0,https://youtu.be/Pz49Ml_rB34
162590,1473832,95610.0,https://youtu.be/5aaWY7rQS3I
162598,1860357,296524.0,https://youtu.be/S-UPJyEHmM0
162600,1935859,283366.0,https://youtu.be/EMNeogzc_bs
162602,3631112,346685.0,https://youtu.be/y5yk-HGqKmM
162606,2140479,302946.0,https://youtu.be/0KHOVlEpMyY
162828,4781612,374617.0,https://youtu.be/9KgWvvz3U-A
162968,3138698,357786.0,https://youtu.be/4lt0rT_nmvg
162982,2967286,225745.0,https://youtu.be/kUkcQb-K3KU
163056,4262980,315011.0,https://youtu.be/fQKyyhhNxGU
163072,211729,36161.0,
163112,211730,36163.0,
163134,5311514,372058.0,https://youtu.be/o4-URMnBOPU
163386,208558,36162.0,
163527,1694505,296193.0,
163639,5836262,401650.0,https://youtu.be/6MgkHCOhU-E
163645,2119532,324786.0,https://youtu.be/s2-1hz1juBI
163653,5943936,408546.0,https://youtu.be/BTfoAULV2bw
163809,3718778,409696.0,
163925,1350929,333372.0,
163937,1540011,351211.0,https://youtu.be/tRsYzxjLmm0
163981,3835080,284564.0,https://youtu.be/_SBHFmLkF-E
163985,5640450,410199.0,https://youtu.be/JY0DGLrd9GY
164179,2543164,329865.0,https://youtu.be/7W1m5ER3I1Y
164200,4624424,332210.0,https://youtu.be/O3W90X_O3JE
164226,825283,339116.0,https://youtu.be/lhQiwVi3jdo
164280,4451458,325385.0,https://youtu.be/suyruCTA2I4
164367,4547056,375366.0,https://youtu.be/HjGkB_oWTe0
164375,4119278,298583.0,https://youtu.be/peYvl4WEz5I
164540,5952332,411009.0,https://youtu.be/mRLt2xBpQbQ
164647,5521550,377492.0,https://youtu.be/KC_Xa9XrT4A
164655,1714917,392820.0,https://youtu.be/a8IZyY5kBec
164707,447987,55504.0,
164753,5340362,379990.0,https://youtu.be/E6IKTaz2Mi4
164881,5487524,402193.0,
164909,3783958,313369.0,https://youtu.be/0pdqf4P9MB8
164917,5895028,407806.0,https://youtu.be/K6IXQbXPO3I
165075,1724597,394822.0,https://youtu.be/psj56HBgoiw
165101,3062096,207932.0,https://youtu.be/RH2BD49sEZI
165103,2387499,331313.0,https://youtu.be/nPfYXXg65qA
165139,1655461,406992.0,https://youtu.be/S8Io_Dzmsqw
165343,1267299,377448.0,https://youtu.be/YkYPkO0ckdU
165347,3393786,343611.0,https://youtu.be/DTBcGQWmQ1c
165483,6023444,421854.0,https://youtu.be/deNLpgTMYjA
165489,1725969,413770.0,https://youtu.be/daeBFjd9FX0
165529,210044,29136.0,
165549,4034228,334541.0,https://youtu.be/NxQmuJnrjxg
165551,3741834,334543.0,https://youtu.be/GKkk-hDigTk
165635,5254868,419639.0,https://youtu.be/8FbQoI8P7c4
165639,6016776,413279.0,https://youtu.be/bPNBKT6JLSU
165645,1798603,338964.0,https://youtu.be/8anWq67nXhY
165671,4431208,413361.0,https://youtu.be/BzqIoa5z8gs
165843,4964772,393561.0,https://youtu.be/1teM525rVlc
165947,1542768,339396.0,https://youtu.be/E6l4xrEjFY8
165959,415481,33065.0,
165969,6156350,419546.0,https://youtu.be/AUiqaFIONPQ
166015,5555502,393764.0,https://youtu.be/F2UZe8FNsck
166024,2654430,367412.0,
166183,756316,77304.0,
166203,3260022,279229.0,
166291,5323662,378064.0,https://youtu.be/TQK9By9qQiw
166461,3521164,277834.0,https://youtu.be/LKFuXETZUsI
166492,1711525,384682.0,https://youtu.be/xkE4WelDfmY
166526,3922818,365942.0,https://youtu.be/lA31gclNAa4
166528,3748528,330459.0,https://youtu.be/sC9abcLLQpI
166534,4972582,381288.0,https://youtu.be/6bfooooTKyM
166558,3717252,346672.0,https://youtu.be/Jgj9Znp76PE
166568,4540710,376290.0,https://youtu.be/s9NRIUYvOfo
166635,1355644,274870.0,https://youtu.be/sipflRaq2vg
166643,4846340,381284.0,https://youtu.be/5wfrDhgUMGI
166705,2671706,393457.0,https://youtu.be/spCxVd9ctFs
166946,4276820,310307.0,https://youtu.be/oprJX5BomEc
167018,4501244,356305.0,https://youtu.be/CO6qLC4cL8E
167036,3470600,335797.0,https://youtu.be/GIgXWuLQPFY
167064,5804038,411019.0,https://youtu.be/rNUYdgIyaPM
167296,22002,194310.0,
167370,2094766,121856.0,https://youtu.be/vzWVVla8WWA
167380,1753383,381289.0,https://youtu.be/1jLOOCADTGs
167538,85937,87852.0,https://youtu.be/brIgFXDAiS0
167570,4635282,432192.0,
167634,3401882,345922.0,https://youtu.be/NXIzrcHduAw
167706,368264,146836.0,https://youtu.be/S2kr5wV_AiQ
167732,3606888,404378.0,https://youtu.be/ai3hleBXRpo
167746,4116284,324849.0,https://youtu.be/rGQUKzSDhrg
167772,122264,16487.0,https://youtu.be/olMsAy8HTUo
167790,5358714,417427.0,https://youtu.be/_87bA9LtWns
167854,6217368,423122.0,https://youtu.be/HpMx3e83cq4
168026,3067038,211387.0,
168090,5084196,362584.0,https://youtu.be/nOiEjQy-J7U
168144,822818,24439.0,
168174,6090102,432959.0,https://youtu.be/xD8X66rWiR0
168218,5084198,362585.0,https://youtu.be/4nTLr6Uf9Ug
168248,4425200,324552.0,https://youtu.be/LZrX9mffH8Y
168250,5052448,419430.0,https://youtu.be/gsB70ZRY-hI
168252,3315342,263115.0,https://youtu.be/XaE_9pfybL4
168254,3731562,293167.0,https://youtu.be/dBLdPIp-BuY
168266,2763304,180863.0,https://youtu.be/hIWJ-mhg7vE
168326,5462602,416477.0,https://youtu.be/cLM5DdUhkoM
168350,2990126,334532.0,https://youtu.be/FErEVqr3LUM
168358,79285,19761.0,https://youtu.be/a8wy3Qdu01M
168366,2771200,321612.0,
168418,3874544,295693.0,https://youtu.be/Ud8j5GaqH3c
168456,1753786,376003.0,https://youtu.be/o3RtiLBblcE
168492,5726616,398818.0,https://youtu.be/Z9AYPxH5NTM
168608,2396589,414425.0,https://youtu.be/vAZWhFI9lLQ
168612,1219827,315837.0,https://youtu.be/5XnptKCeaJE
168632,6184894,437752.0,https://youtu.be/cX7DKENY98U
168712,4465564,341174.0,https://youtu.be/TUnylyz5mqQ
168846,6438918,435351.0,https://youtu.be/kOM4g4Y300I
169034,5662106,394269.0,https://youtu.be/BB5zLq1zcdo
169180,4671002,381064.0,https://youtu.be/RfQkdIoDjQ8
169670,4255304,378018.0,https://youtu.be/IkmSNt4moNg
169904,109965,11795.0,https://youtu.be/z9i8ijFYIUo
169912,248752,26797.0,
169958,5173032,367147.0,https://youtu.be/nxKOMAfZjgM
169982,3717490,305470.0,https://youtu.be/oFkulzWMotY
169984,2316204,126889.0,https://youtu.be/svnAD0TApb8
169992,4158096,334521.0,https://youtu.be/iverhjhXlFM
170289,410650,9711.0,https://youtu.be/zfEd03oAWUQ
170297,803093,14611.0,https://youtu.be/gl4jsZcYt9k
170355,1619856,185789.0,
170357,6648926,444705.0,https://youtu.be/OaRBPXLgKyg
170399,493405,417644.0,https://youtu.be/NErwOWW7aCE
170401,1412528,353569.0,https://youtu.be/2BrKGHl5EXQ
170411,6649108,444706.0,https://youtu.be/OaRBPXLgKyg
170551,188503,74336.0,https://youtu.be/nSyJAuvzGcU
170597,219251,129229.0,
170697,4481414,400928.0,https://youtu.be/x7CAjpdRaXU
170705,185906,331214.0,
170777,216434,72215.0,
170813,1469304,339846.0,https://youtu.be/eyKOgnaf0BU
170817,2334871,373569.0,https://youtu.be/QcyeYFXdHNQ
170827,2345759,282035.0,https://youtu.be/s4C1gnqdrew
170837,200809,36968.0,
170875,4630562,337339.0,https://youtu.be/iVdIiOKBPkg
170897,5893332,419700.0,https://youtu.be/wBPBSroi_VE
170907,3762912,385805.0,https://youtu.be/epNmVLtpkZA
170937,3155328,397442.0,https://youtu.be/ScKPEIg62eI
170939,2091256,268531.0,https://youtu.be/zs2SrqLum1M
170945,4695012,418078.0,https://youtu.be/99reuiNZ8ys
170957,3606752,260514.0,https://youtu.be/ZuaseSovWDY
170993,425253,15314.0,https://youtu.be/y10Pt1tWoGw
171011,5491994,420714.0,
171023,5655222,425751.0,https://youtu.be/wcTQ9Ey-lY4
171251,6333064,430830.0,https://youtu.be/PHow1B32WZw
171495,81846,409926.0,
171631,6264596,455601.0,https://youtu.be/KPppxWCnlMM
171695,330829,20211.0,
171701,5129510,371859.0,https://youtu.be/BzfNF1t5DTk
171749,877057,419787.0,
171751,374887,19625.0,https://youtu.be/6lCGvu-hwX4
171759,5592248,399019.0,https://youtu.be/_r_FSRbuZ9Y
171763,3890160,339403.0,https://youtu.be/jGGptGEAo2U
171765,3967856,387426.0,https://youtu.be/8MWwXfzTcow
171811,3273632,256608.0,
171867,4799050,397422.0,https://youtu.be/oIB4jNYeRY4
171891,6263642,447818.0,https://youtu.be/Q8-oU2Fb5ro
171917,4471456,430423.0,
172013,3397160,391663.0,https://youtu.be/wCwEdhfxQDk
172215,105321,37022.0,https://youtu.be/vRNy6OCDRJM
172229,95875,55728.0,https://youtu.be/b6_u-wprPZE
172233,223954,44015.0,
172253,95730,38966.0,https://youtu.be/UPpSPotDGME
172321,422618,263029.0,
172461,6714534,448448.0,https://youtu.be/5IPyv4KgTAA
172497,117880,65595.0,
172547,3469046,324852.0,https://youtu.be/oagwBHoh6Rs
172577,219233,145760.0,
172583,3066856,213321.0,
172585,209074,72203.0,
172587,1315584,77759.0,
172589,1318414,77762.0,
172591,150742,364150.0,
172637,219263,74535.0,
172705,5494396,390319.0,https://youtu.be/YEQcD0b4v1s
172793,213309,160046.0,
172825,1259772,195065.0,
172875,366177,24660.0,
172881,350934,24357.0,
172887,368574,24914.0,
172909,201520,213313.0,
173145,3450958,281338.0,https://youtu.be/1TxqmlIv1Iw
173197,4995790,401246.0,https://youtu.be/EUzRjRv0Ib0
173205,5536736,396398.0,https://youtu.be/MYzFieit8dI
173209,4758646,354287.0,https://youtu.be/JIO_BFCf8fU
173235,6039532,433092.0,https://youtu.be/hM4uDZiiowU
173253,6822400,454361.0,https://youtu.be/QclTi3xNS-s
173255,6878486,456193.0,https://youtu.be/U0-jiWeRr9g
173291,2239822,339964.0,https://youtu.be/_shrCoqWh9k
173307,4464394,327253.0,https://youtu.be/qP7VjuDLAlo
173317,2626338,390410.0,https://youtu.be/jKbBLk5EX6Y
173351,1352408,165095.0,
173355,216126,193216.0,
173535,459945,406403.0,
173619,91093,30163.0,
173751,4447518,390587.0,https://youtu.be/ZQDlpAwUnwE
173873,115195,26787.0,
173925,1536537,406990.0,https://youtu.be/idZPTuwcMJA
173941,2406566,341013.0,https://youtu.be/yIUube1pSC0
173963,809951,6079.0,https://youtu.be/gdeOs02BXEk
174045,2417712,336890.0,https://youtu.be/eAdDciuOYqI
174053,3973198,374430.0,
174055,5013056,374720.0,https://youtu.be/T7O7BtBnsG4
174141,71203,64847.0,https://youtu.be/Yk3uqXCYe0Q
174403,6840134,461805.0,
174479,4289434,312174.0,
174551,862766,435041.0,
174681,6987652,460822.0,https://youtu.be/YPQL8RbwckU
174727,4846232,429200.0,https://youtu.be/upsR80YmwWc
174737,59049,37991.0,https://youtu.be/9IqjCh8-DPY
174815,4481514,345914.0,https://youtu.be/bp1-if1rJiM
174909,5439796,399170.0,https://youtu.be/ti46sNeNkBU
175197,1648190,353491.0,https://youtu.be/wZC5FoJ-cPU
175199,5140878,396422.0,https://youtu.be/EjZkJa6Z-SY
175293,146970,79701.0,
175303,1396484,346364.0,https://youtu.be/xKJmEC5ieOk
175387,251333,70061.0,
175397,487132,196649.0,
175401,882997,91673.0,
175431,1070753,72199.0,
175435,189195,79216.0,
175475,4877122,378236.0,https://youtu.be/Rd85FEdJfTw
175485,1241317,351460.0,https://youtu.be/gvxNaSIB_WI
175569,5362988,395834.0,https://youtu.be/E0qRHABxvfc
175577,7044010,461634.0,https://youtu.be/uftuhKxMxhY
175585,4633690,339692.0,https://youtu.be/8wAtS2RMkdA
175661,1959563,390043.0,https://youtu.be/s6SvOIbaulA
175693,5950978,412103.0,
175705,69369,7014.0,
175707,5135434,411516.0,
175743,6354108,433410.0,
175781,273646,28469.0,
176051,7158814,460135.0,https://youtu.be/1YDVbiKIeJ4
176101,4649466,343668.0,https://youtu.be/0fvqnGmr9S8
176329,6254796,466986.0,
176371,1856101,335984.0,https://youtu.be/geFtxCSz8xI
176389,3486626,335777.0,https://youtu.be/nYif5QTYI9w
176413,1835980,131244.0,
176415,3469518,258357.0,
176419,5109784,381283.0,https://youtu.be/I26TtPhtqqY
176423,6333060,432976.0,https://youtu.be/qXoRdSTrR-4
176579,4126568,420707.0,https://youtu.be/hS2-t77lDz8
176601,2492564,452830.0,
176621,1332537,77557.0,
176751,3532216,337170.0,https://youtu.be/AEBIJRAkujM
176805,5030402,390407.0,https://youtu.be/JPIQLjUByXU
176935,1981128,274855.0,https://youtu.be/w1QSI0CFEWU
177185,7164714,468366.0,https://youtu.be/Vz8-MGVDs2M
177285,5544384,413594.0,https://youtu.be/OLpT9BpznlM
177593,5027774,359940.0,https://youtu.be/nefD7UOhLCo
177615,4925292,391713.0,https://youtu.be/cNi_HC839Wo
177763,3402236,392044.0,https://youtu.be/z68frP9Q7XA
177765,2380307,354912.0,https://youtu.be/Rvr68u6k5sI
177939,6335734,430214.0,https://youtu.be/x4IROrwsR-Q
178061,5580036,389015.0,https://youtu.be/d2iy5y0YjGM
178111,6317962,431819.0,https://youtu.be/2o5Pb_tMzWQ
178129,1691448,103008.0,
178323,7291268,472424.0,https://youtu.be/IxI1iOi0t-c
178613,251654,16275.0,
178615,3185602,303854.0,https://youtu.be/Yd200BoZSPQ
178827,4468740,346648.0,https://youtu.be/07Um1PY_P4o
179053,7387408,475759.0,https://youtu.be/iC9vGEWvSsM
179073,57936,4835.0,
179119,4686844,402897.0,https://youtu.be/LiJ-0cjMD60
179133,3262342,339877.0,https://youtu.be/Gy0RVDM1sNA
179135,6769208,463612.0,
179211,7057376,480409.0,https://youtu.be/1NDyzCzg40E
179401,2283362,353486.0,https://youtu.be/v_TJKwJwN0E
179427,4129180,298718.0,
179491,4348012,429733.0,https://youtu.be/iJJGAInln0c
179511,4960934,337556.0,https://youtu.be/FvdQdjw-NT0
179709,5825380,429189.0,https://youtu.be/VFM0UqX9MJ8
179749,3654796,396493.0,https://youtu.be/l_0sBk50Qr0
179813,4778988,353575.0,https://youtu.be/zBX-SYq3v3c
179815,6000478,413362.0,https://youtu.be/CItEtnp3nPY
179817,4555426,399404.0,https://youtu.be/JQAYFbcgf60
179819,2527336,181808.0,https://youtu.be/Q0CbN8sfihY
179953,6359956,431530.0,https://youtu.be/NGewN1G988o
180031,5580390,399055.0,https://youtu.be/oRKnlUanptY
180045,4209788,396371.0,https://youtu.be/9v-pw0ZQRLY
180095,2543472,406997.0,https://youtu.be/ASAGdtAJPnU
180231,5657846,419680.0,https://youtu.be/hTKMUn87SxA
180263,118460,106035.0,
180265,7214762,469019.0,https://youtu.be/kB15UFO5ebA
180297,3521126,371638.0,https://youtu.be/sPSJYXi7BWA
180497,6294822,446354.0,https://youtu.be/nrXlY6gzTTM
180777,832879,363444.0,
180985,1485796,316029.0,https://youtu.be/KTNtpYQPlhE
180987,3411444,364689.0,https://youtu.be/n7RkOfN8KvE
181065,7539884,479269.0,https://youtu.be/GgTSEE5PGBs
181139,6892388,470616.0,https://youtu.be/o6bjjr51tGc
181315,5776858,400617.0,https://youtu.be/xNsiQMeSvMk
181413,7544820,482004.0,https://youtu.be/rNKL0Om5Muo
181659,7193448,490928.0,https://youtu.be/hYY_GOu79IE
181719,114395,49809.0,
182293,31405,152047.0,
182297,30604,128756.0,
182299,30608,188763.0,
182639,368575,24362.0,
182715,2798920,300668.0,https://youtu.be/89OP78l9oF0
182727,6881890,485517.0,
182731,393596,124117.0,https://youtu.be/Fbd7TT1yZ6E
182749,7738550,487156.0,https://youtu.be/jNFh1pKx-bg
182793,1467306,34220.0,https://youtu.be/q483zFA2GjU
182823,5519340,400106.0,https://youtu.be/MUY3GVByRUs
183011,1590193,399035.0,https://youtu.be/g1RMoMrr3SM
183197,7807952,488223.0,https://youtu.be/cZ5AmFo4vbY
183199,6149818,432987.0,https://youtu.be/kbSitiWAul0
183227,7808620,494368.0,https://youtu.be/r6TlioPZElk
183295,5726086,406563.0,https://youtu.be/acQyrwQyCOk
183301,92046,31615.0,
183317,95835,121870.0,
183611,2704998,445571.0,https://youtu.be/qmxMAdV6s4U
183635,4500922,336843.0,https://youtu.be/Ww1GiTIJF_Y
183897,5104604,399174.0,https://youtu.be/dt__kig8PVU
183911,5461956,422615.0,https://youtu.be/hFYwmBzqoac
183959,7379330,497520.0,https://youtu.be/kYYINJM3lPA
184015,5783956,433310.0,https://youtu.be/d2sJNee7FQ4
184053,1016024,17571.0,https://youtu.be/ioL87yU8glI
184245,78090,110775.0,
184253,2548396,384521.0,https://youtu.be/8brYvhEg5Aw
184257,5189670,502892.0,
184349,453047,22916.0,https://youtu.be/g39vTGrx3Ts
184471,1365519,338970.0,https://youtu.be/3KkhD0MnaJU
184641,5607028,426285.0,https://youtu.be/asTxh9kuEvE
184721,6053438,458737.0,https://youtu.be/81-yub7Om6E
184791,7924798,502616.0,https://youtu.be/GAhvJMcLShU
184931,1137450,395990.0,https://youtu.be/HzILu6yyA20
184987,1620680,407451.0,
184997,5164432,449176.0,https://youtu.be/E0cbWdlQg_8
185029,6644200,447332.0,https://youtu.be/rqEnM25BsNQ
185031,4244998,399360.0,https://youtu.be/uIxnTi4GmCo
185033,4547194,419831.0,https://youtu.be/n7Jg-eo8nBo
185135,1665071,500609.0,
185435,3317234,456750.0,https://youtu.be/u7ZHi_dDSnQ
185473,2531344,437557.0,https://youtu.be/RfFcaV5O7SU
185585,2557478,268896.0,https://youtu.be/8BAhwgjMvnM
186587,2231461,427641.0,https://youtu.be/-nEB0oCwgxI
187031,4881806,351286.0,https://youtu.be/1FJD7jZqZEk
187541,3606756,260513.0,https://youtu.be/i5qOzqD9Rms
187593,5463162,383498.0,https://youtu.be/20bpjtCbCz0
187595,3778644,348350.0,https://youtu.be/jPEYpryMp2s
187717,7681902,490003.0,https://youtu.be/EAwR54HrVW8
188189,5688932,424781.0,https://youtu.be/XeISaoQDh2g
188301,5095030,363088.0,https://youtu.be/UUkn-enk2RU
188675,6768578,483184.0,https://youtu.be/ewh0lBcEb2U
188751,6911608,458423.0,https://youtu.be/nd4cLL_MP7M
188797,2854926,455980.0,https://youtu.be/kjC1zmZo30U
188833,1318517,297725.0,https://youtu.be/v_pQ47SSTPk
189043,5686062,447682.0,https://youtu.be/xf6qk93WHf0
189111,5359048,525662.0,https://youtu.be/5gW4TLdyuVU
189333,4912910,353081.0,https://youtu.be/MEOOas3JZt0
189381,7690670,500475.0,https://youtu.be/MQIvV800Atk
189547,1665744,111196.0,https://youtu.be/x01zeWeIHIg
189713,7349662,487558.0,https://youtu.be/7tgMuagdEhc
190183,4073790,445651.0,https://youtu.be/L4YtUUk6lcg
190207,1680019,79159.0,https://youtu.be/UIDgk1WwABs
190209,7620650,487541.0,https://youtu.be/YZWtH24zo1M
190213,3977428,364002.0,
190215,7293380,479871.0,https://youtu.be/aGadgNDRomk
190219,179011,48610.0,
190221,3333182,460631.0,
191005,5805470,432985.0,
193565,1636780,71172.0,
193567,2323836,255413.0,https://youtu.be/BaZcfR5aEuI
193571,3110014,297825.0,
193573,3837248,333623.0,https://youtu.be/wF7e50V7AUA
193579,5342766,360617.0,
193581,5476944,432131.0,https://youtu.be/iGqRJGhH0LQ
193583,5914996,445030.0,https://youtu.be/0-KGvuSmdr0
193585,6397426,479308.0,https://youtu.be/9fbBot5ZRZc
193587,8391976,483455.0,https://youtu.be/6ySfGSAbNc0
193609,101726,37891.0,
